street,lane,alley,num,village,neighbor
三民路,,,91,三民里,2
三民路,,,93,三民里,2
三民路,95,,1,三民里,2
三民路,95,,2,三民里,3
三民路,95,,3,三民里,2
三民路,95,,4,三民里,3
三民路,95,,6,三民里,3
三民路,95,,8,三民里,3
三民路,95,,9,三民里,2
三民路,95,,10,三民里,3
三民路,95,,11,三民里,2
三民路,95,,12,三民里,3
三民路,95,,13,三民里,2
三民路,95,,15,三民里,2
三民路,95,,16,三民里,3
三民路,95,,17,三民里,2
三民路,95,,18,三民里,3
三民路,95,,19,三民里,2
三民路,95,,20,三民里,3
三民路,95,,21,三民里,2
三民路,95,,22,三民里,3
三民路,95,,23,三民里,2
三民路,95,,24,三民里,3
三民路,95,,25,三民里,2
三民路,95,,26,三民里,3
三民路,95,,27,三民里,2
三民路,95,,28,三民里,3
三民路,95,,29,三民里,2
三民路,95,,30,三民里,3
三民路,95,,31,三民里,2
三民路,95,,32,三民里,3
三民路,95,,33,三民里,2
三民路,95,,34,三民里,3
三民路,,,97,三民里,4
三民路,101,,1,三民里,4
三民路,101,,2之2,三民里,9
三民路,101,,2,三民里,9
三民路,101,,2之1,三民里,9
三民路,101,,2之3,三民里,9
三民路,101,,2之4,三民里,9
三民路,101,,3,三民里,4
三民路,101,,4之2,三民里,9
三民路,101,,4,三民里,9
三民路,101,,5,三民里,4
三民路,101,,6,三民里,9
三民路,101,,7,三民里,4
三民路,101,,8之5,三民里,9
三民路,101,,8,三民里,9
三民路,101,,8之3,三民里,9
三民路,101,,8之4,三民里,9
三民路,101,,8之2,三民里,9
三民路,101,,8之1,三民里,9
三民路,101,,9,三民里,4
三民路,101,,10,三民里,5
三民路,101,,11,三民里,4
三民路,101,,12,三民里,5
三民路,101,,14,三民里,5
三民路,101,,15,三民里,4
三民路,101,,16,三民里,5
三民路,101,,17,三民里,4
三民路,101,,18,三民里,5
三民路,101,,19,三民里,4
三民路,101,,20,三民里,5
三民路,101,,21,三民里,4
三民路,101,,22,三民里,5
三民路,101,,23,三民里,4
三民路,101,,24,三民里,5
三民路,101,,25,三民里,4
三民路,101,,26,三民里,5
三民路,101,,27,三民里,4
三民路,101,,28,三民里,5
三民路,101,,29,三民里,4
三民路,101,,30,三民里,5
三民路,101,,31,三民里,4
三民路,101,,32,三民里,5
三民路,101,,33,三民里,4
三民路,101,,34,三民里,5
三民路,107,,7,三民里,9
三民路,107,,9,三民里,6
三民路,107,,10,三民里,7
三民路,107,,11,三民里,6
三民路,107,,12,三民里,7
三民路,107,,13,三民里,6
三民路,107,,14,三民里,7
三民路,107,,15,三民里,6
三民路,107,,16,三民里,7
三民路,107,,17,三民里,6
三民路,107,,18,三民里,7
三民路,107,,19,三民里,6
三民路,107,,20,三民里,7
三民路,107,,21,三民里,6
三民路,107,,22,三民里,7
三民路,107,,23,三民里,6
三民路,107,,24,三民里,7
三民路,107,,25,三民里,6
三民路,107,,26,三民里,7
三民路,107,,27,三民里,6
三民路,107,,28,三民里,7
三民路,107,,29,三民里,6
三民路,107,,30,三民里,7
三民路,107,,31,三民里,6
三民路,107,,32,三民里,7
三民路,107,,33,三民里,6
三民路,107,,34,三民里,7
三民路,113,,1,三民里,9
三民路,113,,1之3,三民里,9
三民路,113,,1之2,三民里,9
三民路,113,,1之1,三民里,9
三民路,113,,2,三民里,16
三民路,113,,3之1,三民里,9
三民路,113,,3,三民里,9
三民路,113,,3之2,三民里,9
三民路,113,,4,三民里,16
三民路,113,,5之2,三民里,9
三民路,113,,5之3,三民里,9
三民路,113,,5,三民里,9
三民路,113,,5之4,三民里,9
三民路,113,,6,三民里,15
三民路,113,,7之1,三民里,9
三民路,113,,7,三民里,9
三民路,113,,7之2,三民里,9
三民路,113,,7之4,三民里,9
三民路,113,,7之3,三民里,9
三民路,113,,8,三民里,15
三民路,113,,9,三民里,8
三民路,113,,9之1,三民里,8
三民路,113,,10,三民里,10
三民路,113,,11,三民里,8
三民路,113,,12,三民里,10
三民路,113,,13,三民里,8
三民路,113,,15,三民里,8
三民路,113,,15之1,三民里,8
三民路,113,,16,三民里,10
三民路,113,,17,三民里,8
三民路,113,,18,三民里,10
三民路,113,,19,三民里,8
三民路,113,,20,三民里,10
三民路,113,,20之1,三民里,10
三民路,113,,20之2,三民里,10
三民路,113,,20之3,三民里,10
三民路,113,,21,三民里,8
三民路,113,,22,三民里,10
三民路,113,,22之3,三民里,10
三民路,113,,22之2,三民里,10
三民路,113,,22之1,三民里,10
三民路,113,,23,三民里,8
三民路,113,,25,三民里,8
三民路,113,,27,三民里,8
三民路,113,,29,三民里,8
三民路,113,,31,三民里,8
三民路,113,,33,三民里,8
三民路,,,115,三民里,16
三民路,,,117,三民里,16
三民路,,,131,三民里,24
三民路,,,133,三民里,24
三民路,,,135,三民里,25
三民路,,,137,三民里,25
三民路,,,139,三民里,26
三民路,,,141,三民里,26
三民路,,,143,三民里,27
三民路,,,145,三民里,27
三民路,,,147,三民里,29
三民路,,,149,三民里,29
三民路,,,151,三民里,29
三民路,,,153,三民里,29
三民路,155,,1,三民里,30
三民路,155,,2,三民里,29
三民路,155,,3,三民里,30
三民路,155,,4,三民里,29
三民路,155,,5,三民里,30
三民路,155,,6,三民里,29
三民路,155,,7,三民里,30
三民路,155,,8,三民里,29
三民路,155,,9,三民里,31
三民路,155,,10,三民里,29
三民路,155,,11,三民里,31
三民路,155,,12,三民里,29
三民路,155,,13,三民里,31
三民路,155,,14,三民里,29
三民路,155,,15,三民里,31
三民路,155,,16,三民里,29
三民路,155,,17,三民里,31
三民路,155,,18,三民里,29
三民路,155,,19,三民里,31
三民路,155,,20,三民里,29
三民路,155,,21,三民里,31
三民路,155,,22,三民里,29
三民路,155,,23,三民里,31
三民路,155,,24,三民里,29
三民路,155,,25,三民里,31
三民路,155,,26,三民里,29
三民路,155,,27,三民里,31
三民路,155,,28,三民里,29
三民路,155,,29,三民里,31
三民路,155,,30,三民里,29
三民路,155,,31,三民里,31
三民路,155,,32,三民里,29
三民路,,,157,三民里,30
三民路,,,159,三民里,30
三民路,161,,1,三民里,30
三民路,161,,2,三民里,30
三民路,161,,3,三民里,30
三民路,161,,4,三民里,30
三民路,161,,5,三民里,30
三民路,161,,6,三民里,30
三民路,161,,7,三民里,30
三民路,161,,8,三民里,30
三民路,,,163,三民里,30
三民路,,,165,三民里,30
三民路,167,,2,三民里,30
三民路,167,,4,三民里,30
三民路,167,,6,三民里,30
三民路,167,,8,三民里,30
三民路,167,,10,三民里,30
三民路,167,,12,三民里,32
三民路,167,,14,三民里,32
三民路,167,,16,三民里,32
三民路,167,,18,三民里,32
三民路,167,,20,三民里,32
三民路,167,,22,三民里,32
三民路,167,,24,三民里,32
三民路,167,,26,三民里,32
三民路,167,,28,三民里,32
三民路,167,,30,三民里,32
三民路,167,,32,三民里,32
三民路,167,,34,三民里,32
民生東路五段,137,,2之2,三民里,17
民生東路五段,137,,2之5,三民里,17
民生東路五段,137,,2之4,三民里,17
民生東路五段,137,,2之3,三民里,17
民生東路五段,137,,2,三民里,17
民生東路五段,137,,2之1,三民里,17
民生東路五段,137,,2之6,三民里,17
民生東路五段,137,2,3,三民里,17
民生東路五段,137,2,5,三民里,17
民生東路五段,137,4,1,三民里,24
民生東路五段,137,4,2,三民里,17
民生東路五段,137,4,3,三民里,24
民生東路五段,137,4,4,三民里,17
民生東路五段,137,4,5,三民里,24
民生東路五段,137,4,6,三民里,17
民生東路五段,137,4,7,三民里,24
民生東路五段,137,4,8,三民里,19
民生東路五段,137,4,9,三民里,24
民生東路五段,137,4,10,三民里,19
民生東路五段,137,4,11,三民里,24
民生東路五段,137,4,12,三民里,19
民生東路五段,137,4,14,三民里,19
民生東路五段,137,4,15,三民里,24
民生東路五段,137,4,16,三民里,19
民生東路五段,137,4,17,三民里,24
民生東路五段,137,4,18,三民里,19
民生東路五段,137,4,19,三民里,24
民生東路五段,137,4,20,三民里,19
民生東路五段,137,4,21,三民里,24
民生東路五段,137,4,22,三民里,19
民生東路五段,137,4,23,三民里,24
民生東路五段,137,4,25,三民里,24
民生東路五段,137,4,27,三民里,24
民生東路五段,137,4,29,三民里,24
民生東路五段,137,4,31,三民里,24
民生東路五段,137,4,33,三民里,24
民生東路五段,137,4,35,三民里,24
民生東路五段,137,4,37,三民里,24
民生東路五段,137,4,39,三民里,24
民生東路五段,137,6,1之1,三民里,26
民生東路五段,137,6,1,三民里,26
民生東路五段,137,6,2,三民里,25
民生東路五段,137,6,3之1,三民里,26
民生東路五段,137,6,3,三民里,26
民生東路五段,137,6,4,三民里,25
民生東路五段,137,6,5,三民里,26
民生東路五段,137,6,6,三民里,25
民生東路五段,137,6,7,三民里,26
民生東路五段,137,6,8,三民里,25
民生東路五段,137,6,10,三民里,25
民生東路五段,137,6,11,三民里,26
民生東路五段,137,6,13,三民里,26
民生東路五段,137,6,15,三民里,26
民生東路五段,137,6,16,三民里,25
民生東路五段,137,6,17,三民里,26
民生東路五段,137,6,18,三民里,25
民生東路五段,137,6,19,三民里,26
民生東路五段,137,6,20,三民里,25
民生東路五段,137,6,21,三民里,26
民生東路五段,137,6,22,三民里,25
民生東路五段,137,6,23,三民里,26
民生東路五段,137,6,24,三民里,25
民生東路五段,137,6,25,三民里,26
民生東路五段,137,6,26,三民里,25
民生東路五段,137,6,27,三民里,26
民生東路五段,137,6,28,三民里,25
民生東路五段,137,6,29,三民里,26
民生東路五段,137,6,30,三民里,25
民生東路五段,137,6,31,三民里,26
民生東路五段,137,6,32,三民里,25
民生東路五段,137,6,33,三民里,26
民生東路五段,137,6,34,三民里,25
民生東路五段,137,6,35,三民里,26
民生東路五段,137,6,36,三民里,25
民生東路五段,137,6,37,三民里,26
民生東路五段,137,6,38,三民里,25
民生東路五段,137,6,39,三民里,26
民生東路五段,137,6,41,三民里,26
民生東路五段,137,6,43,三民里,26
民生東路五段,137,6,45,三民里,26
民生東路五段,138,,1,三民里,11
民生東路五段,138,,3,三民里,11
民生東路五段,138,,5,三民里,11
民生東路五段,138,,7,三民里,12
民生東路五段,138,,9,三民里,12
民生東路五段,138,,11,三民里,12
民生東路五段,138,,13,三民里,12
民生東路五段,138,,15,三民里,5
民生東路五段,138,,17,三民里,2
民生東路五段,,,139,三民里,17
民生東路五段,,,140,三民里,11
民生東路五段,,,141,三民里,17
民生東路五段,,,142,三民里,11
民生東路五段,,,143,三民里,18
民生東路五段,,,143之1,三民里,18
民生東路五段,144,,2,三民里,11
民生東路五段,144,,4,三民里,11
民生東路五段,144,,6,三民里,11
民生東路五段,144,,8,三民里,11
民生東路五段,144,,10,三民里,12
民生東路五段,144,,12,三民里,12
民生東路五段,144,,14,三民里,12
民生東路五段,144,,16,三民里,12
民生東路五段,,,145,三民里,18
民生東路五段,,,146之3,三民里,13
民生東路五段,,,146,三民里,13
民生東路五段,,,146之2,三民里,13
民生東路五段,,,146之1,三民里,13
民生東路五段,,,147,三民里,18
民生東路五段,,,148,三民里,13
民生東路五段,,,148之1,三民里,13
民生東路五段,,,148之3,三民里,13
民生東路五段,,,148之2,三民里,13
民生東路五段,,,149,三民里,18
民生東路五段,,,150之1,三民里,13
民生東路五段,,,150,三民里,13
民生東路五段,,,151之10,三民里,20
民生東路五段,,,151之11,三民里,20
民生東路五段,,,151之1,三民里,20
民生東路五段,,,151之13,三民里,20
民生東路五段,,,151之2,三民里,20
民生東路五段,,,151之15,三民里,20
民生東路五段,,,151之3,三民里,20
民生東路五段,,,151之16,三民里,20
民生東路五段,,,151,三民里,21
民生東路五段,,,151之12,三民里,20
民生東路五段,,,151之4,三民里,20
民生東路五段,,,151之14,三民里,20
民生東路五段,,,151之9,三民里,20
民生東路五段,,,151之5,三民里,20
民生東路五段,,,151之8,三民里,20
民生東路五段,,,151之6,三民里,20
民生東路五段,,,151之7,三民里,20
民生東路五段,,,152,三民里,14
民生東路五段,,,153之10,三民里,22
民生東路五段,,,153之16,三民里,22
民生東路五段,,,153之2,三民里,22
民生東路五段,,,153之1,三民里,22
民生東路五段,,,153之12,三民里,22
民生東路五段,,,153之4,三民里,22
民生東路五段,,,153之11,三民里,22
民生東路五段,,,153之15,三民里,22
民生東路五段,,,153之14,三民里,22
民生東路五段,,,153之3,三民里,22
民生東路五段,,,153之13,三民里,22
民生東路五段,,,153,三民里,23
民生東路五段,,,153之5,三民里,22
民生東路五段,,,153之8,三民里,22
民生東路五段,,,153之7,三民里,22
民生東路五段,,,153之6,三民里,22
民生東路五段,,,153之9,三民里,22
民生東路五段,,,154,三民里,14
民生東路五段,,,155,三民里,18
民生東路五段,,,156,三民里,14
民生東路五段,,,157,三民里,18
民生東路五段,,,158,三民里,14
民生東路五段,,,159,三民里,18
民生東路五段,,,160,三民里,14
民生東路五段,,,161,三民里,18
民生東路五段,,,162,三民里,14
民生東路五段,,,163,三民里,18
民生東路五段,,,163之1,三民里,24
民生東路五段,,,164,三民里,15
民生東路五段,,,166,三民里,15
民生東路五段,,,168,三民里,15
民生東路五段,,,170,三民里,15
民生東路五段,,,172,三民里,15
民生東路五段,,,174,三民里,15
民生東路五段,,,176,三民里,16
民生東路五段,,,178,三民里,16
民生東路五段,,,180,三民里,16
民生東路五段,,,182,三民里,16
民權東路四段,,,200,三民里,30
延壽街,,,143之1,三民里,1
延壽街,,,145,三民里,1
延壽街,,,147,三民里,1
延壽街,,,151,三民里,1
延壽街,,,153,三民里,1
延壽街,,,155,三民里,1
延壽街,,,157,三民里,1
延壽街,,,159,三民里,1
延壽街,,,161,三民里,1
延壽街,,,163,三民里,1
延壽街,,,165,三民里,1
延壽街,,,167,三民里,1
延壽街,,,169,三民里,1
延壽街,,,171,三民里,1
延壽街,,,173,三民里,1
延壽街,,,175,三民里,1
富錦街,429,,2,三民里,29
富錦街,,,442之1,三民里,27
富錦街,,,442之3,三民里,27
富錦街,,,442之2,三民里,27
富錦街,,,446,三民里,27
富錦街,,,446之1,三民里,27
富錦街,,,447,三民里,28
富錦街,,,448,三民里,27
富錦街,,,448之1,三民里,27
富錦街,,,449,三民里,28
富錦街,,,450,三民里,27
富錦街,,,451,三民里,28
富錦街,,,453,三民里,28
富錦街,,,454,三民里,27
富錦街,,,455,三民里,28
富錦街,,,456,三民里,27
富錦街,,,457,三民里,28
富錦街,,,458,三民里,27
富錦街,,,459,三民里,28
富錦街,,,460,三民里,27
富錦街,,,461,三民里,28
富錦街,,,462,三民里,27
富錦街,,,463,三民里,28
富錦街,,,464,三民里,27
富錦街,,,465,三民里,28
富錦街,,,466,三民里,27
富錦街,,,467,三民里,28
富錦街,,,468,三民里,27
富錦街,,,469,三民里,28
富錦街,,,470,三民里,27
富錦街,,,471,三民里,28
富錦街,,,472,三民里,27
富錦街,,,473,三民里,28
富錦街,,,474,三民里,27
富錦街,,,475,三民里,28
富錦街,,,476,三民里,27
富錦街,,,477,三民里,28
富錦街,,,478,三民里,27
富錦街,,,479,三民里,28
富錦街,,,480,三民里,27
富錦街,,,481,三民里,28
富錦街,,,482,三民里,27
富錦街,,,484,三民里,27
八德路二段,,,367,中正里,1
八德路二段,,,369,中正里,1
八德路二段,,,371,中正里,1
八德路二段,,,373,中正里,1
八德路二段,,,375,中正里,1
八德路二段,,,377,中正里,1
八德路二段,,,379,中正里,1
八德路二段,,,381,中正里,1
八德路二段,,,383,中正里,1
八德路二段,,,385,中正里,1
八德路二段,,,387,中正里,1
八德路二段,,,391,中正里,2
八德路二段,,,393,中正里,2
八德路二段,,,395,中正里,2
八德路二段,,,397,中正里,2
八德路二段,,,399,中正里,2
八德路二段,,,429,中正里,2
八德路二段,,,431,中正里,2
八德路二段,,,435,中正里,2
八德路二段,437,1,1,中正里,3
八德路二段,437,1,2,中正里,3
八德路二段,437,1,3,中正里,3
八德路二段,437,1,4,中正里,3
八德路二段,437,1,5,中正里,3
八德路二段,437,1,6,中正里,3
八德路二段,437,1,7,中正里,3
八德路二段,437,1,8,中正里,3
八德路二段,437,1,9,中正里,3
八德路二段,437,1,10,中正里,3
八德路二段,437,1,11,中正里,3
八德路二段,437,1,12,中正里,3
八德路二段,437,1,13,中正里,3
八德路二段,437,2,1,中正里,4
八德路二段,437,2,2,中正里,4
八德路二段,437,2,2之1,中正里,4
八德路二段,437,2,2之2,中正里,4
八德路二段,437,2,3,中正里,4
八德路二段,437,2,5,中正里,4
八德路二段,437,2,6,中正里,4
八德路二段,437,2,7,中正里,4
八德路二段,437,2,8,中正里,4
八德路二段,437,2,9,中正里,4
八德路二段,437,2,10,中正里,4
八德路二段,437,2,11,中正里,4
八德路二段,437,2,12,中正里,4
八德路二段,437,2,14,中正里,4
八德路二段,437,2,16,中正里,4
八德路二段,437,6,1,中正里,4
八德路二段,437,6,2,中正里,6
八德路二段,437,6,3,中正里,4
八德路二段,437,6,4,中正里,6
八德路二段,437,6,5,中正里,4
八德路二段,437,6,6,中正里,6
八德路二段,437,6,7之2,中正里,4
八德路二段,437,6,7,中正里,4
八德路二段,437,6,7之1,中正里,4
八德路二段,437,6,8,中正里,6
八德路二段,437,6,10,中正里,6
八德路二段,437,6,12,中正里,6
八德路二段,437,6,14,中正里,6
八德路二段,437,6,16,中正里,6
八德路二段,437,6,18,中正里,6
八德路二段,437,6,20,中正里,6
八德路二段,437,6,22,中正里,6
八德路二段,437,7,1,中正里,5
八德路二段,437,7,2,中正里,5
八德路二段,437,7,3,中正里,5
八德路二段,437,7,4,中正里,5
八德路二段,437,7,6,中正里,5
八德路二段,437,7,8,中正里,5
八德路二段,437,7,10,中正里,5
八德路二段,437,,8,中正里,7
八德路二段,437,8,13,中正里,4
八德路二段,437,8,15,中正里,4
八德路二段,437,10,1,中正里,7
八德路二段,437,10,2,中正里,5
八德路二段,437,10,3,中正里,7
八德路二段,437,10,4,中正里,5
八德路二段,437,10,5,中正里,7
八德路二段,437,10,6,中正里,5
八德路二段,437,10,7,中正里,7
八德路二段,437,10,8,中正里,8
八德路二段,437,10,9,中正里,7
八德路二段,437,10,10,中正里,8
八德路二段,437,10,10之1,中正里,8
八德路二段,437,10,11,中正里,7
八德路二段,437,10,12,中正里,8
八德路二段,437,10,13,中正里,7
八德路二段,437,10,14,中正里,8
八德路二段,437,10,15,中正里,7
八德路二段,437,10,16,中正里,8
八德路二段,437,10,17,中正里,7
八德路二段,437,10,19,中正里,7
八德路二段,437,10,20,中正里,8
八德路二段,437,10,20之1,中正里,8
八德路二段,437,10,20之2,中正里,8
八德路二段,437,10,20之3,中正里,8
八德路二段,437,10,20之4,中正里,8
八德路二段,437,10,20之5,中正里,8
八德路二段,437,10,20之6,中正里,8
八德路二段,437,10,20之7,中正里,8
八德路二段,437,10,21,中正里,7
八德路二段,437,10,23之1,中正里,7
八德路二段,437,10,23,中正里,7
八德路二段,,,439,中正里,2
八德路二段,,,441,中正里,2
八德路二段,,,447,中正里,2
八德路二段,,,447之1,中正里,2
八德路二段,,,449,中正里,2
八德路二段,451,,1,中正里,3
長安東路二段,,,215之2,中正里,13
長安東路二段,,,215,中正里,13
長安東路二段,,,215之1,中正里,13
長安東路二段,,,219,中正里,12
長安東路二段,,,219之2,中正里,12
長安東路二段,,,219之1,中正里,12
長安東路二段,,,225,中正里,12
長安東路二段,,,225之1,中正里,12
長安東路二段,,,225之2,中正里,12
長安東路二段,,,229,中正里,12
長安東路二段,,,259,中正里,15
長安東路二段,,,270,中正里,1
長安東路二段,,,272,中正里,1
長安東路二段,,,276,中正里,1
長安東路二段,,,278,中正里,1
長安東路二段,,,282,中正里,1
長安東路二段,,,286,中正里,1
長安東路二段,,,290,中正里,1
長安東路二段,,,292,中正里,1
長安東路二段,,,294,中正里,1
長春路,,,420,中正里,30
長春路,,,420之1,中正里,30
長春路,,,422,中正里,30
長春路,,,424,中正里,30
長春路,,,426之1,中正里,30
長春路,,,426,中正里,30
長春路,,,432,中正里,30
長春路,,,436,中正里,30
長春路,,,438,中正里,30
長春路,,,440,中正里,30
長春路,,,442,中正里,30
長春路,,,442之2,中正里,30
長春路,,,442之3,中正里,30
長春路,,,442之1,中正里,30
長春路,,,442之5,中正里,30
長春路,,,446,中正里,30
長春路,,,448,中正里,30
長春路,,,450,中正里,30
長春路,,,452,中正里,30
長春路,,,454,中正里,30
長春路,,,470,中正里,29
長春路,,,472,中正里,29
長春路,,,474,中正里,29
長春路,,,476,中正里,29
長春路,,,478,中正里,29
長春路,,,480,中正里,29
長春路,,,482,中正里,29
長春路,,,484之1,中正里,29
長春路,,,484,中正里,29
長春路,,,490之1,中正里,29
長春路,,,490,中正里,29
長春路,,,492,中正里,29
長春路,,,494,中正里,29
長春路,,,496,中正里,29
長春路,,,498之1,中正里,29
長春路,,,498,中正里,29
長春路,,,500,中正里,29
長春路,,,502,中正里,29
長春路,,,504,中正里,29
長春路,,,506,中正里,29
長春路,,,508,中正里,29
南京東路三段,,,248之1,中正里,21
南京東路三段,,,248,中正里,21
南京東路三段,,,250,中正里,21
南京東路三段,,,253,中正里,26
南京東路三段,,,255,中正里,26
南京東路三段,256,,11,中正里,20
南京東路三段,256,,12,中正里,21
南京東路三段,256,,13,中正里,20
南京東路三段,256,,15,中正里,20
南京東路三段,256,,16,中正里,20
南京東路三段,256,,17,中正里,20
南京東路三段,256,,18,中正里,19
南京東路三段,256,,19,中正里,20
南京東路三段,256,20,1,中正里,20
南京東路三段,256,20,2,中正里,19
南京東路三段,256,20,3,中正里,20
南京東路三段,256,20,4,中正里,19
南京東路三段,256,20,5,中正里,20
南京東路三段,256,20,6,中正里,19
南京東路三段,256,20,7,中正里,20
南京東路三段,256,20,8,中正里,19
南京東路三段,256,20,9,中正里,20
南京東路三段,256,20,10,中正里,19
南京東路三段,256,20,11之2,中正里,20
南京東路三段,256,20,11之1,中正里,20
南京東路三段,256,20,11,中正里,20
南京東路三段,256,20,11之3,中正里,20
南京東路三段,256,20,12,中正里,19
南京東路三段,256,20,13,中正里,21
南京東路三段,256,20,14,中正里,19
南京東路三段,256,20,16,中正里,19
南京東路三段,256,20,18,中正里,19
南京東路三段,256,20,20,中正里,19
南京東路三段,256,20,22,中正里,19
南京東路三段,256,,21,中正里,20
南京東路三段,256,,22,中正里,19
南京東路三段,256,,23,中正里,20
南京東路三段,256,,24,中正里,19
南京東路三段,256,,25,中正里,20
南京東路三段,256,,27,中正里,20
南京東路三段,256,28,1,中正里,15
南京東路三段,256,28,3,中正里,15
南京東路三段,256,28,5,中正里,15
南京東路三段,256,28,7,中正里,15
南京東路三段,256,28,9,中正里,15
南京東路三段,256,28,11,中正里,15
南京東路三段,256,28,13,中正里,15
南京東路三段,256,28,15,中正里,15
南京東路三段,256,28,17,中正里,15
南京東路三段,256,28,19,中正里,15
南京東路三段,256,28,21,中正里,15
南京東路三段,256,,39,中正里,16
南京東路三段,256,,41,中正里,16
南京東路三段,256,,43,中正里,16
南京東路三段,256,,45,中正里,16
南京東路三段,256,,46,中正里,12
南京東路三段,256,,47,中正里,16
南京東路三段,256,,48,中正里,12
南京東路三段,256,,49,中正里,16
南京東路三段,256,,50,中正里,12
南京東路三段,256,,51,中正里,16
南京東路三段,256,,52,中正里,12
南京東路三段,256,,53,中正里,13
南京東路三段,256,,54,中正里,12
南京東路三段,256,,55,中正里,13
南京東路三段,256,,57,中正里,13
南京東路三段,256,,59,中正里,13
南京東路三段,,,258,中正里,21
南京東路三段,,,259,中正里,26
南京東路三段,,,260,中正里,21
南京東路三段,,,261,中正里,26
南京東路三段,,,261之2,中正里,26
南京東路三段,,,261之1,中正里,26
南京東路三段,,,262,中正里,21
南京東路三段,,,268,中正里,21
南京東路三段,269,,6之4,中正里,26
南京東路三段,269,,6,中正里,26
南京東路三段,269,,6之1,中正里,26
南京東路三段,269,,6之5,中正里,26
南京東路三段,269,,6之3,中正里,26
南京東路三段,269,,6之9,中正里,26
南京東路三段,269,,6之6,中正里,26
南京東路三段,269,,6之7,中正里,26
南京東路三段,269,,6之8,中正里,26
南京東路三段,,,270,中正里,21
南京東路三段,,,272,中正里,21
南京東路三段,,,275,中正里,26
南京東路三段,,,276,中正里,21
南京東路三段,,,278,中正里,21
南京東路三段,282,,16,中正里,21
南京東路三段,,,285,中正里,26
南京東路三段,,,287,中正里,26
南京東路三段,,,289,中正里,26
南京東路三段,,,300,中正里,11
南京東路三段,,,301,中正里,26
南京東路三段,303,3,2,中正里,26
南京東路三段,303,3,4,中正里,26
南京東路三段,303,3,6,中正里,26
南京東路三段,303,3,8,中正里,26
南京東路三段,303,,5,中正里,26
南京東路三段,303,6,1,中正里,24
南京東路三段,303,6,1之2,中正里,24
南京東路三段,303,6,1之1,中正里,24
南京東路三段,303,6,5,中正里,24
南京東路三段,303,6,7,中正里,24
南京東路三段,303,6,8,中正里,24
南京東路三段,303,6,9,中正里,24
南京東路三段,303,6,10,中正里,24
南京東路三段,303,6,11,中正里,24
南京東路三段,303,7,1之1,中正里,25
南京東路三段,303,7,1,中正里,25
南京東路三段,303,7,5,中正里,25
南京東路三段,303,7,7,中正里,25
南京東路三段,303,8,1,中正里,24
南京東路三段,303,8,3,中正里,24
南京東路三段,303,8,4,中正里,24
南京東路三段,303,8,4之1,中正里,24
南京東路三段,303,8,5,中正里,24
南京東路三段,303,8,6,中正里,24
南京東路三段,303,8,7,中正里,24
南京東路三段,303,,8之1,中正里,24
南京東路三段,303,8,8,中正里,24
南京東路三段,303,8,9,中正里,24
南京東路三段,303,8,11,中正里,24
南京東路三段,303,,10,中正里,23
南京東路三段,303,,12,中正里,23
南京東路三段,303,14,1,中正里,23
南京東路三段,303,14,2,中正里,23
南京東路三段,303,14,3,中正里,23
南京東路三段,303,14,4,中正里,23
南京東路三段,303,14,5,中正里,23
南京東路三段,303,14,6,中正里,33
南京東路三段,303,14,6之1,中正里,33
南京東路三段,303,14,7,中正里,23
南京東路三段,303,14,8,中正里,33
南京東路三段,303,14,8之1,中正里,33
南京東路三段,303,14,9,中正里,23
南京東路三段,303,14,11,中正里,23
南京東路三段,303,14,13,中正里,23
南京東路三段,303,,16,中正里,22
南京東路三段,303,,18,中正里,22
南京東路三段,303,,18之1,中正里,22
南京東路三段,303,,20,中正里,22
南京東路三段,303,,22,中正里,22
南京東路三段,303,,24,中正里,22
南京東路三段,,,305之1,中正里,24
南京東路三段,,,305,中正里,24
南京東路三段,,,309,中正里,24
南京東路三段,,,311,中正里,24
南京東路三段,,,331,中正里,24
南京東路三段,,,333,中正里,24
南京東路三段,335,,5之10,中正里,33
南京東路三段,335,,5之3,中正里,33
南京東路三段,335,,5之11,中正里,33
南京東路三段,335,,5之2,中正里,33
南京東路三段,335,,5之4,中正里,33
南京東路三段,335,,5之1,中正里,33
南京東路三段,335,,5之12,中正里,33
南京東路三段,335,,5,中正里,33
南京東路三段,335,,5之8,中正里,33
南京東路三段,335,,5之5,中正里,33
南京東路三段,335,,5之6,中正里,33
南京東路三段,335,,5之7,中正里,33
南京東路三段,335,,5之9,中正里,33
南京東路三段,335,,7,中正里,24
南京東路三段,335,,9,中正里,33
南京東路三段,335,,13之1,中正里,33
南京東路三段,335,,13,中正里,33
南京東路三段,335,,15,中正里,33
南京東路三段,335,,17,中正里,33
南京東路三段,335,,17之1,中正里,33
南京東路三段,335,,19,中正里,33
南京東路三段,335,,19之1,中正里,33
南京東路三段,335,,21,中正里,34
南京東路三段,335,,21之1,中正里,34
南京東路三段,335,,21之2,中正里,34
南京東路三段,335,,21之4,中正里,34
南京東路三段,335,,21之3,中正里,34
南京東路三段,335,,21之11,中正里,34
南京東路三段,335,,21之13,中正里,34
南京東路三段,335,,21之12,中正里,34
南京東路三段,335,,21之10,中正里,34
南京東路三段,335,,21之7,中正里,34
南京東路三段,335,,21之5,中正里,34
南京東路三段,335,,21之9,中正里,34
南京東路三段,335,,21之8,中正里,34
南京東路三段,335,,21之6,中正里,34
南京東路三段,335,,23之4,中正里,34
南京東路三段,335,,23之10,中正里,34
南京東路三段,335,,23之1,中正里,34
南京東路三段,335,,23之12,中正里,34
南京東路三段,335,,23之11,中正里,34
南京東路三段,335,,23之3,中正里,34
南京東路三段,335,,23之2,中正里,34
南京東路三段,335,,23,中正里,34
南京東路三段,335,,23之13,中正里,34
南京東路三段,335,,23之6,中正里,34
南京東路三段,335,,23之9,中正里,34
南京東路三段,335,,23之7,中正里,34
南京東路三段,335,,23之8,中正里,34
南京東路三段,335,,23之5,中正里,34
南京東路三段,,,337,中正里,24
南京東路三段,338,,1,中正里,11
南京東路三段,338,,3,中正里,11
南京東路三段,338,,5,中正里,11
南京東路三段,,,340之1,中正里,11
南京東路三段,,,340,中正里,11
南京東路三段,,,342,中正里,11
南京東路三段,,,342之1,中正里,11
南京東路三段,,,344,中正里,11
南京東路三段,,,346,中正里,11
南京東路三段,,,348,中正里,11
復興北路,,,1,中正里,1
復興北路,,,3,中正里,1
復興北路,,,15,中正里,14
復興北路,,,15之4,中正里,14
復興北路,,,15之2,中正里,14
復興北路,,,15之1,中正里,14
復興北路,,,15之3,中正里,14
復興北路,,,15之5,中正里,14
復興北路,,,15之7,中正里,14
復興北路,,,15之6,中正里,14
復興北路,,,31,中正里,16
復興北路,,,33,中正里,16
復興北路,,,35,中正里,16
復興北路,,,55,中正里,20
復興北路,,,57之1,中正里,20
復興北路,,,57,中正里,20
復興北路,,,59,中正里,20
復興北路,,,69,中正里,20
復興北路,,,73,中正里,20
復興北路,81,,6,中正里,20
復興北路,81,,18,中正里,21
復興北路,81,,20,中正里,21
復興北路,81,,22,中正里,21
復興北路,81,,24,中正里,21
復興北路,81,,25,中正里,21
復興北路,81,,26,中正里,21
復興北路,81,,27,中正里,21
復興北路,81,,28,中正里,21
復興北路,81,,29,中正里,21
復興北路,81,,30,中正里,21
復興北路,81,,31,中正里,21
復興北路,81,,32,中正里,21
復興北路,81,,33,中正里,21
復興北路,81,,34,中正里,21
復興北路,81,,35,中正里,21
復興北路,,,97,中正里,31
復興北路,,,99,中正里,31
復興北路,,,101,中正里,31
復興北路,141,,4,中正里,32
復興北路,141,6,1,中正里,32
復興北路,141,6,6,中正里,32
復興北路,141,6,7,中正里,32
復興北路,141,6,9,中正里,32
復興北路,141,6,10,中正里,32
復興北路,141,6,15,中正里,32
復興北路,141,6,17,中正里,32
復興北路,,,143,中正里,32
復興北路,,,145,中正里,32
復興北路,,,147,中正里,32
復興北路,,,167,中正里,32
復興北路,,,169,中正里,32
復興北路,,,179,中正里,32
敦化北路,,,2,中正里,10
敦化北路,4,,1,中正里,9
敦化北路,4,,3,中正里,9
敦化北路,4,,5,中正里,9
敦化北路,4,,7,中正里,9
敦化北路,4,,9,中正里,9
敦化北路,4,,11,中正里,9
敦化北路,4,,13,中正里,9
敦化北路,4,,14,中正里,10
敦化北路,4,,15,中正里,9
敦化北路,4,,16,中正里,10
敦化北路,4,,17,中正里,9
敦化北路,4,,19,中正里,9
敦化北路,4,,21,中正里,9
敦化北路,4,25,1,中正里,8
敦化北路,4,25,3,中正里,8
敦化北路,4,25,5,中正里,8
敦化北路,4,25,7,中正里,8
敦化北路,4,25,9,中正里,8
敦化北路,4,25,16,中正里,8
敦化北路,4,25,18,中正里,8
敦化北路,4,,31之2,中正里,17
敦化北路,4,,31之18,中正里,17
敦化北路,4,,31之14,中正里,17
敦化北路,4,,31之16,中正里,17
敦化北路,4,,31,中正里,17
敦化北路,4,,31之12,中正里,17
敦化北路,4,,31之11,中正里,17
敦化北路,4,,31之4,中正里,17
敦化北路,4,,31之1,中正里,17
敦化北路,4,,31之10,中正里,17
敦化北路,4,,31之3,中正里,17
敦化北路,4,,31之7,中正里,17
敦化北路,4,,31之5,中正里,17
敦化北路,4,,31之9,中正里,17
敦化北路,4,,31之6,中正里,17
敦化北路,4,,31之8,中正里,17
敦化北路,4,,33,中正里,18
敦化北路,4,,35,中正里,18
敦化北路,4,,36,中正里,18
敦化北路,4,,37,中正里,18
敦化北路,4,,37之1,中正里,18
敦化北路,4,,38,中正里,18
敦化北路,4,,39,中正里,18
敦化北路,4,,41,中正里,18
敦化北路,4,,42,中正里,18
敦化北路,4,,43,中正里,18
敦化北路,4,,45,中正里,18
敦化北路,4,,46,中正里,18
敦化北路,4,,47,中正里,18
敦化北路,4,,48,中正里,18
敦化北路,4,,49,中正里,18
敦化北路,4,,50,中正里,18
敦化北路,4,,51,中正里,18
敦化北路,4,,52,中正里,18
敦化北路,4,,53,中正里,16
敦化北路,4,,53之1,中正里,16
敦化北路,4,,56,中正里,18
敦化北路,4,,60,中正里,20
敦化北路,4,,62,中正里,20
敦化北路,,,6,中正里,10
敦化北路,,,8,中正里,10
敦化北路,,,10,中正里,10
敦化北路,,,12,中正里,10
敦化北路,50,,1,中正里,10
敦化北路,50,,3,中正里,10
敦化北路,50,,5,中正里,10
敦化北路,50,,17,中正里,10
敦化北路,50,,19,中正里,10
敦化北路,50,,21,中正里,10
敦化北路,50,,23,中正里,10
敦化北路,,,52,中正里,11
敦化北路,,,56,中正里,11
敦化北路,,,58,中正里,11
敦化北路,,,88,中正里,11
敦化北路,,,88之1,中正里,11
敦化北路,,,100,中正里,24
敦化北路,,,102,中正里,22
敦化北路,,,102之1,中正里,22
敦化北路,,,102之2,中正里,22
敦化北路,,,112,中正里,22
敦化北路,,,114,中正里,22
敦化北路,,,116,中正里,22
敦化北路,,,118,中正里,22
敦化北路,120,,6,中正里,29
敦化北路,120,7,5,中正里,22
敦化北路,120,7,7,中正里,22
敦化北路,120,7,9,中正里,22
敦化北路,120,7,11,中正里,22
敦化北路,120,7,13,中正里,22
敦化北路,120,7,15,中正里,22
敦化北路,120,,8,中正里,29
敦化北路,120,,9,中正里,22
敦化北路,120,,10,中正里,29
敦化北路,120,,11,中正里,22
敦化北路,120,,16,中正里,29
敦化北路,120,,17,中正里,22
敦化北路,120,,18,中正里,29
敦化北路,120,,19,中正里,22
敦化北路,120,,20,中正里,29
敦化北路,120,,22,中正里,29
敦化北路,120,,28,中正里,28
敦化北路,120,,30,中正里,28
敦化北路,120,48,4,中正里,28
敦化北路,120,,50,中正里,28
敦化北路,120,,52,中正里,28
敦化北路,120,,54,中正里,28
敦化北路,120,,54之2,中正里,28
敦化北路,120,,54之1,中正里,28
敦化北路,120,,56,中正里,28
敦化北路,120,,58,中正里,28
敦化北路,120,,60,中正里,28
敦化北路,120,,62,中正里,28
敦化北路,120,,64,中正里,28
敦化北路,120,,66,中正里,28
敦化北路,120,,68,中正里,28
敦化北路,120,,70,中正里,28
敦化北路,120,,72,中正里,28
敦化北路,120,,74,中正里,28
敦化北路,120,,76,中正里,28
敦化北路,120,,76之1,中正里,28
敦化北路,120,,78之2,中正里,28
敦化北路,120,,78之1,中正里,28
敦化北路,120,,78,中正里,28
敦化北路,120,,80,中正里,28
敦化北路,,,122,中正里,22
慶城街,,,1,中正里,31
慶城街,,,1之1,中正里,31
慶城街,,,6之5,中正里,26
慶城街,,,6之3,中正里,26
慶城街,,,6之2,中正里,26
慶城街,,,6之1,中正里,26
慶城街,,,6,中正里,26
慶城街,,,6之4,中正里,26
慶城街,,,6之6,中正里,26
慶城街,,,8,中正里,26
慶城街,,,8之1,中正里,26
慶城街,10,1,1,中正里,27
慶城街,10,1,3,中正里,27
慶城街,,,12之1,中正里,27
慶城街,,,12,中正里,27
慶城街,,,14,中正里,27
慶城街,,,14之1,中正里,27
慶城街,,,14之4,中正里,27
慶城街,,,14之2,中正里,27
慶城街,,,14之3,中正里,27
慶城街,16,,1之1,中正里,27
慶城街,16,,1,中正里,27
慶城街,16,,3,中正里,27
慶城街,16,,5,中正里,27
慶城街,16,,6,中正里,25
慶城街,16,,6之1,中正里,25
慶城街,16,,7,中正里,27
慶城街,16,,8之1,中正里,25
慶城街,16,,8,中正里,25
慶城街,16,,9之1,中正里,27
慶城街,16,,9,中正里,27
慶城街,16,,10,中正里,26
慶城街,16,,16,中正里,25
慶城街,,,18,中正里,27
慶城街,,,20,中正里,27
慶城街,,,21,中正里,31
慶城街,,,21之1,中正里,31
慶城街,,,21之3,中正里,31
慶城街,,,21之2,中正里,31
慶城街,,,21之4,中正里,31
慶城街,,,21之6,中正里,31
慶城街,,,21之5,中正里,31
慶城街,,,22,中正里,27
慶城街,,,23,中正里,31
慶城街,,,23之2,中正里,31
慶城街,,,23之3,中正里,31
慶城街,,,23之1,中正里,31
慶城街,,,23之4,中正里,31
慶城街,,,23之5,中正里,31
慶城街,,,23之6,中正里,31
慶城街,,,23之7,中正里,31
慶城街,,,23之8,中正里,31
慶城街,,,23之9,中正里,31
慶城街,,,24,中正里,27
慶城街,,,24之1,中正里,27
慶城街,,,25,中正里,31
慶城街,,,26,中正里,27
慶城街,,,26之1,中正里,27
慶城街,,,27,中正里,31
慶城街,,,28,中正里,27
慶城街,,,29,中正里,31
八德路二段,,,342,中崙里,5
八德路二段,,,342之1,中崙里,5
八德路二段,346,1,1,中崙里,5
八德路二段,346,1,2,中崙里,5
八德路二段,346,1,3,中崙里,5
八德路二段,346,1,4,中崙里,5
八德路二段,346,1,5,中崙里,5
八德路二段,346,1,6,中崙里,5
八德路二段,346,1,7,中崙里,5
八德路二段,346,1,8,中崙里,5
八德路二段,346,1,9,中崙里,5
八德路二段,346,1,10,中崙里,5
八德路二段,346,1,11,中崙里,5
八德路二段,346,1,12,中崙里,5
八德路二段,346,1,13,中崙里,5
八德路二段,346,1,14,中崙里,5
八德路二段,346,1,15,中崙里,5
八德路二段,346,1,16,中崙里,5
八德路二段,346,1,17,中崙里,5
八德路二段,346,1,18,中崙里,5
八德路二段,346,1,19,中崙里,5
八德路二段,346,1,20,中崙里,5
八德路二段,346,1,21,中崙里,5
八德路二段,346,1,22,中崙里,5
八德路二段,346,1,23,中崙里,5
八德路二段,346,1,24,中崙里,5
八德路二段,346,1,25,中崙里,5
八德路二段,346,1,26,中崙里,5
八德路二段,346,1,27,中崙里,5
八德路二段,346,1,28,中崙里,5
八德路二段,346,1,29,中崙里,5
八德路二段,346,1,30,中崙里,5
八德路二段,346,1,31,中崙里,5
八德路二段,346,1,32,中崙里,5
八德路二段,346,1,33,中崙里,5
八德路二段,346,1,34,中崙里,5
八德路二段,346,1,35,中崙里,5
八德路二段,346,1,36,中崙里,5
八德路二段,346,1,38,中崙里,5
八德路二段,346,1,40,中崙里,5
八德路二段,346,1,42,中崙里,5
八德路二段,346,3,2,中崙里,10
八德路二段,346,3,4,中崙里,10
八德路二段,346,3,6,中崙里,10
八德路二段,346,3,8,中崙里,10
八德路二段,346,3,10,中崙里,10
八德路二段,346,3,12,中崙里,10
八德路二段,346,3,14,中崙里,10
八德路二段,346,3,15,中崙里,10
八德路二段,346,3,16,中崙里,10
八德路二段,346,3,17,中崙里,10
八德路二段,346,3,18,中崙里,10
八德路二段,346,3,19,中崙里,10
八德路二段,346,5,3,中崙里,11
八德路二段,346,,5之3,中崙里,11
八德路二段,346,5,5,中崙里,11
八德路二段,346,,5之1,中崙里,11
八德路二段,346,,5,中崙里,11
八德路二段,346,,5之7,中崙里,11
八德路二段,346,,5之5,中崙里,11
八德路二段,346,5,6,中崙里,11
八德路二段,346,5,7,中崙里,11
八德路二段,346,5,8,中崙里,11
八德路二段,346,5,9,中崙里,11
八德路二段,346,5,11,中崙里,11
八德路二段,346,5,13,中崙里,11
八德路二段,346,5,15,中崙里,11
八德路二段,346,5,25,中崙里,11
八德路二段,346,5,27,中崙里,11
八德路二段,346,5,29,中崙里,11
八德路二段,346,7,2之1,中崙里,12
八德路二段,346,7,2,中崙里,12
八德路二段,346,7,6,中崙里,12
八德路二段,346,7,8之1,中崙里,12
八德路二段,346,7,8,中崙里,12
八德路二段,346,7,10,中崙里,12
八德路二段,346,7,11,中崙里,12
八德路二段,346,7,12,中崙里,12
八德路二段,346,7,14之1,中崙里,12
八德路二段,346,7,14,中崙里,12
八德路二段,346,7,15,中崙里,12
八德路二段,346,7,16之1,中崙里,12
八德路二段,346,7,16,中崙里,12
八德路二段,346,7,17,中崙里,12
八德路二段,346,7,19,中崙里,12
八德路二段,346,7,20,中崙里,12
八德路二段,346,7,21,中崙里,12
八德路二段,346,7,22,中崙里,12
八德路二段,346,7,26,中崙里,12
八德路二段,346,7,28,中崙里,15
八德路二段,346,7,30,中崙里,15
八德路二段,346,7,32,中崙里,15
八德路二段,346,7,40,中崙里,15
八德路二段,346,7,42之1,中崙里,15
八德路二段,346,7,42,中崙里,15
八德路二段,346,9,1,中崙里,12
八德路二段,346,9,3,中崙里,12
八德路二段,346,9,5,中崙里,12
八德路二段,346,9,7,中崙里,12
八德路二段,346,9,9,中崙里,12
八德路二段,346,9,11,中崙里,12
八德路二段,346,9,15,中崙里,12
八德路二段,346,9,17,中崙里,12
八德路二段,346,9,19,中崙里,12
八德路二段,346,9,21,中崙里,12
八德路二段,,,348之1,中崙里,5
八德路二段,,,348,中崙里,5
八德路二段,,,350,中崙里,6
八德路二段,,,352,中崙里,6
八德路二段,,,354,中崙里,6
八德路二段,,,356,中崙里,6
八德路二段,,,358,中崙里,6
八德路二段,,,360之2,中崙里,6
八德路二段,,,360之3,中崙里,6
八德路二段,,,360,中崙里,6
八德路二段,,,360之1,中崙里,6
八德路二段,366,,5,中崙里,8
八德路二段,366,,7,中崙里,8
八德路二段,366,,8,中崙里,10
八德路二段,366,,9,中崙里,8
八德路二段,366,,10,中崙里,10
八德路二段,366,,11,中崙里,8
八德路二段,366,,12,中崙里,10
八德路二段,366,13,1,中崙里,8
八德路二段,366,13,2,中崙里,8
八德路二段,366,13,3,中崙里,8
八德路二段,366,13,4,中崙里,8
八德路二段,366,13,5,中崙里,8
八德路二段,366,13,6,中崙里,8
八德路二段,366,13,7,中崙里,8
八德路二段,366,13,8,中崙里,8
八德路二段,366,13,9,中崙里,8
八德路二段,366,13,10,中崙里,8
八德路二段,366,13,12,中崙里,8
八德路二段,366,,15之1,中崙里,9
八德路二段,366,,15之4,中崙里,9
八德路二段,366,,15之5,中崙里,9
八德路二段,366,,15之6,中崙里,9
八德路二段,366,,15之8,中崙里,9
八德路二段,366,,15之9,中崙里,9
八德路二段,366,,15之7,中崙里,9
八德路二段,366,,16,中崙里,10
八德路二段,366,,17,中崙里,9
八德路二段,366,,18,中崙里,10
八德路二段,366,,19,中崙里,9
八德路二段,366,,20,中崙里,10
八德路二段,366,,21,中崙里,9
八德路二段,366,,21之1,中崙里,9
八德路二段,366,,21之2,中崙里,9
八德路二段,366,,22,中崙里,10
八德路二段,366,,23,中崙里,13
八德路二段,366,,24,中崙里,10
八德路二段,366,,25,中崙里,13
八德路二段,366,,26,中崙里,10
八德路二段,366,,27,中崙里,13
八德路二段,366,,28,中崙里,10
八德路二段,366,,29,中崙里,13
八德路二段,366,,30,中崙里,10
八德路二段,366,,31,中崙里,13
八德路二段,366,,33,中崙里,13
八德路二段,366,,35,中崙里,13
八德路二段,366,,36,中崙里,15
八德路二段,366,,37,中崙里,15
八德路二段,366,,38,中崙里,15
八德路二段,366,,39,中崙里,15
八德路二段,366,40,1,中崙里,15
八德路二段,366,40,3,中崙里,15
八德路二段,366,40,5,中崙里,15
八德路二段,366,40,7,中崙里,15
八德路二段,366,40,9,中崙里,15
八德路二段,366,,41,中崙里,15
八德路二段,366,,43,中崙里,15
八德路二段,366,45,1,中崙里,15
八德路二段,366,45,3,中崙里,15
八德路二段,366,45,5,中崙里,15
八德路二段,366,,47之1,中崙里,13
八德路二段,366,,47,中崙里,13
八德路二段,366,,47之3,中崙里,13
八德路二段,366,,49,中崙里,15
八德路二段,366,55,1,中崙里,17
八德路二段,366,55,2,中崙里,17
八德路二段,366,55,3,中崙里,17
八德路二段,366,55,4,中崙里,17
八德路二段,366,55,5,中崙里,17
八德路二段,366,55,6,中崙里,17
八德路二段,366,55,7,中崙里,17
八德路二段,366,55,8,中崙里,17
八德路二段,366,55,9,中崙里,17
八德路二段,366,55,10,中崙里,17
八德路二段,366,55,12,中崙里,17
八德路二段,366,55,14,中崙里,17
八德路二段,366,,61,中崙里,18
八德路二段,366,,63,中崙里,18
八德路二段,366,,65,中崙里,18
八德路二段,366,,67,中崙里,18
八德路二段,,,374,中崙里,6
八德路二段,,,376,中崙里,7
八德路二段,,,378,中崙里,7
八德路二段,,,380,中崙里,7
八德路二段,,,382,中崙里,7
八德路二段,,,384,中崙里,7
八德路二段,,,386,中崙里,7
八德路二段,,,388,中崙里,7
八德路二段,,,400,中崙里,7
八德路二段,,,402,中崙里,7
八德路二段,,,406,中崙里,7
八德路二段,410,,2,中崙里,7
八德路二段,410,,8,中崙里,8
八德路二段,410,,10,中崙里,8
八德路二段,410,,12,中崙里,9
八德路二段,410,16,1,中崙里,14
八德路二段,410,16,2,中崙里,9
八德路二段,410,16,3,中崙里,14
八德路二段,410,16,4之1,中崙里,9
八德路二段,410,16,4,中崙里,9
八德路二段,410,16,6,中崙里,9
八德路二段,410,16,8,中崙里,9
八德路二段,410,,18,中崙里,14
八德路二段,410,,20,中崙里,14
八德路二段,410,,22,中崙里,14
八德路二段,410,,24,中崙里,14
八德路二段,410,,26,中崙里,14
八德路二段,410,,28,中崙里,14
八德路二段,410,,30,中崙里,14
八德路二段,410,,32,中崙里,14
八德路二段,410,88,1,中崙里,16
八德路二段,410,88,2,中崙里,16
八德路二段,410,88,3,中崙里,16
八德路二段,410,88,4,中崙里,16
八德路二段,410,88,5,中崙里,16
八德路二段,410,88,6,中崙里,16
八德路二段,410,88,7,中崙里,16
八德路二段,410,88,8,中崙里,16
八德路二段,410,88,10,中崙里,16
八德路二段,410,88,12,中崙里,16
八德路二段,410,88,14,中崙里,16
八德路二段,410,88,16,中崙里,16
八德路二段,410,,90,中崙里,17
八德路二段,410,,92,中崙里,17
八德路二段,410,,96,中崙里,17
八德路二段,410,,98,中崙里,17
八德路二段,410,,100,中崙里,17
市民大道四段,,,9之1,中崙里,4
市民大道四段,,,11,中崙里,4
市民大道四段,,,13,中崙里,4
市民大道四段,,,15,中崙里,4
市民大道四段,,,17,中崙里,4
市民大道四段,,,19,中崙里,4
市民大道四段,,,21,中崙里,4
市民大道四段,,,25,中崙里,4
市民大道四段,,,27,中崙里,4
市民大道四段,,,29,中崙里,4
市民大道四段,,,31,中崙里,4
市民大道四段,,,33,中崙里,4
市民大道四段,,,35,中崙里,4
市民大道四段,37,,2,中崙里,3
市民大道四段,,,39之2,中崙里,16
市民大道四段,,,39之3,中崙里,16
市民大道四段,,,39,中崙里,16
市民大道四段,,,39之1,中崙里,16
市民大道四段,,,51,中崙里,18
市民大道四段,,,53,中崙里,18
市民大道四段,,,55,中崙里,18
市民大道四段,,,57,中崙里,18
市民大道四段,,,59,中崙里,18
市民大道四段,,,61,中崙里,18
市民大道四段,,,63,中崙里,18
復興南路一段,,,1之1,中崙里,1
復興南路一段,,,1,中崙里,1
復興南路一段,,,27,中崙里,2
復興南路一段,31,,2,中崙里,2
復興南路一段,,,31之1,中崙里,2
復興南路一段,,,31,中崙里,2
復興南路一段,,,33,中崙里,2
復興南路一段,,,35,中崙里,2
復興南路一段,,,37,中崙里,2
復興南路一段,,,39,中崙里,2
復興南路一段,,,43之1,中崙里,2
復興南路一段,,,43,中崙里,2
復興南路一段,,,45,中崙里,2
復興南路一段,47,,1,中崙里,3
復興南路一段,47,,3,中崙里,3
復興南路一段,47,,5,中崙里,3
復興南路一段,47,,6,中崙里,3
復興南路一段,47,,7,中崙里,3
復興南路一段,47,,8,中崙里,3
復興南路一段,47,9,1,中崙里,3
復興南路一段,47,9,3,中崙里,3
復興南路一段,47,9,7,中崙里,3
復興南路一段,47,9,9,中崙里,3
復興南路一段,47,9,11,中崙里,3
復興南路一段,47,9,13,中崙里,3
復興南路一段,47,9,15,中崙里,3
復興南路一段,47,,10,中崙里,3
復興南路一段,47,,11,中崙里,3
復興南路一段,47,,12,中崙里,3
復興南路一段,47,,15,中崙里,3
復興南路一段,47,,17,中崙里,3
復興南路一段,,,49,中崙里,4
復興南路一段,,,51,中崙里,4
復興南路一段,,,55,中崙里,4
復興南路一段,,,57,中崙里,4
復興南路一段,,,59,中崙里,4
復興南路一段,,,61,中崙里,4
復興南路一段,,,63,中崙里,4
南京東路四段,,,1,中華里,11
南京東路四段,,,11,中華里,11
南京東路四段,,,15,中華里,11
南京東路四段,,,15之1,中華里,11
南京東路四段,,,17,中華里,11
南京東路四段,,,17之1,中華里,11
南京東路四段,,,19,中華里,11
南京東路四段,,,21之1,中華里,11
南京東路四段,,,21,中華里,11
南京東路四段,,,23,中華里,11
南京東路四段,,,25之1,中華里,11
南京東路四段,,,25,中華里,11
南京東路四段,,,45,中華里,11
南京東路四段,,,47,中華里,11
南京東路四段,,,51之2,中華里,11
南京東路四段,,,51,中華里,11
南京東路四段,,,51之1,中華里,11
南京東路四段,53,3,1,中華里,15
南京東路四段,53,3,2,中華里,15
南京東路四段,53,3,3,中華里,15
南京東路四段,53,3,4,中華里,15
南京東路四段,53,3,5,中華里,15
南京東路四段,53,3,6,中華里,15
南京東路四段,53,3,7,中華里,15
南京東路四段,53,3,8,中華里,15
南京東路四段,53,3,9,中華里,15
南京東路四段,53,3,10,中華里,15
南京東路四段,53,3,12,中華里,15
南京東路四段,53,5,1,中華里,15
南京東路四段,53,5,2,中華里,15
南京東路四段,53,5,3,中華里,15
南京東路四段,53,5,4,中華里,15
南京東路四段,53,5,5,中華里,15
南京東路四段,53,5,6,中華里,15
南京東路四段,53,5,7,中華里,15
南京東路四段,53,5,8,中華里,15
南京東路四段,53,7,1,中華里,15
南京東路四段,53,7,2,中華里,14
南京東路四段,53,7,3,中華里,15
南京東路四段,53,7,4,中華里,14
南京東路四段,53,7,5,中華里,15
南京東路四段,53,7,6,中華里,14
南京東路四段,53,7,7,中華里,15
南京東路四段,53,7,8,中華里,14
南京東路四段,53,7,10,中華里,14
南京東路四段,53,8,1之1,中華里,10
南京東路四段,53,8,1,中華里,10
南京東路四段,53,8,3,中華里,10
南京東路四段,53,8,5,中華里,10
南京東路四段,53,8,7,中華里,10
南京東路四段,53,8,9,中華里,10
南京東路四段,53,8,11,中華里,10
南京東路四段,53,8,15,中華里,10
南京東路四段,53,8,17,中華里,10
南京東路四段,53,8,19,中華里,10
南京東路四段,53,8,21,中華里,10
南京東路四段,53,8,23,中華里,10
南京東路四段,53,8,25,中華里,10
南京東路四段,53,8,27,中華里,10
南京東路四段,53,8,29,中華里,10
南京東路四段,53,8,31,中華里,10
南京東路四段,53,8,33,中華里,10
南京東路四段,53,10,1,中華里,9
南京東路四段,53,10,2,中華里,9
南京東路四段,53,10,3,中華里,9
南京東路四段,53,10,4,中華里,9
南京東路四段,53,10,5,中華里,9
南京東路四段,53,10,6,中華里,9
南京東路四段,53,10,7,中華里,9
南京東路四段,53,10,8,中華里,9
南京東路四段,53,10,9,中華里,9
南京東路四段,53,10,10,中華里,9
南京東路四段,53,10,11,中華里,9
南京東路四段,53,10,12,中華里,9
南京東路四段,53,10,13,中華里,9
南京東路四段,53,10,14,中華里,9
南京東路四段,53,10,15,中華里,9
南京東路四段,53,10,16,中華里,9
南京東路四段,53,10,17,中華里,9
南京東路四段,53,10,18,中華里,9
南京東路四段,53,10,19,中華里,9
南京東路四段,53,10,20,中華里,9
南京東路四段,53,10,21,中華里,9
南京東路四段,53,10,22,中華里,9
南京東路四段,53,10,23,中華里,9
南京東路四段,53,10,25,中華里,9
南京東路四段,53,10,27,中華里,9
南京東路四段,53,11,1,中華里,14
南京東路四段,53,11,2,中華里,13
南京東路四段,53,11,3,中華里,14
南京東路四段,53,11,4,中華里,13
南京東路四段,53,11,5,中華里,14
南京東路四段,53,11,6,中華里,13
南京東路四段,53,11,7,中華里,14
南京東路四段,53,11,9,中華里,14
南京東路四段,53,11,11,中華里,14
南京東路四段,53,11,13,中華里,14
南京東路四段,53,11,14,中華里,13
南京東路四段,53,11,15,中華里,14
南京東路四段,53,11,16,中華里,13
南京東路四段,53,11,18,中華里,13
健康路,5,,2,中華里,20
健康路,,,5之1,中華里,20
健康路,3,,2,中華里,20
健康路,3,,4,中華里,20
健康路,3,,6,中華里,20
健康路,5,,4,中華里,20
健康路,5,,6,中華里,20
健康路,7,,1,中華里,20
健康路,7,,2,中華里,20
健康路,7,,3,中華里,20
健康路,7,,4,中華里,20
健康路,7,,5,中華里,20
健康路,7,,6,中華里,20
健康路,,,7之1,中華里,20
健康路,,,9之1,中華里,20
健康路,,,9,中華里,20
健康路,,,11,中華里,20
健康路,,,11之1,中華里,20
健康路,15,,3,中華里,25
健康路,15,,5,中華里,25
健康路,15,,11,中華里,24
健康路,15,,13,中華里,24
敦化北路,,,129,中華里,16
敦化北路,,,131,中華里,16
敦化北路,,,133,中華里,16
敦化北路,,,135,中華里,16
敦化北路,,,137,中華里,16
敦化北路,,,139,中華里,16
敦化北路,,,141,中華里,16
敦化北路,,,143,中華里,16
敦化北路,145,,5,中華里,16
敦化北路,145,,6,中華里,16
敦化北路,145,,7,中華里,16
敦化北路,145,,8,中華里,12
敦化北路,145,,9,中華里,16
敦化北路,145,,10之2,中華里,12
敦化北路,145,,10,中華里,12
敦化北路,145,,10之1,中華里,12
敦化北路,145,,10之3,中華里,12
敦化北路,145,,11,中華里,16
敦化北路,145,,12,中華里,12
敦化北路,145,,13,中華里,16
敦化北路,145,,15,中華里,16
敦化北路,145,,16,中華里,12
敦化北路,145,,17,中華里,16
敦化北路,145,18,2,中華里,12
敦化北路,145,18,4,中華里,12
敦化北路,145,,18之1,中華里,12
敦化北路,145,,18之2,中華里,12
敦化北路,145,,18,中華里,12
敦化北路,145,,19,中華里,16
敦化北路,145,,20,中華里,8
敦化北路,145,,20之1,中華里,8
敦化北路,145,,21,中華里,16
敦化北路,145,,22,中華里,8
敦化北路,145,23,1,中華里,13
敦化北路,145,23,3,中華里,14
敦化北路,145,23,5,中華里,14
敦化北路,145,,24,中華里,8
敦化北路,145,,25,中華里,13
敦化北路,145,,26之2,中華里,8
敦化北路,145,,26之1,中華里,8
敦化北路,145,,26之3,中華里,8
敦化北路,145,,26,中華里,8
敦化北路,145,,27,中華里,13
敦化北路,145,,28,中華里,8
敦化北路,145,,29,中華里,13
敦化北路,145,,30,中華里,8
敦化北路,145,,31,中華里,13
敦化北路,145,,32,中華里,8
敦化北路,145,,33,中華里,13
敦化北路,145,,35,中華里,13
敦化北路,145,,36,中華里,25
敦化北路,145,,37,中華里,13
敦化北路,145,,38,中華里,25
敦化北路,145,,39,中華里,13
敦化北路,145,,40,中華里,25
敦化北路,145,,41,中華里,13
敦化北路,145,,42,中華里,25
敦化北路,145,,43,中華里,13
敦化北路,145,,44,中華里,25
敦化北路,145,,46,中華里,25
敦化北路,145,,47,中華里,8
敦化北路,145,,49,中華里,8
敦化北路,145,,51,中華里,8
敦化北路,145,,53,中華里,8
敦化北路,145,,55,中華里,8
敦化北路,145,,57,中華里,8
敦化北路,145,,59,中華里,8
敦化北路,145,,61,中華里,8
敦化北路,145,,63,中華里,8
敦化北路,145,,65,中華里,8
敦化北路,145,,67,中華里,8
敦化北路,145,,71,中華里,8
敦化北路,145,,73,中華里,8
敦化北路,,,147,中華里,16
敦化北路,,,149,中華里,16
敦化北路,,,151,中華里,16
敦化北路,,,153之1,中華里,16
敦化北路,,,153之13,中華里,16
敦化北路,,,153,中華里,16
敦化北路,,,153之22,中華里,16
敦化北路,,,153之21,中華里,16
敦化北路,,,153之18,中華里,16
敦化北路,,,153之2,中華里,16
敦化北路,,,153之31,中華里,16
敦化北路,,,153之37,中華里,16
敦化北路,,,153之23,中華里,16
敦化北路,,,153之39,中華里,16
敦化北路,,,153之19,中華里,16
敦化北路,,,153之38,中華里,16
敦化北路,,,153之25,中華里,16
敦化北路,,,153之28,中華里,16
敦化北路,,,153之32,中華里,16
敦化北路,,,153之12,中華里,16
敦化北路,,,153之29,中華里,16
敦化北路,,,153之11,中華里,16
敦化北路,,,153之10,中華里,16
敦化北路,,,153之17,中華里,16
敦化北路,,,153之24,中華里,16
敦化北路,,,153之16,中華里,16
敦化北路,,,153之27,中華里,16
敦化北路,,,153之26,中華里,16
敦化北路,,,153之14,中華里,16
敦化北路,,,153之15,中華里,16
敦化北路,,,153之33,中華里,16
敦化北路,,,153之20,中華里,16
敦化北路,,,153之30,中華里,16
敦化北路,,,153之34,中華里,16
敦化北路,,,153之36,中華里,16
敦化北路,,,153之42,中華里,16
敦化北路,,,153之40,中華里,16
敦化北路,,,153之35,中華里,16
敦化北路,,,153之41,中華里,16
敦化北路,,,153之8,中華里,16
敦化北路,,,153之7,中華里,16
敦化北路,155,,1,中華里,16
敦化北路,155,,2,中華里,17
敦化北路,155,,3,中華里,16
敦化北路,155,,4,中華里,17
敦化北路,155,,5,中華里,12
敦化北路,155,,6,中華里,17
敦化北路,155,,7,中華里,12
敦化北路,155,,8,中華里,17
敦化北路,155,,9,中華里,12
敦化北路,155,,9之1,中華里,12
敦化北路,155,,10,中華里,17
敦化北路,155,,11,中華里,12
敦化北路,155,,11之1,中華里,12
敦化北路,155,,12,中華里,17
敦化北路,155,,13,中華里,12
敦化北路,155,,13之1,中華里,12
敦化北路,155,,14,中華里,17
敦化北路,155,,15,中華里,12
敦化北路,155,,16,中華里,17
敦化北路,155,,17,中華里,12
敦化北路,155,66,21,中華里,5
敦化北路,155,66,22,中華里,5
敦化北路,155,66,23,中華里,5
敦化北路,155,66,24,中華里,5
敦化北路,155,66,25,中華里,5
敦化北路,155,66,26,中華里,5
敦化北路,155,66,27,中華里,5
敦化北路,155,66,28,中華里,5
敦化北路,155,66,29,中華里,5
敦化北路,155,66,30,中華里,5
敦化北路,155,66,31,中華里,5
敦化北路,155,66,32,中華里,5
敦化北路,155,66,33,中華里,5
敦化北路,155,66,34,中華里,5
敦化北路,155,66,35,中華里,5
敦化北路,155,66,36,中華里,5
敦化北路,155,66,38,中華里,6
敦化北路,155,66,39,中華里,3
敦化北路,155,66,40,中華里,6
敦化北路,155,66,41,中華里,3
敦化北路,155,66,42,中華里,6
敦化北路,155,66,44,中華里,6
敦化北路,155,66,46,中華里,6
敦化北路,155,66,48,中華里,6
敦化北路,155,66,50,中華里,6
敦化北路,155,66,52,中華里,6
敦化北路,155,66,54,中華里,6
敦化北路,155,66,56,中華里,6
敦化北路,155,66,58,中華里,6
敦化北路,155,66,60,中華里,6
敦化北路,155,,76,中華里,7
敦化北路,155,,78,中華里,7
敦化北路,155,,80,中華里,7
敦化北路,155,,82,中華里,7
敦化北路,155,,86,中華里,7
敦化北路,155,,87之1,中華里,7
敦化北路,155,,87,中華里,7
敦化北路,155,,87之3,中華里,7
敦化北路,155,,87之2,中華里,7
敦化北路,155,,88,中華里,7
敦化北路,155,,89,中華里,7
敦化北路,155,,91,中華里,7
敦化北路,155,,93,中華里,7
敦化北路,155,,95,中華里,7
敦化北路,155,,97,中華里,7
敦化北路,155,,99,中華里,7
敦化北路,155,100,2,中華里,23
敦化北路,155,100,6,中華里,23
敦化北路,155,100,8,中華里,23
敦化北路,155,100,9,中華里,7
敦化北路,155,100,11,中華里,7
敦化北路,155,100,12,中華里,23
敦化北路,155,100,13,中華里,7
敦化北路,155,100,15,中華里,7
敦化北路,155,100,16,中華里,23
敦化北路,155,,101,中華里,7
敦化北路,155,,102,中華里,24
敦化北路,155,,103,中華里,25
敦化北路,155,,104,中華里,24
敦化北路,155,,105,中華里,25
敦化北路,155,,106,中華里,24
敦化北路,155,,107,中華里,25
敦化北路,155,,108,中華里,24
敦化北路,155,,109,中華里,25
敦化北路,155,,110,中華里,24
敦化北路,155,,111,中華里,25
敦化北路,155,,112,中華里,24
敦化北路,155,,113,中華里,25
敦化北路,155,,114,中華里,24
敦化北路,155,,115,中華里,25
敦化北路,155,,117,中華里,25
敦化北路,155,,119,中華里,25
敦化北路,165,,1,中華里,19
敦化北路,165,,2,中華里,18
敦化北路,165,,3,中華里,19
敦化北路,165,,4,中華里,18
敦化北路,165,,5,中華里,19
敦化北路,165,,6,中華里,18
敦化北路,165,,7,中華里,19
敦化北路,165,,8,中華里,18
敦化北路,165,,9,中華里,19
敦化北路,165,,10,中華里,18
敦化北路,165,,11,中華里,19
敦化北路,165,,12,中華里,18
敦化北路,165,,14,中華里,18
敦化北路,165,,15,中華里,19
敦化北路,165,,16,中華里,18
敦化北路,165,,17,中華里,19
敦化北路,165,,18,中華里,18
敦化北路,165,,19,中華里,19
敦化北路,165,,20,中華里,18
敦化北路,165,,21,中華里,19
敦化北路,165,,23,中華里,19
敦化北路,165,,32,中華里,24
敦化北路,165,,34,中華里,24
敦化北路,165,,36,中華里,24
敦化北路,165,,38,中華里,24
敦化北路,165,,40,中華里,24
敦化北路,165,,42,中華里,24
敦化北路,165,,46,中華里,24
敦化北路,165,,48,中華里,24
敦化北路,165,,50,中華里,24
敦化北路,165,,52,中華里,24
敦化北路,165,,54,中華里,24
敦化北路,165,,56,中華里,24
敦化北路,,,167,中華里,4
敦化北路,,,197之2,中華里,4
敦化北路,,,197之4,中華里,4
敦化北路,,,197之1,中華里,4
敦化北路,,,197之3,中華里,4
敦化北路,,,197,中華里,4
敦化北路,,,197之5,中華里,4
敦化北路,199,2,1,中華里,3
敦化北路,199,2,3,中華里,3
敦化北路,199,2,5,中華里,3
敦化北路,199,2,7,中華里,3
敦化北路,199,2,9,中華里,3
敦化北路,199,2,11,中華里,3
敦化北路,199,2,15,中華里,3
敦化北路,199,2,17,中華里,3
敦化北路,199,2,19,中華里,3
敦化北路,199,,6,中華里,3
敦化北路,199,,8之3,中華里,21
敦化北路,199,,8,中華里,21
敦化北路,199,,8之2,中華里,21
敦化北路,199,,8之4,中華里,21
敦化北路,199,,8之1,中華里,21
敦化北路,199,,10之3,中華里,22
敦化北路,199,,10之2,中華里,22
敦化北路,199,,10,中華里,22
敦化北路,199,,10之1,中華里,22
敦化北路,199,,12之1,中華里,22
敦化北路,199,,12,中華里,22
敦化北路,199,,12之2,中華里,22
敦化北路,199,,12之3,中華里,22
敦化北路,199,,14之2,中華里,21
敦化北路,199,,14,中華里,21
敦化北路,199,,14之1,中華里,21
敦化北路,199,16,1,中華里,1
敦化北路,199,16,3,中華里,1
敦化北路,199,16,5,中華里,1
敦化北路,199,16,6,中華里,2
敦化北路,199,16,7,中華里,1
敦化北路,199,16,8,中華里,2
敦化北路,199,16,9,中華里,1
敦化北路,199,16,10,中華里,2
敦化北路,199,16,11,中華里,1
敦化北路,199,16,12,中華里,2
敦化北路,199,16,14,中華里,2
敦化北路,199,16,15,中華里,1
敦化北路,199,16,16,中華里,2
敦化北路,199,16,17,中華里,1
敦化北路,199,16,18,中華里,2
敦化北路,199,16,19,中華里,1
敦化北路,199,16,20,中華里,2
敦化北路,199,16,21,中華里,1
敦化北路,199,16,22,中華里,2
敦化北路,199,16,24,中華里,2
敦化北路,199,16,26,中華里,2
敦化北路,199,16,28,中華里,2
敦化北路,199,16,30,中華里,1
敦化北路,199,16,32,中華里,1
敦化北路,199,16,34,中華里,1
敦化北路,199,16,36,中華里,1
敦化北路,199,,18,中華里,23
敦化北路,,,199之2,中華里,4
敦化北路,,,199,中華里,4
敦化北路,,,199之1,中華里,4
敦化北路,,,199之3,中華里,4
民生東路五段,,,2之1,介壽里,12
民生東路五段,,,2,介壽里,12
民生東路五段,,,8,介壽里,12
民生東路五段,,,10,介壽里,12
民生東路五段,,,12,介壽里,12
民生東路五段,,,14,介壽里,12
民生東路五段,,,16,介壽里,12
民生東路五段,,,18,介壽里,12
民生東路五段,,,20,介壽里,12
民生東路五段,,,22,介壽里,12
民生東路五段,,,24,介壽里,12
民生東路五段,,,26,介壽里,12
民生東路五段,,,26之1,介壽里,12
民生東路五段,,,28,介壽里,12
民生東路五段,,,30,介壽里,12
民生東路五段,,,32,介壽里,12
民生東路五段,,,32之1,介壽里,12
民生東路五段,,,34,介壽里,12
民生東路五段,,,34之1,介壽里,12
民生東路五段,36,,1,介壽里,12
民生東路五段,36,,3,介壽里,12
民生東路五段,36,4,1,介壽里,13
民生東路五段,36,4,2之1,介壽里,19
民生東路五段,36,4,2,介壽里,19
民生東路五段,36,4,3,介壽里,13
民生東路五段,36,4,4之1,介壽里,19
民生東路五段,36,4,4,介壽里,19
民生東路五段,36,4,5,介壽里,13
民生東路五段,36,4,6,介壽里,19
民生東路五段,36,4,6之1,介壽里,19
民生東路五段,36,4,7,介壽里,13
民生東路五段,36,4,8,介壽里,19
民生東路五段,36,4,8之1,介壽里,19
民生東路五段,36,4,9,介壽里,13
民生東路五段,36,4,10之2,介壽里,19
民生東路五段,36,4,10之1,介壽里,19
民生東路五段,36,4,10之3,介壽里,19
民生東路五段,36,4,10,介壽里,19
民生東路五段,36,4,11,介壽里,13
民生東路五段,36,4,12之1,介壽里,17
民生東路五段,36,4,12,介壽里,17
民生東路五段,36,4,14,介壽里,17
民生東路五段,36,4,14之1,介壽里,17
民生東路五段,36,4,14之2,介壽里,17
民生東路五段,36,4,15,介壽里,13
民生東路五段,36,4,16,介壽里,17
民生東路五段,36,4,16之1,介壽里,17
民生東路五段,36,4,16之2,介壽里,17
民生東路五段,36,4,17,介壽里,13
民生東路五段,36,4,18,介壽里,17
民生東路五段,36,4,18之1,介壽里,17
民生東路五段,36,4,18之2,介壽里,17
民生東路五段,36,4,20之1,介壽里,17
民生東路五段,36,4,20,介壽里,17
民生東路五段,36,4,21,介壽里,15
民生東路五段,36,4,22之2,介壽里,17
民生東路五段,36,4,22,介壽里,17
民生東路五段,36,4,22之1,介壽里,17
民生東路五段,36,4,23,介壽里,15
民生東路五段,36,4,24之2,介壽里,17
民生東路五段,36,4,24之1,介壽里,17
民生東路五段,36,4,24,介壽里,17
民生東路五段,36,4,25,介壽里,15
民生東路五段,36,4,26,介壽里,17
民生東路五段,36,4,27,介壽里,15
民生東路五段,36,4,29,介壽里,15
民生東路五段,36,4,31,介壽里,15
民生東路五段,36,4,33,介壽里,15
民生東路五段,36,4,35,介壽里,15
民生東路五段,36,4,37,介壽里,15
民生東路五段,36,4,39,介壽里,15
民生東路五段,36,4,41,介壽里,15
民生東路五段,36,4,43,介壽里,15
民生東路五段,36,4,45,介壽里,15
民生東路五段,36,4,47,介壽里,15
民生東路五段,36,4,49之2,介壽里,16
民生東路五段,36,4,49之3,介壽里,16
民生東路五段,36,4,49之1,介壽里,16
民生東路五段,36,4,49,介壽里,16
民生東路五段,36,4,51,介壽里,16
民生東路五段,36,4,53,介壽里,16
民生東路五段,36,4,55,介壽里,16
民生東路五段,36,4,57,介壽里,16
民生東路五段,36,4,59,介壽里,16
民生東路五段,36,4,61,介壽里,16
民生東路五段,36,4,63,介壽里,16
民生東路五段,36,4,65,介壽里,16
民生東路五段,36,6,1,介壽里,17
民生東路五段,36,6,2之1,介壽里,18
民生東路五段,36,6,2之2,介壽里,18
民生東路五段,36,6,2,介壽里,18
民生東路五段,36,6,3之1,介壽里,17
民生東路五段,36,6,3,介壽里,17
民生東路五段,36,6,4之1,介壽里,18
民生東路五段,36,6,4,介壽里,18
民生東路五段,36,6,5,介壽里,17
民生東路五段,36,6,5之1,介壽里,17
民生東路五段,36,6,5之2,介壽里,17
民生東路五段,36,6,6之1,介壽里,18
民生東路五段,36,6,6,介壽里,18
民生東路五段,36,6,6之2,介壽里,18
民生東路五段,36,6,7之2,介壽里,17
民生東路五段,36,6,7之1,介壽里,17
民生東路五段,36,6,7,介壽里,17
民生東路五段,36,6,8,介壽里,18
民生東路五段,36,6,8之2,介壽里,18
民生東路五段,36,6,8之1,介壽里,18
民生東路五段,36,6,9,介壽里,17
民生東路五段,36,6,9之1,介壽里,17
民生東路五段,36,6,10,介壽里,18
民生東路五段,36,6,10之1,介壽里,18
民生東路五段,36,6,11,介壽里,17
民生東路五段,36,6,11之1,介壽里,17
民生東路五段,36,6,11之2,介壽里,17
民生東路五段,36,6,12之1,介壽里,18
民生東路五段,36,6,12,介壽里,18
民生東路五段,36,6,12之2,介壽里,18
民生東路五段,36,6,13,介壽里,17
民生東路五段,36,6,14,介壽里,18
民生東路五段,36,8,1之1,介壽里,20
民生東路五段,36,8,1,介壽里,20
民生東路五段,36,8,2,介壽里,9
民生東路五段,36,8,3之1,介壽里,20
民生東路五段,36,8,3,介壽里,20
民生東路五段,36,8,4,介壽里,9
民生東路五段,36,8,5,介壽里,20
民生東路五段,36,8,5之1,介壽里,20
民生東路五段,36,8,6,介壽里,9
民生東路五段,36,8,7,介壽里,20
民生東路五段,36,8,7之1,介壽里,20
民生東路五段,36,8,8,介壽里,9
民生東路五段,36,8,9之3,介壽里,20
民生東路五段,36,8,9之2,介壽里,20
民生東路五段,36,8,9,介壽里,20
民生東路五段,36,8,9之1,介壽里,20
民生東路五段,36,8,11,介壽里,18
民生東路五段,36,8,12,介壽里,9
民生東路五段,36,8,13,介壽里,18
民生東路五段,36,8,13之1,介壽里,18
民生東路五段,36,8,13之2,介壽里,18
民生東路五段,36,8,14,介壽里,9
民生東路五段,36,8,15之2,介壽里,18
民生東路五段,36,8,15,介壽里,18
民生東路五段,36,8,15之1,介壽里,18
民生東路五段,36,8,17,介壽里,18
民生東路五段,36,8,17之1,介壽里,18
民生東路五段,36,8,17之2,介壽里,18
民生東路五段,36,8,18,介壽里,9
民生東路五段,36,8,19之1,介壽里,18
民生東路五段,36,8,19,介壽里,18
民生東路五段,36,8,20,介壽里,7
民生東路五段,36,8,21之2,介壽里,18
民生東路五段,36,8,21,介壽里,18
民生東路五段,36,8,21之1,介壽里,18
民生東路五段,36,8,22,介壽里,7
民生東路五段,36,8,23之2,介壽里,18
民生東路五段,36,8,23之1,介壽里,18
民生東路五段,36,8,23,介壽里,18
民生東路五段,36,8,24,介壽里,7
民生東路五段,36,8,26,介壽里,7
民生東路五段,36,8,28,介壽里,7
民生東路五段,36,8,30,介壽里,7
民生東路五段,36,8,32,介壽里,7
民生東路五段,36,8,34,介壽里,7
民生東路五段,36,8,36,介壽里,7
民生東路五段,36,8,38,介壽里,7
民生東路五段,36,8,40,介壽里,7
民生東路五段,36,8,42,介壽里,7
民生東路五段,36,8,44,介壽里,7
民生東路五段,36,8,46,介壽里,7
民生東路五段,36,8,52,介壽里,5
民生東路五段,36,8,54,介壽里,5
民生東路五段,36,8,56,介壽里,5
民生東路五段,36,8,58,介壽里,5
民生東路五段,36,8,60,介壽里,5
民生東路五段,36,8,62,介壽里,5
民生東路五段,36,8,64,介壽里,5
民生東路五段,36,10,12,介壽里,8
民生東路五段,36,10,14,介壽里,8
民生東路五段,36,10,16,介壽里,8
民生東路五段,,,38,介壽里,13
民生東路五段,,,40,介壽里,13
民生東路五段,,,42,介壽里,13
民生東路五段,,,44,介壽里,13
民生東路五段,,,46,介壽里,13
民生東路五段,,,48,介壽里,13
民生東路五段,,,50,介壽里,13
民生東路五段,,,52,介壽里,13
民生東路五段,,,56,介壽里,14
民生東路五段,,,58,介壽里,14
民生東路五段,,,60,介壽里,14
民生東路五段,,,62,介壽里,14
民生東路五段,,,64,介壽里,14
民生東路五段,,,66,介壽里,14
民生東路五段,,,68,介壽里,14
民生東路五段,,,70,介壽里,14
民生東路五段,,,72,介壽里,14
民生東路五段,,,74,介壽里,14
民生東路五段,,,76,介壽里,14
民生東路五段,,,78,介壽里,14
民生東路五段,,,80,介壽里,14
民生東路五段,,,82,介壽里,14
民生東路五段,,,84,介壽里,16
民生東路五段,,,86,介壽里,16
民生東路五段,,,88,介壽里,16
民生東路五段,,,90,介壽里,16
民生東路五段,,,92,介壽里,16
民生東路五段,,,94,介壽里,16
民生東路五段,,,96,介壽里,16
民生東路五段,,,98,介壽里,16
民生東路五段,,,100,介壽里,16
民生東路五段,,,102,介壽里,16
民生東路五段,,,106,介壽里,21
民生東路五段,,,108,介壽里,21
民生東路五段,,,110,介壽里,21
民生東路五段,,,112,介壽里,21
民生東路五段,,,114,介壽里,21
民生東路五段,,,116,介壽里,21
民生東路五段,,,118,介壽里,21
民生東路五段,,,120,介壽里,21
民生東路五段,,,122,介壽里,21
民生東路五段,,,124之1,介壽里,21
民生東路五段,,,124之3,介壽里,21
民生東路五段,,,124之2,介壽里,21
民生東路五段,,,126,介壽里,21
民生東路五段,,,128,介壽里,21
民生東路五段,,,130,介壽里,21
民生東路五段,,,132,介壽里,21
民生東路五段,,,134,介壽里,21
民生東路五段,,,136,介壽里,21
民生東路五段,138,,6,介壽里,21
光復北路,165,,1,介壽里,11
光復北路,165,,3,介壽里,11
光復北路,165,,5,介壽里,11
光復北路,165,,7,介壽里,11
光復北路,165,,9,介壽里,11
光復北路,165,,11,介壽里,11
光復北路,165,,15,介壽里,11
光復北路,165,,17,介壽里,11
光復北路,165,,21,介壽里,10
光復北路,165,,23,介壽里,10
光復北路,165,,25,介壽里,10
光復北路,165,,27,介壽里,10
光復北路,165,,29,介壽里,10
光復北路,165,,31,介壽里,10
光復北路,,,167,介壽里,11
光復北路,,,169,介壽里,11
光復北路,,,171,介壽里,11
光復北路,,,173,介壽里,11
光復北路,,,175,介壽里,11
光復北路,177,,2,介壽里,11
光復北路,177,,4,介壽里,11
光復北路,177,,6,介壽里,11
光復北路,177,,7,介壽里,12
光復北路,177,,8,介壽里,11
光復北路,177,,9,介壽里,12
光復北路,177,,11,介壽里,12
光復北路,177,,12,介壽里,11
光復北路,177,,14,介壽里,11
光復北路,177,,15,介壽里,12
光復北路,177,,16,介壽里,11
光復北路,177,,17,介壽里,12
光復北路,177,,20,介壽里,10
光復北路,177,,21,介壽里,12
光復北路,177,,22,介壽里,10
光復北路,177,,24,介壽里,10
光復北路,177,,26,介壽里,10
光復北路,177,,28,介壽里,10
光復北路,177,,30,介壽里,10
延壽街,,,319,介壽里,5
延壽街,,,323,介壽里,5
延壽街,,,325,介壽里,5
延壽街,,,327,介壽里,5
延壽街,,,329,介壽里,5
延壽街,,,331,介壽里,5
延壽街,,,333,介壽里,5
延壽街,,,335,介壽里,5
延壽街,,,337之2,介壽里,5
延壽街,,,337之1,介壽里,5
延壽街,,,337之3,介壽里,5
延壽街,,,337,介壽里,5
延壽街,,,339,介壽里,5
延壽街,,,345,介壽里,6
延壽街,,,347,介壽里,6
延壽街,,,349,介壽里,6
延壽街,,,351,介壽里,6
延壽街,,,353,介壽里,6
延壽街,,,355,介壽里,6
延壽街,,,357,介壽里,6
延壽街,,,359,介壽里,6
延壽街,,,361,介壽里,6
延壽街,,,363,介壽里,6
延壽街,,,365,介壽里,6
延壽街,,,367,介壽里,6
延壽街,,,369,介壽里,6
延壽街,,,371,介壽里,6
延壽街,,,381,介壽里,8
延壽街,,,383,介壽里,8
延壽街,,,385,介壽里,8
延壽街,,,387,介壽里,8
延壽街,,,389,介壽里,8
延壽街,,,389之1,介壽里,8
延壽街,,,391,介壽里,8
延壽街,,,391之1,介壽里,8
延壽街,,,393,介壽里,8
延壽街,,,395,介壽里,8
延壽街,,,397,介壽里,8
延壽街,,,397之1,介壽里,8
延壽街,,,399之2,介壽里,8
延壽街,,,399之1,介壽里,8
延壽街,,,399,介壽里,8
延壽街,,,399之3,介壽里,8
延壽街,,,401,介壽里,8
新中街,2,,1,介壽里,4
新中街,,,2之3,介壽里,3
新中街,,,2之1,介壽里,3
新中街,,,2之2,介壽里,3
新中街,,,2之4,介壽里,3
新中街,2,,3,介壽里,4
新中街,2,,5,介壽里,4
新中街,2,,7,介壽里,4
新中街,2,,9,介壽里,4
新中街,2,,11,介壽里,4
新中街,2,,15,介壽里,4
新中街,2,,17,介壽里,4
新中街,2,,19,介壽里,4
新中街,2,,21,介壽里,4
新中街,2,,23之2,介壽里,4
新中街,2,,23,介壽里,4
新中街,2,,23之3,介壽里,4
新中街,2,,23之1,介壽里,4
新中街,4,,1,介壽里,2
新中街,4,,3,介壽里,2
新中街,4,,4,介壽里,3
新中街,4,,5,介壽里,2
新中街,4,,6,介壽里,3
新中街,4,,7,介壽里,2
新中街,4,,8,介壽里,3
新中街,4,,9,介壽里,2
新中街,4,,10,介壽里,3
新中街,4,,11,介壽里,2
新中街,4,,12,介壽里,3
新中街,4,,14,介壽里,3
新中街,4,,15,介壽里,2
新中街,4,,16,介壽里,3
新中街,4,,17,介壽里,2
新中街,4,,18,介壽里,3
新中街,4,,19,介壽里,2
新中街,4,,20,介壽里,3
新中街,4,,21,介壽里,2
新中街,6,,1,介壽里,21
新中街,6,,2,介壽里,1
新中街,6,,3,介壽里,21
新中街,6,,4,介壽里,1
新中街,6,,5,介壽里,21
新中街,6,,6,介壽里,1
新中街,6,,7,介壽里,21
新中街,6,,8,介壽里,1
新中街,6,,9,介壽里,21
新中街,6,,10,介壽里,1
新中街,6,,11,介壽里,21
新中街,6,,12,介壽里,1
新中街,6,,13,介壽里,21
新中街,6,,14,介壽里,1
新中街,6,,15,介壽里,21
新中街,6,,16,介壽里,1
新中街,6,,17,介壽里,21
新中街,6,,18,介壽里,1
新中街,6,,20,介壽里,1
新中街,,,7之1,介壽里,18
新中街,,,7之2,介壽里,18
新中街,,,7,介壽里,18
新中街,,,9之1,介壽里,18
新中街,,,9之2,介壽里,18
新中街,,,9,介壽里,18
新中街,,,11之1,介壽里,17
新中街,,,11,介壽里,17
新中街,,,13之2,介壽里,17
新中街,,,13,介壽里,17
新中街,,,13之1,介壽里,17
民生東路三段,,,133,民有里,12
民生東路三段,,,101,民有里,1
民生東路三段,,,103,民有里,1
民生東路三段,,,105,民有里,1
民生東路三段,107,,2,民有里,1
民生東路三段,107,,4,民有里,1
民生東路三段,107,,6,民有里,1
民生東路三段,,,109,民有里,1
民生東路三段,113,6,1,民有里,1
民生東路三段,113,6,3,民有里,1
民生東路三段,113,6,5,民有里,1
民生東路三段,113,6,7,民有里,1
民生東路三段,113,6,9,民有里,1
民生東路三段,113,6,11,民有里,1
民生東路三段,113,6,13,民有里,1
民生東路三段,113,6,15,民有里,1
民生東路三段,113,6,17,民有里,1
民生東路三段,113,6,19,民有里,1
民生東路三段,113,6,21,民有里,1
民生東路三段,113,6,23,民有里,1
民生東路三段,113,7,1,民有里,2
民生東路三段,113,7,3,民有里,2
民生東路三段,113,7,5,民有里,2
民生東路三段,113,7,7,民有里,2
民生東路三段,113,7,8,民有里,2
民生東路三段,113,7,8之1,民有里,2
民生東路三段,113,7,9,民有里,2
民生東路三段,113,7,10,民有里,2
民生東路三段,113,7,11,民有里,2
民生東路三段,113,7,12,民有里,2
民生東路三段,113,7,15,民有里,2
民生東路三段,113,7,17,民有里,2
民生東路三段,113,7,19,民有里,2
民生東路三段,113,,8,民有里,6
民生東路三段,113,,9,民有里,4
民生東路三段,113,,10,民有里,6
民生東路三段,113,,11,民有里,4
民生東路三段,113,,12之1,民有里,8
民生東路三段,113,,12,民有里,8
民生東路三段,113,,14之1,民有里,8
民生東路三段,113,,14,民有里,8
民生東路三段,113,,21,民有里,4
民生東路三段,113,,23,民有里,4
民生東路三段,113,25,1,民有里,11
民生東路三段,113,25,2,民有里,7
民生東路三段,113,25,2之1,民有里,7
民生東路三段,113,25,3,民有里,11
民生東路三段,113,25,4之1,民有里,7
民生東路三段,113,25,4,民有里,7
民生東路三段,113,25,5,民有里,11
民生東路三段,113,25,6之1,民有里,7
民生東路三段,113,25,6,民有里,7
民生東路三段,113,25,7,民有里,11
民生東路三段,113,25,8之1,民有里,7
民生東路三段,113,25,8,民有里,7
民生東路三段,113,25,9,民有里,11
民生東路三段,113,25,10,民有里,7
民生東路三段,113,25,11,民有里,11
民生東路三段,113,25,12,民有里,7
民生東路三段,113,25,13,民有里,11
民生東路三段,113,25,14,民有里,7
民生東路三段,113,25,15,民有里,11
民生東路三段,113,25,17,民有里,11
民生東路三段,113,25,19,民有里,11
民生東路三段,113,25,21,民有里,11
民生東路三段,113,25,23,民有里,11
民生東路三段,113,25,25,民有里,11
民生東路三段,113,25,27,民有里,11
民生東路三段,113,25,29,民有里,11
民生東路三段,113,25,31,民有里,11
民生東路三段,113,25,33,民有里,11
民生東路三段,113,25,35,民有里,11
民生東路三段,113,25,37,民有里,11
民生東路三段,113,25,39,民有里,11
民生東路三段,113,25,41,民有里,12
民生東路三段,113,25,45,民有里,12
民生東路三段,113,25,47,民有里,12
民生東路三段,113,25,49,民有里,12
民生東路三段,113,25,49之1,民有里,12
民生東路三段,113,25,51之1,民有里,12
民生東路三段,113,25,51,民有里,12
民生東路三段,113,25,53,民有里,12
民生東路三段,113,25,55,民有里,12
民生東路三段,113,,27,民有里,11
民生東路三段,113,,29,民有里,11
民生東路三段,113,,31,民有里,11
民生東路三段,113,,33,民有里,11
民生東路三段,113,,35,民有里,11
民生東路三段,113,,37,民有里,11
民生東路三段,113,,39,民有里,11
民生東路三段,,,115,民有里,2
民生東路三段,,,117,民有里,2
民生東路三段,,,117之1,民有里,2
民生東路三段,,,119,民有里,2
民生東路三段,,,121,民有里,2
民生東路三段,,,123,民有里,2
民生東路三段,,,125,民有里,2
民生東路三段,127,,6,民有里,2
民生東路三段,127,,8,民有里,2
民生東路三段,127,,10,民有里,2
民生東路三段,127,,12,民有里,2
民生東路三段,,,129,民有里,12
民生東路三段,,,131,民有里,12
民生東路三段,,,135,民有里,12
民權東路三段,,,102,民有里,5
民權東路三段,,,104,民有里,5
民權東路三段,106,,1,民有里,26
民權東路三段,106,3,1,民有里,26
民權東路三段,106,3,2,民有里,10
民權東路三段,106,3,3,民有里,26
民權東路三段,106,3,5,民有里,26
民權東路三段,106,3,7,民有里,26
民權東路三段,106,3,8,民有里,29
民權東路三段,106,3,9,民有里,26
民權東路三段,106,3,10,民有里,29
民權東路三段,106,3,11,民有里,26
民權東路三段,106,3,12,民有里,29
民權東路三段,106,3,13,民有里,26
民權東路三段,106,3,14,民有里,29
民權東路三段,106,3,15,民有里,26
民權東路三段,106,3,16,民有里,29
民權東路三段,106,3,18,民有里,29
民權東路三段,106,3,19,民有里,26
民權東路三段,106,3,20,民有里,29
民權東路三段,106,3,21,民有里,26
民權東路三段,106,3,22,民有里,29
民權東路三段,106,3,23,民有里,26
民權東路三段,106,3,24,民有里,29
民權東路三段,106,3,25,民有里,26
民權東路三段,106,3,26,民有里,29
民權東路三段,106,3,27,民有里,26
民權東路三段,106,3,28,民有里,29
民權東路三段,106,3,29,民有里,26
民權東路三段,106,3,30,民有里,29
民權東路三段,106,3,32,民有里,30
民權東路三段,106,3,34,民有里,30
民權東路三段,106,3,34之1,民有里,30
民權東路三段,106,3,36,民有里,30
民權東路三段,106,3,38,民有里,30
民權東路三段,106,3,40,民有里,30
民權東路三段,106,3,42,民有里,30
民權東路三段,106,3,44,民有里,30
民權東路三段,106,3,46,民有里,30
民權東路三段,106,3,51,民有里,29
民權東路三段,106,3,53,民有里,29
民權東路三段,106,3,55,民有里,29
民權東路三段,106,3,55之1,民有里,29
民權東路三段,106,3,55之3,民有里,29
民權東路三段,106,3,55之2,民有里,29
民權東路三段,106,3,57,民有里,30
民權東路三段,106,3,59,民有里,30
民權東路三段,106,3,61,民有里,30
民權東路三段,106,3,63,民有里,30
民權東路三段,106,3,65,民有里,30
民權東路三段,106,3,67,民有里,30
民權東路三段,106,,11,民有里,10
民權東路三段,106,,12,民有里,5
民權東路三段,106,,13,民有里,10
民權東路三段,106,,14,民有里,5
民權東路三段,106,15,1,民有里,10
民權東路三段,106,15,2,民有里,9
民權東路三段,106,15,3,民有里,10
民權東路三段,106,15,4,民有里,9
民權東路三段,106,15,5,民有里,10
民權東路三段,106,15,6,民有里,9
民權東路三段,106,15,7,民有里,10
民權東路三段,106,15,8,民有里,9
民權東路三段,106,15,9,民有里,9
民權東路三段,106,15,10,民有里,9
民權東路三段,106,15,11,民有里,9
民權東路三段,106,15,12,民有里,9
民權東路三段,106,15,13,民有里,9
民權東路三段,106,15,14,民有里,9
民權東路三段,106,15,15,民有里,9
民權東路三段,106,15,16,民有里,9
民權東路三段,106,15,17,民有里,9
民權東路三段,106,15,18,民有里,9
民權東路三段,106,15,19,民有里,9
民權東路三段,106,15,21,民有里,9
民權東路三段,106,15,23,民有里,9
民權東路三段,106,15,25,民有里,9
民權東路三段,106,,16,民有里,5
民權東路三段,106,,17,民有里,8
民權東路三段,106,,18,民有里,5
民權東路三段,106,,19,民有里,8
民權東路三段,106,21,1,民有里,8
民權東路三段,106,21,2,民有里,6
民權東路三段,106,21,3,民有里,8
民權東路三段,106,21,4,民有里,6
民權東路三段,106,21,5,民有里,8
民權東路三段,106,21,6,民有里,6
民權東路三段,106,21,7,民有里,8
民權東路三段,106,21,8,民有里,6
民權東路三段,106,21,9,民有里,8
民權東路三段,106,21,10,民有里,6
民權東路三段,106,21,11,民有里,8
民權東路三段,106,21,12,民有里,6
民權東路三段,106,21,13,民有里,8
民權東路三段,106,21,14,民有里,6
民權東路三段,106,21,15,民有里,8
民權東路三段,106,21,16,民有里,6
民權東路三段,106,21,17,民有里,8
民權東路三段,106,21,18,民有里,6
民權東路三段,106,21,19,民有里,8
民權東路三段,106,21,20,民有里,6
民權東路三段,106,21,21,民有里,8
民權東路三段,106,21,22,民有里,6
民權東路三段,106,21,23,民有里,8
民權東路三段,106,21,24,民有里,6
民權東路三段,106,,23,民有里,6
民權東路三段,106,,30,民有里,5
民權東路三段,106,,32,民有里,5
民權東路三段,106,,36,民有里,5
民權東路三段,106,,38,民有里,5
民權東路三段,,,108,民有里,27
民權東路三段,,,110,民有里,27
民權東路三段,,,112,民有里,27
民權東路三段,,,114,民有里,27
民權東路三段,,,116,民有里,27
民權東路三段,,,118,民有里,27
民權東路三段,,,120,民有里,27
民權東路三段,,,122,民有里,27
民權東路三段,,,124之2,民有里,27
民權東路三段,,,124,民有里,27
民權東路三段,,,124之1,民有里,27
民權東路三段,,,126,民有里,28
民權東路三段,,,128,民有里,28
民權東路三段,,,130,民有里,28
民權東路三段,,,132,民有里,28
民權東路三段,,,134,民有里,28
民權東路三段,,,136,民有里,28
民權東路三段,,,138,民有里,28
民權東路三段,140,,2之2,民有里,28
民權東路三段,140,,2之1,民有里,28
民權東路三段,140,,2,民有里,28
民權東路三段,140,,4,民有里,28
民權東路三段,140,,5,民有里,25
民權東路三段,140,,6,民有里,10
民權東路三段,140,,7,民有里,25
民權東路三段,140,,9,民有里,25
民權東路三段,140,,11,民有里,25
民權東路三段,140,,13,民有里,25
民權東路三段,140,,15,民有里,25
民權東路三段,,,142,民有里,32
民權東路三段,,,144,民有里,32
民權東路三段,,,146,民有里,32
民權東路三段,,,148,民有里,32
民權東路三段,,,150,民有里,32
民權東路三段,,,152,民有里,32
民權東路三段,,,154,民有里,32
民權東路三段,,,156,民有里,32
民權東路三段,,,158,民有里,32
民權東路三段,160,,1之1,民有里,23
民權東路三段,160,,1,民有里,23
民權東路三段,160,,1之2,民有里,23
民權東路三段,160,,2之2,民有里,32
民權東路三段,160,,2,民有里,31
民權東路三段,160,,2之4,民有里,32
民權東路三段,160,,2之5,民有里,32
民權東路三段,160,,2之1,民有里,32
民權東路三段,160,,2之3,民有里,32
民權東路三段,160,,2之6,民有里,32
民權東路三段,160,,7,民有里,24
民權東路三段,160,,9,民有里,19
民權東路三段,160,,11,民有里,19
民權東路三段,160,,15之1,民有里,19
民權東路三段,160,,15之2,民有里,19
民權東路三段,160,,15,民有里,19
民權東路三段,160,,17,民有里,19
民權東路三段,160,19,1,民有里,19
民權東路三段,160,19,2,民有里,17
民權東路三段,160,19,3,民有里,19
民權東路三段,160,19,4,民有里,17
民權東路三段,160,19,5,民有里,19
民權東路三段,160,19,6,民有里,17
民權東路三段,160,19,7,民有里,19
民權東路三段,160,19,8,民有里,17
民權東路三段,160,19,9,民有里,19
民權東路三段,160,19,10,民有里,17
民權東路三段,160,19,11,民有里,19
民權東路三段,160,19,12,民有里,17
民權東路三段,160,19,13,民有里,20
民權東路三段,160,19,14,民有里,17
民權東路三段,160,19,15,民有里,20
民權東路三段,160,19,16,民有里,17
民權東路三段,160,19,17,民有里,20
民權東路三段,160,19,18,民有里,17
民權東路三段,160,19,19,民有里,20
民權東路三段,160,19,20,民有里,18
民權東路三段,160,19,21,民有里,20
民權東路三段,160,19,22,民有里,18
民權東路三段,160,19,23,民有里,20
民權東路三段,160,19,24,民有里,18
民權東路三段,160,19,25,民有里,20
民權東路三段,160,19,26,民有里,18
民權東路三段,160,19,27,民有里,20
民權東路三段,160,19,28,民有里,18
民權東路三段,160,19,30,民有里,18
民權東路三段,160,19,32,民有里,18
民權東路三段,160,19,34,民有里,18
民權東路三段,160,19,36,民有里,18
民權東路三段,160,,21,民有里,16
民權東路三段,160,,21之1,民有里,16
民權東路三段,160,,22,民有里,15
民權東路三段,160,,23,民有里,16
民權東路三段,160,,24,民有里,15
民權東路三段,160,,25之1,民有里,16
民權東路三段,160,,25,民有里,16
民權東路三段,160,,26,民有里,15
民權東路三段,160,,28,民有里,15
民權東路三段,160,,30,民有里,15
民權東路三段,160,,32,民有里,15
民權東路三段,,,162之1,民有里,30
民權東路三段,,,162,民有里,30
民權東路三段,,,164,民有里,30
民權東路三段,,,166,民有里,30
民權東路三段,,,170,民有里,30
民權東路三段,,,170之1,民有里,30
民權東路三段,,,178,民有里,30
民權東路三段,184,,1,民有里,30
民權東路三段,,,186,民有里,30
民權東路三段,,,188,民有里,30
民權東路三段,,,190,民有里,30
復興北路,,,301,民有里,1
復興北路,,,303,民有里,1
復興北路,,,305,民有里,1
復興北路,,,307,民有里,1
復興北路,,,309,民有里,1
復興北路,,,311,民有里,1
復興北路,313,,1,民有里,5
復興北路,313,,3,民有里,5
復興北路,313,,5,民有里,3
復興北路,313,,6,民有里,3
復興北路,313,,7,民有里,3
復興北路,313,,8,民有里,3
復興北路,313,,9,民有里,3
復興北路,313,,10,民有里,3
復興北路,313,,11,民有里,3
復興北路,313,,12,民有里,3
復興北路,313,,13,民有里,3
復興北路,313,,14,民有里,3
復興北路,313,,15,民有里,6
復興北路,313,,16,民有里,3
復興北路,313,,17,民有里,6
復興北路,313,,18,民有里,3
復興北路,313,,19,民有里,6
復興北路,313,,19之1,民有里,6
復興北路,313,,19之2,民有里,6
復興北路,313,,20,民有里,3
復興北路,313,,21,民有里,6
復興北路,313,,22,民有里,3
復興北路,313,,23,民有里,6
復興北路,313,,24,民有里,3
復興北路,313,,25,民有里,4
復興北路,313,,26,民有里,3
復興北路,313,,27,民有里,4
復興北路,313,,28,民有里,3
復興北路,313,,29,民有里,4
復興北路,313,,30,民有里,4
復興北路,313,,30之1,民有里,4
復興北路,313,,31,民有里,4
復興北路,313,,32,民有里,4
復興北路,313,,34,民有里,4
復興北路,313,,36,民有里,4
復興北路,313,,37,民有里,4
復興北路,313,,38,民有里,4
復興北路,313,,39,民有里,4
復興北路,313,,40,民有里,4
復興北路,313,,41,民有里,4
復興北路,313,,42之1,民有里,4
復興北路,313,,42,民有里,4
復興北路,313,,43,民有里,4
復興北路,313,,45,民有里,4
復興北路,313,,46,民有里,4
復興北路,313,,47,民有里,4
復興北路,,,315,民有里,5
復興北路,,,319,民有里,5
復興北路,,,321,民有里,5
復興北路,,,323,民有里,5
復興北路,,,323之1,民有里,5
復興北路,,,325,民有里,5
復興北路,,,331,民有里,5
復興北路,,,333,民有里,5
復興北路,,,333之1,民有里,5
復興北路,,,335之1,民有里,5
復興北路,,,335,民有里,5
復興北路,,,337,民有里,5
復興北路,361,,2,民有里,10
復興北路,361,,2之1,民有里,10
復興北路,361,,4,民有里,10
復興北路,361,,6,民有里,10
復興北路,361,,7,民有里,10
復興北路,361,,8,民有里,10
復興北路,361,,10,民有里,10
復興北路,361,,12,民有里,10
復興北路,361,,14,民有里,10
復興北路,361,,16,民有里,10
復興北路,361,,18,民有里,10
復興北路,361,,20,民有里,10
復興北路,361,,22,民有里,10
復興北路,361,,24,民有里,10
復興北路,361,,26,民有里,10
復興北路,361,,28,民有里,10
復興北路,,,363,民有里,5
復興北路,,,365,民有里,5
復興北路,,,367,民有里,5
敦化北路,,,214,民有里,12
敦化北路,,,216,民有里,12
敦化北路,,,218,民有里,12
敦化北路,,,220,民有里,12
敦化北路,222,,1之1,民有里,13
敦化北路,222,,1,民有里,13
敦化北路,222,,2,民有里,12
敦化北路,222,,3,民有里,13
敦化北路,222,,5,民有里,13
敦化北路,222,6,1,民有里,12
敦化北路,222,6,2,民有里,12
敦化北路,222,6,3,民有里,12
敦化北路,222,6,4,民有里,12
敦化北路,222,6,5,民有里,12
敦化北路,222,6,6,民有里,12
敦化北路,222,,6,民有里,12
敦化北路,222,6,7,民有里,12
敦化北路,222,6,8,民有里,12
敦化北路,222,6,9,民有里,12
敦化北路,222,6,11,民有里,12
敦化北路,222,,7,民有里,13
敦化北路,222,,8,民有里,13
敦化北路,222,,9,民有里,13
敦化北路,222,,10,民有里,13
敦化北路,222,,11之2,民有里,13
敦化北路,222,,11,民有里,13
敦化北路,222,,11之1,民有里,13
敦化北路,222,,12之1,民有里,13
敦化北路,222,,12,民有里,13
敦化北路,222,,13,民有里,13
敦化北路,222,,14之1,民有里,13
敦化北路,222,,14,民有里,13
敦化北路,222,,15,民有里,13
敦化北路,222,,16,民有里,13
敦化北路,222,,17之1,民有里,13
敦化北路,222,,17之2,民有里,13
敦化北路,222,,17,民有里,13
敦化北路,222,18,1,民有里,14
敦化北路,222,18,2之1,民有里,14
敦化北路,222,18,2,民有里,14
敦化北路,222,18,3,民有里,14
敦化北路,222,18,4,民有里,14
敦化北路,222,18,5之1,民有里,14
敦化北路,222,18,5,民有里,14
敦化北路,222,18,6,民有里,14
敦化北路,222,18,6之1,民有里,14
敦化北路,222,18,7,民有里,14
敦化北路,222,18,9,民有里,14
敦化北路,222,,19,民有里,13
敦化北路,222,,19之1,民有里,13
敦化北路,222,,20,民有里,14
敦化北路,222,,21,民有里,13
敦化北路,222,,22之1,民有里,14
敦化北路,222,,22,民有里,14
敦化北路,222,,23,民有里,16
敦化北路,222,,24,民有里,14
敦化北路,222,,25,民有里,16
敦化北路,222,,25之1,民有里,16
敦化北路,222,,26,民有里,14
敦化北路,222,,27,民有里,16
敦化北路,222,,28,民有里,14
敦化北路,222,,29之1,民有里,16
敦化北路,222,,29,民有里,16
敦化北路,222,,30,民有里,14
敦化北路,222,,31,民有里,16
敦化北路,222,,31之1,民有里,16
敦化北路,222,,32,民有里,14
敦化北路,222,,33之1,民有里,16
敦化北路,222,,33,民有里,16
敦化北路,222,,34,民有里,14
敦化北路,222,,35,民有里,16
敦化北路,222,,35之1,民有里,16
敦化北路,222,,36,民有里,14
敦化北路,222,,37,民有里,16
敦化北路,222,,37之1,民有里,16
敦化北路,222,,38,民有里,14
敦化北路,222,,50,民有里,15
敦化北路,222,,52,民有里,15
敦化北路,222,,54,民有里,15
敦化北路,222,,56,民有里,15
敦化北路,222,,58,民有里,15
敦化北路,222,,60,民有里,15
敦化北路,222,,62,民有里,15
敦化北路,222,,64,民有里,15
敦化北路,222,,66,民有里,15
敦化北路,222,,68,民有里,15
敦化北路,222,,70,民有里,15
敦化北路,,,230之1,民有里,22
敦化北路,,,230,民有里,22
敦化北路,,,232,民有里,22
敦化北路,,,236,民有里,22
敦化北路,,,236之1,民有里,22
敦化北路,238,,4,民有里,22
敦化北路,238,5,1,民有里,22
敦化北路,238,5,3,民有里,22
敦化北路,238,6,1,民有里,22
敦化北路,238,6,3,民有里,22
敦化北路,238,6,5,民有里,22
敦化北路,238,6,7,民有里,22
敦化北路,238,,7,民有里,21
敦化北路,238,,8,民有里,22
敦化北路,238,,9,民有里,21
敦化北路,238,,10,民有里,22
敦化北路,238,,11,民有里,21
敦化北路,238,,12,民有里,22
敦化北路,238,,13,民有里,21
敦化北路,238,,14,民有里,22
敦化北路,238,,15,民有里,21
敦化北路,238,,16,民有里,21
敦化北路,238,,17,民有里,21
敦化北路,238,,18,民有里,21
敦化北路,238,,19,民有里,21
敦化北路,238,,20,民有里,21
敦化北路,238,,21,民有里,21
敦化北路,238,,22,民有里,21
敦化北路,238,,23,民有里,21
敦化北路,238,,24,民有里,21
敦化北路,238,,25,民有里,21
敦化北路,238,,26,民有里,21
敦化北路,238,,27,民有里,21
敦化北路,238,,28,民有里,21
敦化北路,238,,29,民有里,21
敦化北路,238,,32,民有里,21
敦化北路,,,240,民有里,24
敦化北路,244,,3,民有里,24
敦化北路,244,,5,民有里,24
敦化北路,244,6,4,民有里,22
敦化北路,244,6,6,民有里,22
敦化北路,244,6,8,民有里,22
敦化北路,244,6,10,民有里,22
敦化北路,244,6,16,民有里,22
敦化北路,244,6,18,民有里,22
敦化北路,244,,7,民有里,24
敦化北路,244,,8,民有里,22
敦化北路,244,,9,民有里,24
敦化北路,244,,10,民有里,22
敦化北路,244,,11,民有里,24
敦化北路,244,,12,民有里,22
敦化北路,244,,13,民有里,24
敦化北路,244,,15,民有里,24
敦化北路,244,,16,民有里,24
敦化北路,244,,17,民有里,24
敦化北路,244,,18,民有里,24
敦化北路,244,,19,民有里,24
敦化北路,244,,20,民有里,24
敦化北路,244,,21,民有里,24
敦化北路,244,,22,民有里,24
敦化北路,244,,23,民有里,24
敦化北路,244,,24,民有里,24
敦化北路,244,,25,民有里,24
敦化北路,244,,26,民有里,24
敦化北路,244,,27,民有里,24
敦化北路,244,,28,民有里,24
敦化北路,244,,29,民有里,24
敦化北路,244,,30,民有里,24
敦化北路,244,,31,民有里,25
敦化北路,244,,32,民有里,24
敦化北路,244,,33,民有里,25
敦化北路,244,,34,民有里,24
敦化北路,244,,35,民有里,25
敦化北路,244,,37,民有里,25
敦化北路,244,,39,民有里,25
敦化北路,244,,39之1,民有里,25
敦化北路,244,,41之1,民有里,25
敦化北路,244,,41,民有里,25
敦化北路,244,,43,民有里,25
敦化北路,244,,45,民有里,25
敦化北路,244,,47,民有里,25
敦化北路,244,,49,民有里,25
敦化北路,244,,51,民有里,25
敦化北路,244,,53,民有里,25
敦化北路,244,,55,民有里,25
敦化北路,,,256,民有里,24
敦化北路,,,258,民有里,30
敦化北路,,,260,民有里,30
敦化北路,,,262,民有里,30
五常街,,,267,民福里,2
五常街,,,267之1,民福里,2
五常街,,,269,民福里,2
五常街,,,271,民福里,2
五常街,,,273,民福里,2
五常街,,,275,民福里,2
五常街,,,277,民福里,2
五常街,,,279,民福里,2
五常街,281,,1,民福里,2
五常街,281,,3,民福里,2
五常街,281,,5,民福里,2
五常街,281,,7,民福里,2
五常街,281,,9,民福里,2
五常街,281,,11,民福里,2
五常街,281,,13,民福里,2
五常街,281,,15,民福里,2
五常街,,,281之1,民福里,2
五常街,,,281之2,民福里,2
五常街,,,360,民福里,4
五常街,,,362,民福里,4
五常街,,,364,民福里,4
五常街,,,366,民福里,6
五常街,,,368,民福里,6
五常街,370,,8,民福里,20
五常街,370,,10,民福里,20
五常街,370,12,2,民福里,20
五常街,370,12,4,民福里,20
五常街,370,12,6,民福里,20
五常街,370,12,8,民福里,20
五常街,370,12,10,民福里,20
五常街,370,12,12,民福里,20
五常街,370,,14,民福里,20
五常街,370,,16,民福里,20
五常街,370,,18,民福里,20
五常街,370,,20,民福里,20
五常街,370,,22,民福里,20
五常街,370,,24,民福里,20
五常街,370,,25,民福里,20
五常街,370,,26,民福里,20
五常街,370,,27,民福里,20
五常街,370,,28,民福里,20
五常街,370,,29,民福里,20
五常街,370,,30,民福里,20
五常街,370,,31,民福里,20
五常街,370,,32,民福里,20
五常街,370,,33,民福里,20
五常街,370,,34,民福里,20
五常街,370,,35,民福里,20
五常街,370,,36,民福里,20
五常街,370,,37,民福里,20
五常街,370,,38,民福里,20
五常街,370,,39,民福里,20
五常街,370,,40,民福里,20
五常街,370,,41,民福里,20
五常街,370,,42,民福里,20
五常街,370,,43,民福里,20
五常街,370,,44,民福里,20
五常街,370,,45,民福里,20
五常街,370,,46,民福里,20
五常街,370,,47,民福里,20
五常街,370,48,1,民福里,20
五常街,370,48,3,民福里,20
五常街,370,48,5,民福里,20
五常街,370,48,7,民福里,20
五常街,370,48,9,民福里,20
五常街,370,48,11,民福里,20
五常街,370,48,13,民福里,20
五常街,370,48,15,民福里,20
五常街,370,48,17,民福里,20
五常街,370,48,19,民福里,20
五常街,370,48,21,民福里,20
五常街,370,48,23,民福里,20
五常街,370,48,25,民福里,20
五常街,370,48,27,民福里,20
五常街,370,,49,民福里,20
五常街,370,,51,民福里,20
五常街,370,,53,民福里,20
五常街,370,,55,民福里,20
五常街,370,,55之1,民福里,20
五常街,,,370,民福里,6
民族東路,,,610,民福里,1
民族東路,,,612,民福里,1
民族東路,,,614,民福里,1
民族東路,,,616,民福里,1
民族東路,,,618,民福里,1
民族東路,,,620,民福里,1
民族東路,,,622,民福里,1
民族東路,,,624,民福里,1
民族東路,,,626,民福里,1
民族東路,,,630,民福里,15
民族東路,,,632,民福里,15
民族東路,,,634,民福里,15
民族東路,,,636,民福里,15
民族東路,,,638,民福里,15
民族東路,,,640,民福里,15
民族東路,,,642,民福里,15
民族東路,,,644,民福里,15
民族東路,,,646,民福里,15
民族東路,,,648,民福里,15
民族東路,,,650之1,民福里,15
民族東路,,,650,民福里,15
民族東路,,,652,民福里,15
民族東路,,,652之1,民福里,15
民族東路,,,654,民福里,15
民族東路,,,654之1,民福里,15
民族東路,,,656之1,民福里,15
民族東路,,,656,民福里,15
民族東路,,,658,民福里,15
民族東路,,,662,民福里,15
民族東路,,,664,民福里,15
民族東路,,,665,民福里,22
民族東路,,,666,民福里,15
民族東路,,,667,民福里,22
民族東路,668,1,1,民福里,17
民族東路,668,1,2,民福里,17
民族東路,668,1,3,民福里,17
民族東路,668,1,4,民福里,17
民族東路,668,1,5,民福里,17
民族東路,668,1,7,民福里,17
民族東路,668,1,9,民福里,17
民族東路,668,1,11,民福里,17
民族東路,668,2,1,民福里,17
民族東路,668,2,2,民福里,17
民族東路,668,2,3,民福里,17
民族東路,668,2,4,民福里,17
民族東路,668,2,5,民福里,17
民族東路,668,2,6,民福里,17
民族東路,668,2,7,民福里,17
民族東路,668,2,8,民福里,17
民族東路,668,2,10,民福里,17
民族東路,668,2,12,民福里,17
民族東路,668,2,14,民福里,17
民族東路,668,,3,民福里,17
民族東路,668,,5,民福里,17
民族東路,,,669,民福里,22
民族東路,,,670,民福里,26
民族東路,,,671,民福里,22
民族東路,,,671之1,民福里,22
民族東路,,,672,民福里,26
民族東路,,,673之1,民福里,22
民族東路,,,673,民福里,22
民族東路,,,674,民福里,26
民族東路,,,675,民福里,22
民族東路,,,675之1,民福里,22
民族東路,,,676,民福里,26
民族東路,,,677之1,民福里,22
民族東路,,,677,民福里,22
民族東路,,,678,民福里,26
民族東路,,,679之1,民福里,22
民族東路,,,679,民福里,22
民族東路,,,680,民福里,26
民族東路,,,681,民福里,22
民族東路,,,681之1,民福里,22
民族東路,,,682,民福里,26
民族東路,,,683之1,民福里,22
民族東路,,,683,民福里,22
民族東路,,,684,民福里,26
民族東路,,,685,民福里,22
民族東路,,,685之1,民福里,22
民族東路,,,686,民福里,26
民族東路,,,687,民福里,23
民族東路,,,687之1,民福里,23
民族東路,,,688,民福里,26
民族東路,,,689之1,民福里,23
民族東路,,,689,民福里,23
民族東路,,,690,民福里,26
民族東路,,,691,民福里,23
民族東路,,,691之1,民福里,23
民族東路,,,693,民福里,23
民族東路,,,695,民福里,23
民族東路,,,697,民福里,23
民族東路,,,699,民福里,23
民族東路,,,701,民福里,23
民族東路,,,702,民福里,26
民族東路,,,703,民福里,23
民族東路,,,704,民福里,26
民族東路,,,705,民福里,23
民族東路,,,706,民福里,26
民族東路,,,707,民福里,23
民族東路,,,708,民福里,26
民族東路,,,709,民福里,23
民族東路,,,710,民福里,26
民族東路,,,711,民福里,23
民族東路,,,712之1,民福里,26
民族東路,,,712,民福里,26
民族東路,,,713,民福里,23
民族東路,,,715,民福里,23
民族東路,,,717,民福里,23
民族東路,,,719,民福里,23
民族東路,,,721,民福里,23
民族東路,,,722,民福里,21
民族東路,,,723,民福里,23
民族東路,,,724,民福里,21
民族東路,,,725,民福里,23
民族東路,,,726,民福里,21
民族東路,,,728,民福里,21
民族東路,,,730,民福里,21
民族東路,,,732,民福里,27
民族東路,,,733,民福里,24
民族東路,,,733之1,民福里,24
民族東路,,,734,民福里,27
民族東路,,,735之1,民福里,24
民族東路,,,735,民福里,24
民族東路,,,736,民福里,27
民族東路,,,737,民福里,24
民族東路,,,739,民福里,24
民族東路,,,740,民福里,27
民族東路,,,741,民福里,24
民族東路,,,741之1,民福里,24
民族東路,,,742,民福里,27
民族東路,,,743,民福里,24
民族東路,,,743之1,民福里,24
民族東路,,,745,民福里,24
民族東路,,,747,民福里,24
民族東路,,,747之1,民福里,24
民族東路,,,749之1,民福里,24
民族東路,,,749,民福里,24
民族東路,,,750,民福里,27
民族東路,,,751,民福里,25
民族東路,,,753之1,民福里,25
民族東路,,,753,民福里,25
民族東路,,,755,民福里,25
民族東路,,,755之1,民福里,25
民族東路,,,757,民福里,25
民族東路,,,759,民福里,25
民族東路,,,761,民福里,25
民族東路,,,763,民福里,25
民族東路,,,765之1,民福里,25
民族東路,,,765,民福里,25
民族東路,,,767,民福里,25
民族東路,,,767之1,民福里,25
民族東路,,,769,民福里,25
民權東路三段,103,,1,民福里,12
民權東路三段,103,,1之1,民福里,12
民權東路三段,103,,3之2,民福里,10
民權東路三段,103,,3,民福里,10
民權東路三段,103,,3之3,民福里,10
民權東路三段,103,,3之1,民福里,10
民權東路三段,103,5,1,民福里,10
民權東路三段,103,5,3,民福里,10
民權東路三段,103,5,5,民福里,10
民權東路三段,103,5,7,民福里,10
民權東路三段,103,5,9,民福里,8
民權東路三段,103,5,11,民福里,8
民權東路三段,103,5,13,民福里,8
民權東路三段,103,5,15,民福里,8
民權東路三段,103,5,17,民福里,8
民權東路三段,103,5,19,民福里,8
民權東路三段,103,5,21,民福里,8
民權東路三段,103,5,23,民福里,8
民權東路三段,103,5,25,民福里,8
民權東路三段,103,5,27,民福里,8
民權東路三段,103,5,29,民福里,8
民權東路三段,103,5,31,民福里,8
民權東路三段,103,5,32,民福里,14
民權東路三段,103,5,33,民福里,8
民權東路三段,103,5,35,民福里,8
民權東路三段,103,5,36,民福里,14
民權東路三段,103,5,37,民福里,8
民權東路三段,103,5,38,民福里,14
民權東路三段,103,5,40,民福里,14
民權東路三段,103,5,42,民福里,14
民權東路三段,103,5,44,民福里,14
民權東路三段,103,5,45,民福里,9
民權東路三段,103,5,46,民福里,14
民權東路三段,103,5,47,民福里,9
民權東路三段,103,5,48,民福里,14
民權東路三段,103,5,49,民福里,9
民權東路三段,103,5,51,民福里,9
民權東路三段,103,5,81,民福里,9
民權東路三段,103,5,83,民福里,9
民權東路三段,103,5,143之6,民福里,9
民權東路三段,103,5,145之2,民福里,9
民權東路三段,103,5,145之1,民福里,9
民權東路三段,103,5,151,民福里,9
民權東路三段,103,5,169,民福里,9
民權東路三段,103,5,171,民福里,9
民權東路三段,103,,9之2,民福里,10
民權東路三段,103,,9之1,民福里,10
民權東路三段,103,,10,民福里,5
民權東路三段,103,,11,民福里,10
民權東路三段,103,,12,民福里,5
民權東路三段,103,13,46之1,民福里,6
民權東路三段,103,13,46之3,民福里,6
民權東路三段,103,,14,民福里,5
民權東路三段,103,,15之1,民福里,6
民權東路三段,103,,15之2,民福里,6
民權東路三段,103,,16,民福里,5
民權東路三段,103,,17,民福里,6
民權東路三段,103,,17之1,民福里,6
民權東路三段,103,,18,民福里,5
民權東路三段,103,,19,民福里,6
民權東路三段,103,,20,民福里,5
民權東路三段,103,,21,民福里,6
民權東路三段,103,,22,民福里,4
民權東路三段,103,,23之2,民福里,6
民權東路三段,103,,23之1,民福里,6
民權東路三段,103,,23之3,民福里,6
民權東路三段,103,,23之4,民福里,6
民權東路三段,103,24,1,民福里,4
民權東路三段,103,24,2,民福里,4
民權東路三段,103,24,3,民福里,4
民權東路三段,103,24,4,民福里,4
民權東路三段,103,25,2,民福里,18
民權東路三段,103,25,4,民福里,18
民權東路三段,103,25,6,民福里,18
民權東路三段,103,25,8,民福里,18
民權東路三段,103,,26,民福里,4
民權東路三段,103,,28,民福里,4
民權東路三段,103,30,1,民福里,4
民權東路三段,103,30,2,民福里,4
民權東路三段,103,30,3,民福里,4
民權東路三段,103,30,4,民福里,4
民權東路三段,103,,31,民福里,6
民權東路三段,103,,32,民福里,4
民權東路三段,103,,33,民福里,6
民權東路三段,103,,35,民福里,6
民權東路三段,,,107,民福里,12
民權東路三段,,,109,民福里,12
民權東路三段,,,111,民福里,12
民權東路三段,,,113,民福里,12
民權東路三段,115,,1,民福里,13
民權東路三段,115,,2,民福里,12
民權東路三段,115,,3,民福里,13
民權東路三段,115,,4,民福里,12
民權東路三段,,,117,民福里,13
民權東路三段,,,119,民福里,13
民權東路三段,,,121,民福里,13
民權東路三段,,,121之1,民福里,13
民權東路三段,,,123,民福里,13
民權東路三段,125,,2,民福里,13
民權東路三段,125,,4,民福里,13
民權東路三段,125,,6,民福里,11
民權東路三段,125,,8,民福里,11
民權東路三段,125,,10,民福里,11
民權東路三段,125,,12,民福里,11
民權東路三段,141,,2,民福里,14
民權東路三段,141,,6之1,民福里,14
民權東路三段,141,,6之3,民福里,14
民權東路三段,141,,6,民福里,14
民權東路三段,141,,6之2,民福里,14
民權東路三段,141,,8之1,民福里,14
民權東路三段,141,,8,民福里,14
民權東路三段,141,,8之2,民福里,14
民權東路三段,141,,8之3,民福里,14
民權東路三段,153,1,1,民福里,14
民權東路三段,153,1,3,民福里,14
民權東路三段,153,1,5,民福里,14
民權東路三段,153,1,7,民福里,14
民權東路三段,153,1,9,民福里,14
民權東路三段,153,2,1,民福里,14
民權東路三段,153,2,3,民福里,14
民權東路三段,153,2,5,民福里,14
民權東路三段,153,2,7,民福里,14
民權東路三段,153,3,1,民福里,14
民權東路三段,153,3,2,民福里,14
民權東路三段,153,3,3,民福里,14
民權東路三段,153,3,4,民福里,14
民權東路三段,153,3,5,民福里,14
民權東路三段,153,3,6,民福里,14
民權東路三段,153,3,7,民福里,14
民權東路三段,153,3,8,民福里,14
民權東路三段,153,3,9,民福里,14
民權東路三段,153,3,10,民福里,14
民權東路三段,153,4,1,民福里,14
民權東路三段,153,4,2,民福里,14
民權東路三段,153,4,3,民福里,14
民權東路三段,153,4,4,民福里,14
民權東路三段,153,4,5,民福里,14
民權東路三段,153,4,6,民福里,14
民權東路三段,153,4,7,民福里,14
民權東路三段,153,4,8,民福里,14
民權東路三段,,,161,民福里,14
民權東路三段,,,167,民福里,14
民權東路三段,,,169,民福里,14
民權東路三段,,,171,民福里,14
民權東路三段,,,173,民福里,14
民權東路三段,175,,1,民福里,27
民權東路三段,175,,3,民福里,27
民權東路三段,175,,5,民福里,27
民權東路三段,,,179,民福里,27
民權東路三段,,,181,民福里,27
民權東路三段,,,189,民福里,27
民權東路三段,191,1,1,民福里,27
民權東路三段,191,1,2,民福里,27
民權東路三段,191,1,3,民福里,27
民權東路三段,191,1,4,民福里,27
民權東路三段,191,1,5,民福里,27
民權東路三段,191,1,6,民福里,27
民權東路三段,191,1,8,民福里,27
民權東路三段,191,,3,民福里,27
民權東路三段,191,,5,民福里,27
民權東路三段,191,,6,民福里,27
民權東路三段,191,7,1,民福里,27
民權東路三段,191,7,2,民福里,27
民權東路三段,191,7,3,民福里,27
民權東路三段,191,7,4,民福里,27
民權東路三段,191,7,5,民福里,27
民權東路三段,191,7,6,民福里,27
民權東路三段,191,7,7,民福里,27
民權東路三段,191,7,9,民福里,27
民權東路三段,191,,8,民福里,27
民權東路三段,191,,9,民福里,27
民權東路三段,191,,11,民福里,27
民權東路三段,191,,12,民福里,27
民權東路三段,191,13,1,民福里,27
民權東路三段,191,13,2,民福里,27
民權東路三段,191,13,3,民福里,27
民權東路三段,191,13,4,民福里,27
民權東路三段,191,13,5,民福里,27
民權東路三段,191,13,6,民福里,27
民權東路三段,191,,15,民福里,27
民權東路三段,191,,17,民福里,27
民權東路三段,191,19,1,民福里,27
民權東路三段,191,19,2,民福里,27
民權東路三段,191,19,3,民福里,27
民權東路三段,191,19,4,民福里,27
民權東路三段,191,19,5,民福里,27
民權東路三段,191,19,6,民福里,27
民權東路三段,191,,23,民福里,21
民權東路三段,191,25,1,民福里,21
民權東路三段,191,25,2,民福里,21
民權東路三段,191,25,3,民福里,21
民權東路三段,191,25,4,民福里,21
民權東路三段,191,25,5,民福里,21
民權東路三段,191,25,6,民福里,21
民權東路三段,191,,26,民福里,20
民權東路三段,191,,27,民福里,21
民權東路三段,191,,28,民福里,20
民權東路三段,191,,29,民福里,21
民權東路三段,191,,30,民福里,20
民權東路三段,191,31,1,民福里,21
民權東路三段,191,31,2,民福里,21
民權東路三段,191,31,3,民福里,21
民權東路三段,191,31,4,民福里,21
民權東路三段,191,31,5,民福里,21
民權東路三段,191,31,6,民福里,21
民權東路三段,191,,32,民福里,20
民權東路三段,191,,33,民福里,21
民權東路三段,191,,34,民福里,20
民權東路三段,191,,34之2,民福里,20
民權東路三段,191,,34之1,民福里,20
民權東路三段,191,,35,民福里,21
民權東路三段,191,37,1,民福里,21
民權東路三段,191,37,2,民福里,21
民權東路三段,191,37,3,民福里,21
民權東路三段,191,37,4,民福里,21
民權東路三段,191,37,5,民福里,21
民權東路三段,191,37,6,民福里,21
民權東路三段,191,,41,民福里,21
民權東路三段,191,43,1,民福里,21
民權東路三段,191,43,2,民福里,21
民權東路三段,191,43,3,民福里,21
民權東路三段,191,43,5,民福里,21
民權東路三段,191,,66,民福里,19
民權東路三段,191,,68,民福里,19
民權東路三段,191,,70,民福里,19
民權東路三段,191,,72,民福里,19
民權東路三段,191,,74,民福里,19
民權東路三段,191,,76,民福里,19
民權東路三段,191,,77,民福里,20
民權東路三段,191,,78,民福里,19
民權東路三段,191,,79,民福里,20
民權東路三段,191,,80,民福里,19
民權東路三段,191,,81,民福里,20
民權東路三段,191,,83,民福里,20
民權東路三段,191,,85,民福里,20
民權東路三段,191,,87,民福里,20
民權東路三段,191,,89,民福里,20
民權東路三段,191,,93,民福里,19
民權東路三段,191,,95,民福里,19
民權東路三段,191,,97,民福里,19
民權東路三段,191,,99,民福里,19
民權東路三段,191,,101,民福里,19
民權東路三段,191,,103,民福里,19
民權東路三段,191,,105,民福里,19
民權東路三段,191,,107,民福里,19
民權東路三段,191,,109,民福里,19
民權東路三段,191,,111,民福里,19
民權東路三段,197,,1,民福里,27
民權東路三段,197,,4,民福里,27
民權東路三段,,,199,民福里,27
民權東路三段,,,211,民福里,27
復興北路,,,369,民福里,5
復興北路,,,375,民福里,5
復興北路,,,415,民福里,5
復興北路,,,417,民福里,5
復興北路,,,419,民福里,5
復興北路,,,421,民福里,5
復興北路,,,423,民福里,5
復興北路,,,425,民福里,5
復興北路,427,,1,民福里,5
復興北路,427,,3,民福里,5
復興北路,427,,5,民福里,5
復興北路,427,,7,民福里,5
復興北路,427,,9,民福里,5
復興北路,427,,11,民福里,18
復興北路,427,,13,民福里,18
復興北路,427,,14,民福里,7
復興北路,427,,15,民福里,18
復興北路,427,,16,民福里,7
復興北路,427,,17,民福里,18
復興北路,427,,18,民福里,7
復興北路,427,,19,民福里,18
復興北路,427,,20,民福里,7
復興北路,427,,21,民福里,7
復興北路,427,,22,民福里,7
復興北路,427,,23,民福里,7
復興北路,427,,24,民福里,7
復興北路,427,,25,民福里,9
復興北路,427,,26,民福里,7
復興北路,427,,28,民福里,7
復興北路,427,,30,民福里,9
復興北路,427,,32,民福里,9
復興北路,427,,34,民福里,9
復興北路,427,,36,民福里,9
復興北路,,,431,民福里,3
復興北路,,,433,民福里,3
復興北路,,,443,民福里,3
復興北路,,,445,民福里,3
復興北路,,,447,民福里,3
復興北路,,,449,民福里,3
復興北路,,,451,民福里,3
復興北路,,,453,民福里,3
復興北路,,,455,民福里,3
復興北路,,,457,民福里,3
復興北路,,,459,民福里,3
復興北路,,,461,民福里,3
復興北路,,,463,民福里,3
復興北路,,,465,民福里,3
復興北路,,,467,民福里,3
復興北路,,,469,民福里,3
復興北路,,,471,民福里,3
復興北路,,,473,民福里,3
復興北路,,,475,民福里,3
復興北路,,,477,民福里,3
復興北路,479,,1,民福里,2
復興北路,479,,3,民福里,2
復興北路,479,,5,民福里,2
復興北路,479,,6,民福里,2
復興北路,479,,7,民福里,2
復興北路,479,,8,民福里,2
復興北路,479,,9,民福里,2
復興北路,479,,10,民福里,2
復興北路,479,,11,民福里,2
復興北路,479,,12,民福里,2
復興北路,479,,14,民福里,2
復興北路,479,,16,民福里,2
復興北路,,,481,民福里,3
復興北路,,,483,民福里,3
復興北路,,,489,民福里,3
復興北路,,,495,民福里,3
復興北路,,,497,民福里,3
復興北路,499,2,1,民福里,16
復興北路,499,2,2,民福里,16
復興北路,499,2,3,民福里,16
復興北路,499,2,4,民福里,16
復興北路,499,2,5,民福里,16
復興北路,499,2,6,民福里,16
復興北路,499,2,7,民福里,16
復興北路,499,2,8,民福里,16
復興北路,499,2,9,民福里,16
復興北路,499,2,10,民福里,16
復興北路,499,2,11,民福里,16
復興北路,499,2,12,民福里,16
復興北路,499,2,13,民福里,16
復興北路,499,2,14,民福里,16
復興北路,499,2,15,民福里,16
復興北路,499,2,16,民福里,16
復興北路,499,2,17,民福里,16
復興北路,499,2,18,民福里,16
復興北路,499,2,19,民福里,16
復興北路,499,2,20,民福里,16
復興北路,499,5,1,民福里,1
復興北路,499,5,3,民福里,1
復興北路,499,5,5,民福里,1
復興北路,,,509,民福里,1
復興北路,,,511,民福里,1
復興北路,,,513,民福里,1
復興北路,,,515,民福里,1
復興北路,,,517,民福里,1
復興北路,,,525,民福里,1
復興北路,,,527,民福里,1
八德路三段,74,3,26,吉仁里,4
八德路三段,74,3,2,吉仁里,4
八德路三段,74,3,4,吉仁里,4
八德路三段,74,3,6,吉仁里,4
八德路三段,74,3,8,吉仁里,4
八德路三段,74,3,10,吉仁里,4
八德路三段,74,3,12,吉仁里,4
八德路三段,74,3,14,吉仁里,4
八德路三段,74,3,16,吉仁里,4
八德路三段,74,3,18,吉仁里,4
八德路三段,74,3,20,吉仁里,4
八德路三段,74,3,22,吉仁里,4
八德路三段,74,3,24,吉仁里,4
八德路三段,74,3,28,吉仁里,4
八德路三段,74,,5,吉仁里,4
八德路三段,74,,7,吉仁里,4
八德路三段,74,,9,吉仁里,4
八德路三段,74,,11,吉仁里,4
八德路三段,74,13,1之1,吉仁里,4
八德路三段,74,13,1,吉仁里,4
八德路三段,74,13,1之2,吉仁里,4
八德路三段,74,13,2,吉仁里,6
八德路三段,74,13,3,吉仁里,4
八德路三段,74,13,4,吉仁里,6
八德路三段,74,13,5之1,吉仁里,4
八德路三段,74,13,5,吉仁里,4
八德路三段,74,13,5之2,吉仁里,4
八德路三段,74,13,6,吉仁里,6
八德路三段,74,13,8,吉仁里,6
八德路三段,74,,15,吉仁里,6
八德路三段,74,,17,吉仁里,6
八德路三段,74,,19,吉仁里,6
八德路三段,74,,21,吉仁里,6
八德路三段,74,,23,吉仁里,6
八德路三段,74,,25,吉仁里,6
八德路三段,74,,27,吉仁里,6
八德路三段,74,,29,吉仁里,6
八德路三段,74,,31,吉仁里,6
八德路三段,74,35,1,吉仁里,5
八德路三段,74,35,2,吉仁里,7
八德路三段,74,35,3之1,吉仁里,5
八德路三段,74,35,3,吉仁里,5
八德路三段,74,35,4,吉仁里,7
八德路三段,74,35,5,吉仁里,5
八德路三段,74,35,6,吉仁里,7
八德路三段,74,35,7之1,吉仁里,5
八德路三段,74,35,7,吉仁里,5
八德路三段,74,35,8,吉仁里,7
八德路三段,74,,37,吉仁里,7
八德路三段,74,,39,吉仁里,7
八德路三段,74,,41之1,吉仁里,7
八德路三段,74,,41,吉仁里,7
八德路三段,74,,43,吉仁里,7
八德路三段,74,45,1,吉仁里,7
八德路三段,74,45,3,吉仁里,7
八德路三段,74,,47,吉仁里,8
八德路三段,74,,49,吉仁里,9
八德路三段,74,,91,吉仁里,15
八德路三段,74,,93,吉仁里,15
八德路三段,74,,95,吉仁里,15
八德路三段,,,76,吉仁里,4
八德路三段,,,78,吉仁里,4
八德路三段,,,80,吉仁里,4
八德路三段,,,82,吉仁里,4
八德路三段,,,84,吉仁里,4
八德路三段,,,86,吉仁里,4
八德路三段,,,88,吉仁里,4
八德路三段,,,90,吉仁里,4
八德路三段,,,92,吉仁里,4
八德路三段,106,,1,吉仁里,16
八德路三段,106,,1之1,吉仁里,16
八德路三段,106,,1之2,吉仁里,16
八德路三段,106,,1之3,吉仁里,16
八德路三段,106,,1之4,吉仁里,16
八德路三段,106,,1之10,吉仁里,16
八德路三段,106,,1之11,吉仁里,16
八德路三段,106,,1之12,吉仁里,16
八德路三段,106,,1之13,吉仁里,16
八德路三段,106,,1之14,吉仁里,16
八德路三段,106,,1之15,吉仁里,16
八德路三段,106,,1之16,吉仁里,16
八德路三段,106,,1之17,吉仁里,16
八德路三段,106,,1之18,吉仁里,16
八德路三段,106,,1之19,吉仁里,16
八德路三段,106,,1之20,吉仁里,16
八德路三段,106,,1之21,吉仁里,16
八德路三段,106,,1之22,吉仁里,16
八德路三段,106,,1之23,吉仁里,16
八德路三段,106,,1之24,吉仁里,16
八德路三段,106,,1之25,吉仁里,16
八德路三段,106,,1之26,吉仁里,16
八德路三段,106,,1之27,吉仁里,16
八德路三段,106,,1之28,吉仁里,16
八德路三段,106,,1之29,吉仁里,16
八德路三段,106,,1之30,吉仁里,16
八德路三段,106,,1之31,吉仁里,16
八德路三段,106,,1之32,吉仁里,16
八德路三段,106,,1之33,吉仁里,16
八德路三段,106,,1之34,吉仁里,16
八德路三段,106,,1之35,吉仁里,16
八德路三段,106,,1之36,吉仁里,16
八德路三段,106,,1之37,吉仁里,16
八德路三段,106,,1之38,吉仁里,16
八德路三段,106,,1之39,吉仁里,16
八德路三段,106,,1之40,吉仁里,16
八德路三段,106,,1之5,吉仁里,16
八德路三段,106,,1之6,吉仁里,16
八德路三段,106,,1之7,吉仁里,16
八德路三段,106,,1之8,吉仁里,16
八德路三段,106,,1之9,吉仁里,16
八德路三段,106,,13之1,吉仁里,1
八德路三段,106,,17,吉仁里,1
八德路三段,106,,20之1,吉仁里,1
八德路三段,106,,20之2,吉仁里,1
八德路三段,106,,20,吉仁里,1
八德路三段,,,108,吉仁里,1
八德路三段,,,110,吉仁里,1
八德路三段,,,112,吉仁里,1
八德路三段,,,114,吉仁里,1
八德路三段,,,116,吉仁里,1
八德路三段,,,118,吉仁里,1
八德路三段,,,120,吉仁里,1
市民大道四段,,,207,吉仁里,15
市民大道四段,,,209,吉仁里,15
市民大道四段,,,211,吉仁里,15
市民大道四段,,,213,吉仁里,15
市民大道四段,,,215之1,吉仁里,15
市民大道四段,,,215,吉仁里,15
市民大道四段,,,217,吉仁里,15
市民大道四段,,,219,吉仁里,15
市民大道四段,,,223,吉仁里,15
市民大道四段,,,225,吉仁里,15
市民大道四段,,,241,吉仁里,3
市民大道四段,,,243,吉仁里,3
延吉街,,,2之2,吉仁里,4
延吉街,,,2之3,吉仁里,4
延吉街,,,2之4,吉仁里,4
延吉街,,,2之5,吉仁里,4
延吉街,,,2之1,吉仁里,4
延吉街,,,2之8,吉仁里,4
延吉街,,,2之6,吉仁里,4
延吉街,,,2之7,吉仁里,4
延吉街,,,4之2,吉仁里,4
延吉街,,,4之1,吉仁里,4
延吉街,6,,1,吉仁里,4
延吉街,,,6,吉仁里,4
延吉街,6,,10,吉仁里,4
延吉街,,,7之1,吉仁里,1
延吉街,,,7,吉仁里,1
延吉街,,,7之4,吉仁里,1
延吉街,,,7之2,吉仁里,1
延吉街,,,7之3,吉仁里,1
延吉街,,,7之5,吉仁里,1
延吉街,,,7之6,吉仁里,1
延吉街,,,8之3,吉仁里,6
延吉街,,,8之2,吉仁里,6
延吉街,,,8之1,吉仁里,4
延吉街,,,8,吉仁里,4
延吉街,9,,1,吉仁里,1
延吉街,9,,2,吉仁里,2
延吉街,9,,3,吉仁里,1
延吉街,9,,4,吉仁里,2
延吉街,9,,6,吉仁里,2
延吉街,9,,8,吉仁里,2
延吉街,,,9之2,吉仁里,2
延吉街,,,9,吉仁里,2
延吉街,,,9之3,吉仁里,2
延吉街,,,9之4,吉仁里,2
延吉街,,,9之1,吉仁里,2
延吉街,,,9之5,吉仁里,2
延吉街,,,9之6,吉仁里,2
延吉街,9,,10,吉仁里,2
延吉街,9,,12,吉仁里,2
延吉街,9,,12之1,吉仁里,2
延吉街,9,,12之2,吉仁里,2
延吉街,9,14,2,吉仁里,2
延吉街,9,14,4,吉仁里,2
延吉街,9,14,10,吉仁里,2
延吉街,9,,14,吉仁里,2
延吉街,9,,14之1,吉仁里,2
延吉街,9,,16,吉仁里,2
延吉街,10,1,2,吉仁里,6
延吉街,10,1,6,吉仁里,6
延吉街,10,,2,吉仁里,6
延吉街,10,,3,吉仁里,6
延吉街,10,,5,吉仁里,6
延吉街,10,,6,吉仁里,6
延吉街,10,,8,吉仁里,6
延吉街,10,,10,吉仁里,6
延吉街,10,,12,吉仁里,6
延吉街,10,,14,吉仁里,6
延吉街,,,11,吉仁里,2
延吉街,,,11之1,吉仁里,2
延吉街,,,12,吉仁里,6
延吉街,,,12之1,吉仁里,6
延吉街,,,13,吉仁里,2
延吉街,,,14,吉仁里,6
延吉街,,,14之1,吉仁里,6
延吉街,,,16,吉仁里,6
延吉街,,,16之1,吉仁里,6
延吉街,,,18之1,吉仁里,6
延吉街,,,18,吉仁里,6
延吉街,,,20之2,吉仁里,5
延吉街,,,20,吉仁里,5
延吉街,,,20之1,吉仁里,5
延吉街,22,,1之1,吉仁里,7
延吉街,22,,1,吉仁里,7
延吉街,22,,2,吉仁里,5
延吉街,22,,3,吉仁里,7
延吉街,22,,4之2,吉仁里,5
延吉街,22,,5,吉仁里,7
延吉街,22,,7,吉仁里,7
延吉街,22,,9,吉仁里,7
延吉街,,,22,吉仁里,5
延吉街,23,,1,吉仁里,2
延吉街,23,,3,吉仁里,2
延吉街,23,,5,吉仁里,2
延吉街,,,24之1,吉仁里,7
延吉街,,,26,吉仁里,7
延吉街,,,27之1,吉仁里,3
延吉街,,,27,吉仁里,3
延吉街,,,28,吉仁里,7
延吉街,,,29,吉仁里,3
延吉街,30,,1,吉仁里,8
延吉街,30,,1之1,吉仁里,9
延吉街,30,,2,吉仁里,7
延吉街,30,,3,吉仁里,8
延吉街,30,,3之1,吉仁里,9
延吉街,30,,4,吉仁里,7
延吉街,30,,5,吉仁里,8
延吉街,30,,5之1,吉仁里,9
延吉街,30,,6之1,吉仁里,7
延吉街,30,,6,吉仁里,7
延吉街,30,,7之1,吉仁里,9
延吉街,30,,7,吉仁里,8
延吉街,30,,8,吉仁里,7
延吉街,30,,9,吉仁里,8
延吉街,30,,9之1,吉仁里,9
延吉街,30,,10,吉仁里,7
延吉街,30,,11,吉仁里,8
延吉街,30,,11之1,吉仁里,9
延吉街,30,,12,吉仁里,7
延吉街,30,,13之1,吉仁里,9
延吉街,30,,13,吉仁里,8
延吉街,30,,15之1,吉仁里,9
延吉街,30,,15,吉仁里,8
延吉街,,,31,吉仁里,3
延吉街,,,32,吉仁里,8
延吉街,,,34,吉仁里,8
延吉街,,,35,吉仁里,3
延吉街,,,36,吉仁里,8
延吉街,,,37,吉仁里,3
延吉街,,,38之1,吉仁里,9
延吉街,,,38,吉仁里,9
延吉街,,,39之1,吉仁里,3
延吉街,,,39,吉仁里,3
延吉街,,,40,吉仁里,9
延吉街,,,41,吉仁里,3
延吉街,,,42,吉仁里,9
延吉街,,,43,吉仁里,3
延吉街,,,44,吉仁里,11
延吉街,,,45,吉仁里,3
延吉街,46,,1,吉仁里,12
延吉街,46,,2之1,吉仁里,10
延吉街,46,,2,吉仁里,11
延吉街,46,,3,吉仁里,12
延吉街,46,,4,吉仁里,11
延吉街,46,,4之1,吉仁里,10
延吉街,46,,5,吉仁里,12
延吉街,46,,6,吉仁里,11
延吉街,46,,6之1,吉仁里,10
延吉街,46,,7,吉仁里,12
延吉街,46,,8之1,吉仁里,10
延吉街,46,,8,吉仁里,11
延吉街,46,,9,吉仁里,12
延吉街,46,,10之1,吉仁里,10
延吉街,46,,10,吉仁里,11
延吉街,46,,11,吉仁里,12
延吉街,46,,12,吉仁里,11
延吉街,46,,12之1,吉仁里,10
延吉街,46,,13,吉仁里,12
延吉街,46,,15,吉仁里,12
延吉街,46,,16之1,吉仁里,10
延吉街,46,,16,吉仁里,11
延吉街,46,,17,吉仁里,12
延吉街,46,,18,吉仁里,11
延吉街,46,,18之1,吉仁里,10
延吉街,46,,19,吉仁里,12
延吉街,,,46之2,吉仁里,12
延吉街,,,46之1,吉仁里,12
延吉街,,,46之3,吉仁里,12
延吉街,,,47,吉仁里,3
延吉街,48,,1,吉仁里,14
延吉街,48,,2,吉仁里,13
延吉街,48,,3,吉仁里,14
延吉街,48,,5,吉仁里,14
延吉街,48,,6,吉仁里,13
延吉街,48,,7,吉仁里,14
延吉街,48,,8,吉仁里,13
延吉街,48,,9,吉仁里,14
延吉街,48,,10,吉仁里,13
延吉街,48,,11,吉仁里,14
延吉街,48,,12,吉仁里,13
延吉街,48,,13,吉仁里,14
延吉街,48,,15,吉仁里,14
延吉街,48,,16,吉仁里,13
延吉街,48,,17,吉仁里,14
延吉街,48,,18,吉仁里,13
延吉街,48,,19,吉仁里,14
延吉街,48,,20,吉仁里,13
延吉街,48,,21,吉仁里,14
延吉街,48,,22,吉仁里,13
延吉街,48,,26,吉仁里,13
延吉街,,,49,吉仁里,3
延吉街,50,,1,吉仁里,15
延吉街,50,,2,吉仁里,15
延吉街,50,,6,吉仁里,15
延吉街,50,,8,吉仁里,15
延吉街,50,,10,吉仁里,15
延吉街,,,50,吉仁里,15
延吉街,,,50之1,吉仁里,15
延吉街,,,51,吉仁里,3
延吉街,,,53,吉仁里,3
延吉街,,,55,吉仁里,3
延吉街,,,57,吉仁里,3
延吉街,,,59,吉仁里,3
延吉街,,,61,吉仁里,3
延吉街,,,63,吉仁里,3
八德路四段,,,1,吉祥里,26
八德路四段,,,7,吉祥里,26
八德路四段,,,9,吉祥里,26
八德路四段,,,11,吉祥里,26
八德路四段,,,13,吉祥里,26
八德路四段,,,15,吉祥里,26
八德路四段,,,15之1,吉祥里,26
八德路四段,17,,3,吉祥里,26
八德路四段,17,,5,吉祥里,26
八德路四段,17,,7,吉祥里,26
八德路四段,,,21,吉祥里,26
八德路四段,,,51,吉祥里,26
八德路四段,,,53,吉祥里,26
八德路四段,,,55,吉祥里,26
八德路四段,,,57,吉祥里,26
八德路四段,,,59,吉祥里,26
八德路四段,,,61,吉祥里,26
八德路四段,,,63,吉祥里,26
八德路四段,,,65,吉祥里,26
八德路四段,,,67,吉祥里,26
八德路四段,,,69,吉祥里,26
八德路四段,,,71,吉祥里,26
八德路四段,,,73,吉祥里,26
八德路四段,75,,2,吉祥里,25
八德路四段,75,,4,吉祥里,25
八德路四段,,,83,吉祥里,26
八德路四段,,,85,吉祥里,26
八德路四段,91,,1之2,吉祥里,23
八德路四段,91,,1,吉祥里,23
八德路四段,91,,1之1,吉祥里,23
八德路四段,91,3,1,吉祥里,23
八德路四段,91,3,2,吉祥里,23
八德路四段,91,3,3,吉祥里,23
八德路四段,91,3,4,吉祥里,23
八德路四段,91,3,5,吉祥里,23
八德路四段,91,3,6,吉祥里,23
八德路四段,91,3,7,吉祥里,23
八德路四段,91,3,8,吉祥里,23
八德路四段,91,3,9,吉祥里,23
八德路四段,91,3,10,吉祥里,23
八德路四段,91,3,33,吉祥里,25
八德路四段,91,3,35,吉祥里,25
八德路四段,91,3,37,吉祥里,25
八德路四段,91,3,39,吉祥里,25
八德路四段,91,3,41,吉祥里,25
八德路四段,91,3,43,吉祥里,25
八德路四段,91,,5,吉祥里,23
八德路四段,91,,7,吉祥里,23
八德路四段,91,,9之1,吉祥里,23
八德路四段,91,,9,吉祥里,23
八德路四段,91,,11,吉祥里,23
八德路四段,,,101,吉祥里,10
八德路四段,,,111,吉祥里,10
八德路四段,,,115,吉祥里,10
八德路四段,,,117,吉祥里,10
八德路四段,,,123,吉祥里,10
八德路四段,,,123之1,吉祥里,10
八德路四段,,,123之2,吉祥里,10
八德路四段,,,135,吉祥里,10
八德路四段,,,137,吉祥里,10
八德路四段,,,143,吉祥里,10
八德路四段,,,145,吉祥里,10
八德路四段,,,147,吉祥里,10
八德路四段,,,149,吉祥里,10
八德路四段,,,151,吉祥里,10
八德路四段,,,165之1,吉祥里,2
八德路四段,,,165,吉祥里,2
八德路四段,,,167,吉祥里,2
八德路四段,,,169,吉祥里,2
八德路四段,,,171,吉祥里,2
八德路四段,,,175,吉祥里,2
八德路四段,,,177,吉祥里,2
八德路四段,,,179,吉祥里,2
八德路四段,181,16,2,吉祥里,2
八德路四段,181,16,4,吉祥里,2
八德路四段,181,16,5,吉祥里,4
八德路四段,181,16,6,吉祥里,2
八德路四段,181,16,11,吉祥里,4
八德路四段,181,16,13,吉祥里,4
八德路四段,181,17,1,吉祥里,3
八德路四段,181,17,2,吉祥里,2
八德路四段,181,17,3,吉祥里,3
八德路四段,181,17,4,吉祥里,2
八德路四段,181,17,5,吉祥里,3
八德路四段,181,17,6,吉祥里,2
八德路四段,181,17,7,吉祥里,3
八德路四段,181,17,8,吉祥里,2
八德路四段,181,17,9,吉祥里,3
八德路四段,181,17,9之1,吉祥里,3
八德路四段,181,17,10,吉祥里,2
八德路四段,181,17,11,吉祥里,3
八德路四段,181,17,12,吉祥里,2
八德路四段,181,17,13,吉祥里,3
八德路四段,181,17,14,吉祥里,2
八德路四段,181,17,15之1,吉祥里,3
八德路四段,181,17,15,吉祥里,3
八德路四段,181,17,16,吉祥里,2
八德路四段,181,17,17,吉祥里,3
八德路四段,181,17,17之4,吉祥里,3
八德路四段,181,17,18,吉祥里,2
八德路四段,181,17,19,吉祥里,3
八德路四段,181,17,20,吉祥里,2
八德路四段,181,17,23,吉祥里,3
八德路四段,181,17,23之1,吉祥里,3
八德路四段,181,17,25,吉祥里,3
八德路四段,181,17,27,吉祥里,3
八德路四段,181,17,29,吉祥里,3
八德路四段,181,17,31,吉祥里,3
八德路四段,181,17,33,吉祥里,3
八德路四段,181,17,35,吉祥里,3
八德路四段,181,17,36,吉祥里,1
八德路四段,181,17,42,吉祥里,1
八德路四段,181,17,44,吉祥里,1
八德路四段,181,17,48之1,吉祥里,1
八德路四段,181,17,48,吉祥里,1
八德路四段,181,17,50,吉祥里,1
八德路四段,181,,20,吉祥里,4
八德路四段,181,,21,吉祥里,3
八德路四段,181,,22,吉祥里,4
八德路四段,181,,23,吉祥里,3
八德路四段,181,,26,吉祥里,4
八德路四段,181,,27,吉祥里,3
八德路四段,181,,28,吉祥里,4
八德路四段,181,,29,吉祥里,3
八德路四段,,,183,吉祥里,1
八德路四段,,,185,吉祥里,1
八德路四段,,,187,吉祥里,1
八德路四段,,,189,吉祥里,1
八德路四段,,,191,吉祥里,1
八德路四段,,,193,吉祥里,1
八德路四段,,,197,吉祥里,1
八德路四段,,,199,吉祥里,1
八德路四段,,,201,吉祥里,1
八德路四段,,,203,吉祥里,1
八德路四段,,,205,吉祥里,1
八德路四段,207,,1,吉祥里,2
八德路四段,207,,3,吉祥里,2
八德路四段,207,,15,吉祥里,3
八德路四段,207,,15之1,吉祥里,3
八德路四段,,,209,吉祥里,1
八德路四段,,,211,吉祥里,1
八德路四段,,,213,吉祥里,1
八德路四段,,,217之2,吉祥里,1
八德路四段,,,217之1,吉祥里,1
八德路四段,,,217,吉祥里,1
八德路四段,,,219,吉祥里,1
八德路四段,,,219之1,吉祥里,1
八德路四段,,,221,吉祥里,1
八德路四段,,,221之1,吉祥里,1
八德路四段,,,227,吉祥里,1
八德路四段,,,229,吉祥里,1
八德路四段,,,231,吉祥里,1
八德路四段,,,233,吉祥里,1
八德路四段,,,235,吉祥里,1
八德路四段,,,237,吉祥里,1
八德路四段,,,239,吉祥里,1
八德路四段,,,241,吉祥里,1
八德路四段,,,243,吉祥里,1
八德路四段,245,,2,吉祥里,1
八德路四段,245,,6,吉祥里,1
八德路四段,245,,8,吉祥里,1
八德路四段,245,,10,吉祥里,1
八德路四段,245,,12,吉祥里,1
八德路四段,245,,14,吉祥里,1
八德路四段,245,,16,吉祥里,1
八德路四段,245,,18之1,吉祥里,3
八德路四段,245,,18,吉祥里,3
八德路四段,245,,18之3,吉祥里,3
八德路四段,245,,18之2,吉祥里,3
八德路四段,245,,20,吉祥里,3
八德路四段,245,,26,吉祥里,3
八德路四段,245,,28,吉祥里,3
八德路四段,245,,30,吉祥里,3
八德路四段,245,32,1,吉祥里,3
八德路四段,245,32,2,吉祥里,5
八德路四段,245,32,2之1,吉祥里,5
八德路四段,245,32,3,吉祥里,3
八德路四段,245,32,4,吉祥里,5
八德路四段,245,32,4之1,吉祥里,5
八德路四段,245,32,5,吉祥里,3
八德路四段,245,32,6,吉祥里,5
八德路四段,245,32,7,吉祥里,3
八德路四段,245,32,8,吉祥里,5
八德路四段,245,32,9,吉祥里,3
八德路四段,245,32,10,吉祥里,5
八德路四段,245,32,11,吉祥里,3
八德路四段,245,32,12,吉祥里,5
八德路四段,245,32,15,吉祥里,3
八德路四段,245,32,16,吉祥里,5
八德路四段,245,32,17,吉祥里,3
八德路四段,245,32,18,吉祥里,5
八德路四段,245,32,19,吉祥里,3
八德路四段,245,32,21,吉祥里,3
八德路四段,245,32,22,吉祥里,5
八德路四段,245,32,23,吉祥里,3
八德路四段,245,32,24,吉祥里,5
八德路四段,245,32,26,吉祥里,5
八德路四段,245,32,27,吉祥里,3
八德路四段,245,32,29,吉祥里,3
八德路四段,245,32,30,吉祥里,5
八德路四段,245,32,31,吉祥里,3
八德路四段,245,32,32,吉祥里,5
八德路四段,245,32,33,吉祥里,3
八德路四段,245,32,34,吉祥里,5
八德路四段,245,32,35,吉祥里,3
八德路四段,245,32,36,吉祥里,5
八德路四段,245,32,37,吉祥里,3
八德路四段,245,32,37之1,吉祥里,3
八德路四段,245,32,38,吉祥里,5
八德路四段,245,32,39,吉祥里,3
八德路四段,245,32,39之1,吉祥里,3
八德路四段,245,32,40,吉祥里,5
八德路四段,245,32,41,吉祥里,3
八德路四段,245,32,42之4,吉祥里,5
八德路四段,245,32,42,吉祥里,5
八德路四段,245,32,42之2,吉祥里,5
八德路四段,245,32,42之3,吉祥里,5
八德路四段,245,32,42之5,吉祥里,5
八德路四段,245,32,42之1,吉祥里,5
八德路四段,245,32,43之1,吉祥里,3
八德路四段,245,32,43,吉祥里,3
八德路四段,245,32,45,吉祥里,3
八德路四段,245,32,47,吉祥里,3
八德路四段,245,32,49,吉祥里,3
八德路四段,245,32,55,吉祥里,4
八德路四段,245,32,57,吉祥里,4
八德路四段,245,32,59,吉祥里,4
八德路四段,245,32,61,吉祥里,4
八德路四段,245,32,65,吉祥里,4
八德路四段,245,32,67,吉祥里,4
八德路四段,245,32,78,吉祥里,6
八德路四段,245,32,78之1,吉祥里,6
八德路四段,245,32,80,吉祥里,6
八德路四段,245,32,80之1,吉祥里,6
八德路四段,245,32,82,吉祥里,6
八德路四段,245,32,82之1,吉祥里,6
八德路四段,245,32,84之1,吉祥里,6
八德路四段,245,32,84,吉祥里,6
八德路四段,245,,36,吉祥里,5
八德路四段,245,,38,吉祥里,5
八德路四段,245,,48,吉祥里,6
八德路四段,245,,50之1,吉祥里,6
八德路四段,245,,50,吉祥里,6
八德路四段,245,52,5,吉祥里,7
八德路四段,245,52,7,吉祥里,7
八德路四段,245,52,9,吉祥里,7
八德路四段,245,52,11,吉祥里,7
八德路四段,245,52,14,吉祥里,6
八德路四段,245,52,15,吉祥里,7
八德路四段,245,52,16,吉祥里,6
八德路四段,245,52,16之3,吉祥里,6
八德路四段,245,52,16之2,吉祥里,6
八德路四段,245,52,16之1,吉祥里,6
八德路四段,245,52,17,吉祥里,7
八德路四段,245,52,18,吉祥里,6
八德路四段,245,52,19,吉祥里,7
八德路四段,245,52,20,吉祥里,6
八德路四段,245,52,21,吉祥里,7
八德路四段,245,52,22,吉祥里,6
八德路四段,245,52,23,吉祥里,7
八德路四段,245,52,25,吉祥里,7
八德路四段,245,52,26,吉祥里,6
八德路四段,245,52,27,吉祥里,7
八德路四段,245,52,28,吉祥里,6
八德路四段,245,52,29,吉祥里,7
八德路四段,245,52,31,吉祥里,7
八德路四段,245,52,34,吉祥里,6
八德路四段,245,52,36,吉祥里,6
八德路四段,245,52,38,吉祥里,6
八德路四段,245,52,40,吉祥里,6
八德路四段,245,52,42,吉祥里,6
八德路四段,245,52,46,吉祥里,6
八德路四段,245,52,48,吉祥里,6
八德路四段,245,52,50,吉祥里,6
八德路四段,245,52,52,吉祥里,6
八德路四段,245,56,8,吉祥里,7
八德路四段,245,56,10,吉祥里,7
八德路四段,245,56,12,吉祥里,7
八德路四段,245,56,14,吉祥里,7
八德路四段,245,56,15,吉祥里,8
八德路四段,245,56,16,吉祥里,7
八德路四段,245,56,17,吉祥里,8
八德路四段,245,56,18,吉祥里,7
八德路四段,245,56,19,吉祥里,8
八德路四段,245,56,20,吉祥里,7
八德路四段,245,56,21,吉祥里,8
八德路四段,245,56,21之1,吉祥里,8
八德路四段,245,56,22,吉祥里,7
八德路四段,245,56,23,吉祥里,8
八德路四段,245,56,24,吉祥里,7
八德路四段,245,56,25,吉祥里,8
八德路四段,245,56,26,吉祥里,7
八德路四段,245,,58,吉祥里,8
八德路四段,245,,60,吉祥里,8
八德路四段,245,32,20,吉祥里,5
光復北路,,,1,吉祥里,27
光復北路,,,3之1,吉祥里,27
光復北路,,,3,吉祥里,27
光復北路,,,5,吉祥里,27
光復北路,,,7,吉祥里,26
光復北路,,,9,吉祥里,26
光復北路,11,,29,吉祥里,21
光復北路,11,,31,吉祥里,21
光復北路,11,,33,吉祥里,21
光復北路,11,,35,吉祥里,21
光復北路,11,,44,吉祥里,24
光復北路,11,,46,吉祥里,24
光復北路,11,,50,吉祥里,21
光復北路,11,,52,吉祥里,21
光復北路,11,,54,吉祥里,21
光復北路,11,,56,吉祥里,21
光復北路,11,,58,吉祥里,21
光復北路,11,,60,吉祥里,21
光復北路,11,,62,吉祥里,21
光復北路,11,,63,吉祥里,21
光復北路,11,,64,吉祥里,21
光復北路,11,,65,吉祥里,21
光復北路,11,,66,吉祥里,21
光復北路,11,,67,吉祥里,21
光復北路,11,,68,吉祥里,21
光復北路,11,,69,吉祥里,21
光復北路,11,,70,吉祥里,21
光復北路,11,,72,吉祥里,21
光復北路,11,,74,吉祥里,21
光復北路,11,,76,吉祥里,21
光復北路,11,,81,吉祥里,11
光復北路,11,,83,吉祥里,11
光復北路,11,,85,吉祥里,11
光復北路,11,,87,吉祥里,11
光復北路,11,,89,吉祥里,11
光復北路,11,,91,吉祥里,11
光復北路,11,,93,吉祥里,11
光復北路,11,,95,吉祥里,11
光復北路,11,,97,吉祥里,11
光復北路,11,,97之1,吉祥里,11
光復北路,11,,99,吉祥里,11
光復北路,11,,99之1,吉祥里,11
光復北路,,,13,吉祥里,21
光復北路,,,15,吉祥里,21
光復北路,,,35,吉祥里,21
光復北路,,,35之1,吉祥里,21
光復北路,,,37,吉祥里,21
光復北路,,,37之1,吉祥里,21
光復北路,,,75,吉祥里,21
光復北路,85,,1,吉祥里,20
光復北路,85,,3,吉祥里,20
光復北路,85,,5,吉祥里,20
光復北路,85,,7,吉祥里,20
光復北路,85,,9,吉祥里,20
光復北路,85,,11,吉祥里,20
光復北路,85,,13,吉祥里,20
光復北路,85,,15,吉祥里,20
光復北路,85,,17,吉祥里,20
光復北路,85,,19,吉祥里,20
光復北路,85,,21,吉祥里,20
光復北路,85,,23,吉祥里,20
光復北路,85,,25,吉祥里,20
光復北路,85,,26,吉祥里,21
光復北路,85,,27,吉祥里,20
光復北路,85,,28,吉祥里,21
光復北路,85,,29,吉祥里,20
光復北路,85,,31,吉祥里,20
光復北路,85,,33,吉祥里,20
光復北路,85,,35,吉祥里,20
光復北路,,,87,吉祥里,20
光復北路,,,89,吉祥里,20
光復北路,,,91,吉祥里,20
光復北路,,,93,吉祥里,20
光復北路,,,95,吉祥里,19
光復北路,,,95之1,吉祥里,19
光復北路,,,97,吉祥里,19
光復北路,103,,6,吉祥里,19
光復北路,103,,8,吉祥里,19
光復北路,103,,10,吉祥里,19
光復北路,103,,12,吉祥里,19
光復北路,103,,14,吉祥里,19
光復北路,103,,15,吉祥里,19
光復北路,103,,16,吉祥里,19
光復北路,103,,18,吉祥里,19
光復北路,103,,20,吉祥里,19
光復北路,103,,22,吉祥里,19
光復北路,103,,24,吉祥里,19
光復北路,103,,26,吉祥里,19
光復北路,103,,28,吉祥里,19
光復北路,103,,30,吉祥里,19
光復北路,103,,32,吉祥里,19
光復北路,103,,34,吉祥里,19
光復北路,103,,36,吉祥里,19
光復北路,103,,38,吉祥里,19
光復北路,,,105,吉祥里,18
光復北路,,,105之1,吉祥里,18
光復北路,,,107,吉祥里,18
光復北路,,,109,吉祥里,18
吉祥路,,,5,吉祥里,2
吉祥路,,,6,吉祥里,10
吉祥路,,,7,吉祥里,2
吉祥路,,,8,吉祥里,10
吉祥路,,,10,吉祥里,10
吉祥路,,,10之1,吉祥里,10
吉祥路,,,12,吉祥里,10
吉祥路,,,12之1,吉祥里,10
吉祥路,,,13,吉祥里,4
吉祥路,,,14,吉祥里,10
吉祥路,,,14之1,吉祥里,10
吉祥路,,,15,吉祥里,4
吉祥路,16,,1,吉祥里,10
吉祥路,16,,3,吉祥里,10
吉祥路,16,,5,吉祥里,10
吉祥路,,,17,吉祥里,4
吉祥路,,,19,吉祥里,4
吉祥路,,,21,吉祥里,4
吉祥路,,,23,吉祥里,4
吉祥路,,,25,吉祥里,4
吉祥路,,,27,吉祥里,4
吉祥路,,,29,吉祥里,4
吉祥路,,,35,吉祥里,6
吉祥路,,,37,吉祥里,6
吉祥路,,,39,吉祥里,6
吉祥路,,,41,吉祥里,6
吉祥路,,,43,吉祥里,6
吉祥路,,,43之1,吉祥里,6
吉祥路,,,45,吉祥里,6
吉祥路,,,47,吉祥里,6
吉祥路,,,49,吉祥里,6
吉祥路,,,49之1,吉祥里,6
吉祥路,,,51,吉祥里,6
吉祥路,,,53,吉祥里,6
吉祥路,,,53之1,吉祥里,6
吉祥路,,,55,吉祥里,6
吉祥路,,,55之1,吉祥里,6
吉祥路,,,59,吉祥里,6
吉祥路,,,61,吉祥里,6
南京東路五段,,,2,吉祥里,18
南京東路五段,,,2之1,吉祥里,18
南京東路五段,,,4,吉祥里,18
南京東路五段,,,6,吉祥里,18
南京東路五段,,,8,吉祥里,18
南京東路五段,,,10,吉祥里,18
南京東路五段,,,12,吉祥里,18
南京東路五段,,,14,吉祥里,18
南京東路五段,,,16,吉祥里,18
南京東路五段,,,16之1,吉祥里,18
南京東路五段,,,18,吉祥里,18
南京東路五段,,,30,吉祥里,19
南京東路五段,,,34之1,吉祥里,18
南京東路五段,,,34,吉祥里,18
南京東路五段,,,36,吉祥里,18
南京東路五段,,,38,吉祥里,18
南京東路五段,,,38之1,吉祥里,18
南京東路五段,,,40之1,吉祥里,18
南京東路五段,,,40,吉祥里,18
南京東路五段,,,42,吉祥里,18
南京東路五段,,,46,吉祥里,18
南京東路五段,,,46之1,吉祥里,18
南京東路五段,,,48,吉祥里,18
南京東路五段,,,48之1,吉祥里,18
南京東路五段,,,50之1,吉祥里,17
南京東路五段,,,50,吉祥里,17
南京東路五段,,,52,吉祥里,17
南京東路五段,,,54,吉祥里,17
南京東路五段,,,54之1,吉祥里,17
南京東路五段,,,56,吉祥里,17
南京東路五段,,,58,吉祥里,16
南京東路五段,,,58之1,吉祥里,16
南京東路五段,,,60,吉祥里,16
南京東路五段,,,62,吉祥里,16
南京東路五段,,,62之1,吉祥里,16
南京東路五段,,,64,吉祥里,16
南京東路五段,66,2,1之1,吉祥里,15
南京東路五段,66,2,1之2,吉祥里,15
南京東路五段,66,2,1,吉祥里,15
南京東路五段,66,2,2,吉祥里,16
南京東路五段,66,2,3,吉祥里,15
南京東路五段,66,2,4,吉祥里,16
南京東路五段,66,2,5,吉祥里,15
南京東路五段,66,2,6,吉祥里,16
南京東路五段,66,2,7,吉祥里,15
南京東路五段,66,2,8,吉祥里,16
南京東路五段,66,2,9,吉祥里,15
南京東路五段,66,2,10,吉祥里,16
南京東路五段,66,2,11,吉祥里,15
南京東路五段,66,2,12,吉祥里,16
南京東路五段,66,2,13,吉祥里,15
南京東路五段,66,2,14,吉祥里,16
南京東路五段,66,2,15,吉祥里,15
南京東路五段,66,2,16,吉祥里,16
南京東路五段,66,2,18,吉祥里,16
南京東路五段,66,2,20,吉祥里,16
南京東路五段,66,2,22,吉祥里,16
南京東路五段,66,2,24,吉祥里,16
南京東路五段,66,3,1,吉祥里,13
南京東路五段,66,3,3,吉祥里,13
南京東路五段,66,3,5,吉祥里,13
南京東路五段,66,3,6,吉祥里,12
南京東路五段,66,3,7,吉祥里,13
南京東路五段,66,3,8,吉祥里,12
南京東路五段,66,3,9,吉祥里,13
南京東路五段,66,3,10,吉祥里,12
南京東路五段,66,3,12,吉祥里,12
南京東路五段,66,3,21,吉祥里,13
南京東路五段,66,3,23,吉祥里,13
南京東路五段,66,3,24,吉祥里,13
南京東路五段,66,3,26,吉祥里,13
南京東路五段,66,3,27,吉祥里,13
南京東路五段,66,3,28,吉祥里,13
南京東路五段,66,3,29,吉祥里,13
南京東路五段,66,3,30,吉祥里,13
南京東路五段,66,3,31,吉祥里,13
南京東路五段,66,3,32,吉祥里,13
南京東路五段,66,3,33,吉祥里,13
南京東路五段,66,3,34,吉祥里,13
南京東路五段,66,,4,吉祥里,14
南京東路五段,66,,5,吉祥里,14
南京東路五段,66,,6,吉祥里,14
南京東路五段,66,,7,吉祥里,14
南京東路五段,66,,8,吉祥里,14
南京東路五段,66,,9,吉祥里,14
南京東路五段,66,,10,吉祥里,14
南京東路五段,66,,11,吉祥里,14
南京東路五段,66,12,1,吉祥里,21
南京東路五段,66,12,2,吉祥里,15
南京東路五段,66,12,3,吉祥里,21
南京東路五段,66,12,4,吉祥里,15
南京東路五段,66,12,5,吉祥里,21
南京東路五段,66,12,6,吉祥里,15
南京東路五段,66,12,7,吉祥里,21
南京東路五段,66,12,8,吉祥里,15
南京東路五段,66,12,9,吉祥里,21
南京東路五段,66,12,10,吉祥里,15
南京東路五段,66,12,11,吉祥里,21
南京東路五段,66,12,12,吉祥里,15
南京東路五段,66,12,16,吉祥里,15
南京東路五段,66,12,18,吉祥里,15
南京東路五段,66,,13,吉祥里,14
南京東路五段,66,,14,吉祥里,21
南京東路五段,66,,15,吉祥里,14
南京東路五段,66,,16,吉祥里,21
南京東路五段,66,,17,吉祥里,14
南京東路五段,66,,18,吉祥里,22
南京東路五段,66,,19,吉祥里,14
南京東路五段,66,,20,吉祥里,22
南京東路五段,66,,21,吉祥里,14
南京東路五段,66,22,1,吉祥里,22
南京東路五段,66,22,2,吉祥里,22
南京東路五段,66,22,3,吉祥里,22
南京東路五段,66,22,4,吉祥里,22
南京東路五段,66,22,5,吉祥里,22
南京東路五段,66,22,6,吉祥里,22
南京東路五段,66,22,7,吉祥里,22
南京東路五段,66,22,8,吉祥里,22
南京東路五段,66,22,9,吉祥里,22
南京東路五段,66,22,10,吉祥里,22
南京東路五段,66,22,11,吉祥里,22
南京東路五段,66,22,12,吉祥里,22
南京東路五段,66,22,13,吉祥里,22
南京東路五段,66,22,14,吉祥里,22
南京東路五段,66,22,16,吉祥里,22
南京東路五段,66,22,20,吉祥里,24
南京東路五段,66,22,22,吉祥里,24
南京東路五段,66,22,24,吉祥里,24
南京東路五段,66,22,26,吉祥里,24
南京東路五段,66,22,28,吉祥里,24
南京東路五段,66,22,30,吉祥里,24
南京東路五段,66,22,32,吉祥里,24
南京東路五段,66,22,34,吉祥里,24
南京東路五段,66,22,36,吉祥里,24
南京東路五段,66,22,38,吉祥里,24
南京東路五段,66,22,40,吉祥里,24
南京東路五段,66,22,42,吉祥里,24
南京東路五段,66,22,46,吉祥里,24
南京東路五段,66,22,48,吉祥里,24
南京東路五段,66,22,50,吉祥里,24
南京東路五段,66,22,52,吉祥里,24
南京東路五段,66,22,54,吉祥里,24
南京東路五段,66,22,56,吉祥里,24
南京東路五段,66,,23,吉祥里,14
南京東路五段,66,,25,吉祥里,14
南京東路五段,66,,27,吉祥里,14
南京東路五段,66,,29,吉祥里,14
南京東路五段,,,66,吉祥里,16
南京東路五段,,,68,吉祥里,14
南京東路五段,,,68之1,吉祥里,14
南京東路五段,,,70,吉祥里,14
南京東路五段,,,72,吉祥里,14
南京東路五段,,,74,吉祥里,13
南京東路五段,,,80,吉祥里,13
南京東路五段,,,82,吉祥里,13
南京東路五段,,,84,吉祥里,13
南京東路五段,,,86,吉祥里,13
南京東路五段,,,88,吉祥里,13
南京東路五段,,,90,吉祥里,13
南京東路五段,,,92,吉祥里,13
南京東路五段,,,94,吉祥里,13
南京東路五段,,,96,吉祥里,13
南京東路五段,,,102之1,吉祥里,13
南京東路五段,,,102之2,吉祥里,13
南京東路五段,,,102,吉祥里,13
南京東路五段,,,104,吉祥里,13
南京東路五段,,,106,吉祥里,13
南京東路五段,,,108,吉祥里,13
南京東路五段,,,118,吉祥里,12
南京東路五段,,,118之1,吉祥里,12
南京東路五段,,,154,吉祥里,9
南京東路五段,,,156,吉祥里,9
南京東路五段,,,158,吉祥里,8
南京東路五段,,,160,吉祥里,8
南京東路五段,,,162,吉祥里,9
南京東路五段,,,164,吉祥里,9
南京東路五段,,,166,吉祥里,9
南京東路五段,,,168,吉祥里,9
南京東路五段,,,176之1,吉祥里,8
南京東路五段,,,176,吉祥里,8
南京東路五段,,,176之2,吉祥里,8
南京東路五段,,,176之3,吉祥里,8
南京東路五段,,,178,吉祥里,8
南京東路五段,,,180,吉祥里,8
南京東路五段,,,182,吉祥里,8
南京東路五段,,,184,吉祥里,8
南京東路五段,,,186,吉祥里,8
南京東路五段,,,188,吉祥里,8
南京東路五段,,,190,吉祥里,8
南京東路五段,,,192,吉祥里,8
南京東路五段,,,194,吉祥里,8
三民路,,,6,安平里,7
三民路,,,8,安平里,6
三民路,,,10,安平里,6
三民路,,,12,安平里,5
三民路,,,16,安平里,5
三民路,,,18,安平里,4
三民路,,,18之1,安平里,4
三民路,,,38,安平里,4
三民路,,,40,安平里,4
三民路,,,42,安平里,4
南京東路五段,,,213,安平里,7
南京東路五段,,,215,安平里,7
南京東路五段,,,217,安平里,7
南京東路五段,,,219,安平里,7
南京東路五段,,,221,安平里,7
南京東路五段,,,223,安平里,7
南京東路五段,,,225,安平里,7
南京東路五段,,,227,安平里,7
南京東路五段,,,229,安平里,7
南京東路五段,,,231,安平里,7
南京東路五段,,,233,安平里,7
南京東路五段,,,235,安平里,33
南京東路五段,,,237,安平里,33
南京東路五段,,,239,安平里,33
南京東路五段,,,241,安平里,33
南京東路五段,251,,1,安平里,13
南京東路五段,251,,3,安平里,13
南京東路五段,251,,5,安平里,12
南京東路五段,251,,7,安平里,12
南京東路五段,251,,21,安平里,11
南京東路五段,251,22,2,安平里,7
南京東路五段,251,22,4,安平里,7
南京東路五段,251,22,6,安平里,7
南京東路五段,251,22,8,安平里,7
南京東路五段,251,22,10,安平里,7
南京東路五段,251,22,14,安平里,7
南京東路五段,251,22,16,安平里,7
南京東路五段,251,22,18,安平里,7
南京東路五段,251,22,20,安平里,7
南京東路五段,251,22,21,安平里,7
南京東路五段,251,22,22,安平里,7
南京東路五段,251,22,23,安平里,7
南京東路五段,251,22,24,安平里,7
南京東路五段,251,22,25,安平里,7
南京東路五段,251,22,26,安平里,7
南京東路五段,251,22,27,安平里,7
南京東路五段,251,22,28,安平里,7
南京東路五段,251,22,29,安平里,7
南京東路五段,251,22,30,安平里,7
南京東路五段,251,22,31,安平里,7
南京東路五段,251,22,32,安平里,7
南京東路五段,251,22,33,安平里,7
南京東路五段,251,22,34,安平里,7
南京東路五段,251,22,35,安平里,7
南京東路五段,251,22,36,安平里,7
南京東路五段,251,22,37,安平里,7
南京東路五段,251,22,38,安平里,7
南京東路五段,251,22,39,安平里,7
南京東路五段,251,22,40,安平里,7
南京東路五段,251,,23,安平里,11
南京東路五段,251,24,1,安平里,6
南京東路五段,251,24,2,安平里,5
南京東路五段,251,24,3,安平里,6
南京東路五段,251,24,4,安平里,5
南京東路五段,251,24,5,安平里,6
南京東路五段,251,24,6,安平里,5
南京東路五段,251,24,7,安平里,6
南京東路五段,251,24,8,安平里,5
南京東路五段,251,24,10,安平里,5
南京東路五段,251,24,11,安平里,6
南京東路五段,251,24,12,安平里,5
南京東路五段,251,24,13,安平里,6
南京東路五段,251,24,15,安平里,6
南京東路五段,251,24,16,安平里,5
南京東路五段,251,24,16之1,安平里,5
南京東路五段,251,24,17,安平里,6
南京東路五段,251,24,18,安平里,5
南京東路五段,251,24,19,安平里,6
南京東路五段,251,24,20之1,安平里,5
南京東路五段,251,24,20,安平里,5
南京東路五段,251,24,21,安平里,6
南京東路五段,251,24,22,安平里,5
南京東路五段,251,24,22之1,安平里,5
南京東路五段,251,24,23,安平里,6
南京東路五段,251,24,25,安平里,6
南京東路五段,251,24,27,安平里,6
南京東路五段,251,24,29,安平里,6
南京東路五段,251,24,33,安平里,6
南京東路五段,251,24,35,安平里,6
南京東路五段,251,,25,安平里,11
南京東路五段,251,,25之1,安平里,11
南京東路五段,251,,25之2,安平里,11
南京東路五段,251,,26,安平里,3
南京東路五段,251,,27,安平里,11
南京東路五段,251,,27之1,安平里,11
南京東路五段,251,,27之2,安平里,11
南京東路五段,251,,28,安平里,3
南京東路五段,251,,29,安平里,11
南京東路五段,251,,29之1,安平里,11
南京東路五段,251,32,1,安平里,4
南京東路五段,251,32,1之1,安平里,4
南京東路五段,251,32,2,安平里,3
南京東路五段,251,32,3,安平里,4
南京東路五段,251,32,3之1,安平里,4
南京東路五段,251,32,4,安平里,3
南京東路五段,251,32,5,安平里,4
南京東路五段,251,32,6,安平里,3
南京東路五段,251,32,7,安平里,4
南京東路五段,251,32,8,安平里,3
南京東路五段,251,32,9,安平里,4
南京東路五段,251,32,10,安平里,3
南京東路五段,251,32,11,安平里,4
南京東路五段,251,32,12,安平里,3
南京東路五段,251,32,13,安平里,4
南京東路五段,251,32,14,安平里,3
南京東路五段,251,32,15,安平里,4
南京東路五段,251,,34,安平里,3
南京東路五段,251,,36,安平里,3
南京東路五段,251,,37,安平里,10
南京東路五段,251,,38,安平里,3
南京東路五段,251,,39,安平里,10
南京東路五段,251,,40,安平里,3
南京東路五段,251,,41,安平里,2
南京東路五段,251,,42,安平里,3
南京東路五段,251,,43,安平里,2
南京東路五段,251,,44,安平里,3
南京東路五段,251,,45,安平里,2
南京東路五段,251,46,2,安平里,2
南京東路五段,251,46,4,安平里,2
南京東路五段,251,46,5,安平里,2
南京東路五段,251,46,6,安平里,2
南京東路五段,251,46,7,安平里,2
南京東路五段,251,46,8,安平里,2
南京東路五段,251,46,9,安平里,2
南京東路五段,251,46,10,安平里,2
南京東路五段,251,46,11,安平里,2
南京東路五段,251,46,12,安平里,2
南京東路五段,251,46,13,安平里,2
南京東路五段,251,46,14,安平里,2
南京東路五段,251,46,15,安平里,2
南京東路五段,251,46,16,安平里,2
南京東路五段,251,46,17,安平里,2
南京東路五段,251,50,1,安平里,1
南京東路五段,251,50,2,安平里,1
南京東路五段,251,50,3,安平里,1
南京東路五段,251,50,4,安平里,1
南京東路五段,251,50,5,安平里,1
南京東路五段,251,50,7,安平里,1
南京東路五段,251,50,8,安平里,1
南京東路五段,251,50,9,安平里,1
南京東路五段,251,50,10,安平里,1
南京東路五段,251,50,11,安平里,1
南京東路五段,251,50,12,安平里,1
南京東路五段,251,50,13,安平里,1
南京東路五段,251,50,14,安平里,1
南京東路五段,251,50,16,安平里,1
南京東路五段,251,50,18,安平里,1
南京東路五段,,,263,安平里,13
南京東路五段,,,265,安平里,13
南京東路五段,,,267,安平里,13
南京東路五段,,,269,安平里,13
南京東路五段,,,271,安平里,13
南京東路五段,,,273,安平里,13
南京東路五段,,,275,安平里,13
南京東路五段,,,277,安平里,13
南京東路五段,,,279,安平里,13
南京東路五段,,,281,安平里,13
南京東路五段,,,283,安平里,13
南京東路五段,,,285,安平里,13
南京東路五段,,,287,安平里,13
南京東路五段,,,289,安平里,13
南京東路五段,291,,1,安平里,21
南京東路五段,291,,2,安平里,13
南京東路五段,291,,3之4,安平里,21
南京東路五段,291,,3,安平里,21
南京東路五段,291,,3之3,安平里,21
南京東路五段,291,,3之2,安平里,21
南京東路五段,291,,3之1,安平里,21
南京東路五段,291,,4之1,安平里,13
南京東路五段,291,,4,安平里,13
南京東路五段,291,,4之2,安平里,13
南京東路五段,291,5,1,安平里,21
南京東路五段,291,5,2,安平里,22
南京東路五段,291,5,3,安平里,21
南京東路五段,291,5,4,安平里,22
南京東路五段,291,5,5,安平里,21
南京東路五段,291,5,7,安平里,21
南京東路五段,291,5,8,安平里,22
南京東路五段,291,5,9,安平里,21
南京東路五段,291,5,10,安平里,22
南京東路五段,291,5,11,安平里,21
南京東路五段,291,5,12,安平里,22
南京東路五段,291,5,13,安平里,21
南京東路五段,291,5,14,安平里,22
南京東路五段,291,5,15,安平里,21
南京東路五段,291,5,16,安平里,22
南京東路五段,291,5,17,安平里,21
南京東路五段,291,5,18,安平里,22
南京東路五段,291,5,19,安平里,21
南京東路五段,291,5,20,安平里,22
南京東路五段,291,5,22,安平里,22
南京東路五段,291,5,23,安平里,21
南京東路五段,291,5,23之2,安平里,21
南京東路五段,291,5,23之1,安平里,21
南京東路五段,291,5,24,安平里,22
南京東路五段,291,5,25,安平里,21
南京東路五段,291,5,26,安平里,22
南京東路五段,291,5,27,安平里,21
南京東路五段,291,5,28,安平里,22
南京東路五段,291,5,29,安平里,21
南京東路五段,291,6,1,安平里,13
南京東路五段,291,6,2,安平里,13
南京東路五段,291,6,2之2,安平里,13
南京東路五段,291,6,2之1,安平里,13
南京東路五段,291,6,3,安平里,13
南京東路五段,291,6,4之1,安平里,13
南京東路五段,291,6,4,安平里,13
南京東路五段,291,6,4之2,安平里,13
南京東路五段,291,6,5,安平里,13
南京東路五段,291,6,6,安平里,13
南京東路五段,291,6,7,安平里,13
南京東路五段,291,6,8,安平里,13
南京東路五段,291,6,9,安平里,13
南京東路五段,291,6,10,安平里,13
南京東路五段,291,6,11,安平里,13
南京東路五段,291,6,12,安平里,13
南京東路五段,291,6,13,安平里,13
南京東路五段,291,6,14,安平里,13
南京東路五段,291,6,15,安平里,13
南京東路五段,291,6,16,安平里,13
南京東路五段,291,6,17,安平里,13
南京東路五段,291,6,18之1,安平里,13
南京東路五段,291,6,18之2,安平里,13
南京東路五段,291,6,18,安平里,13
南京東路五段,291,6,19,安平里,13
南京東路五段,291,6,19之1,安平里,13
南京東路五段,291,6,20,安平里,13
南京東路五段,291,6,20之2,安平里,13
南京東路五段,291,6,20之1,安平里,13
南京東路五段,291,6,21,安平里,13
南京東路五段,291,6,22之1,安平里,13
南京東路五段,291,6,22,安平里,13
南京東路五段,291,6,22之2,安平里,13
南京東路五段,291,6,23之2,安平里,13
南京東路五段,291,6,23,安平里,13
南京東路五段,291,6,23之1,安平里,13
南京東路五段,291,6,24之1,安平里,13
南京東路五段,291,6,24,安平里,13
南京東路五段,291,6,24之2,安平里,13
南京東路五段,291,6,25,安平里,13
南京東路五段,291,6,26之1,安平里,13
南京東路五段,291,6,26之2,安平里,13
南京東路五段,291,6,26,安平里,13
南京東路五段,291,6,28之2,安平里,13
南京東路五段,291,6,28,安平里,13
南京東路五段,291,6,28之1,安平里,13
南京東路五段,291,,7之1,安平里,21
南京東路五段,291,,7,安平里,21
南京東路五段,291,,7之2,安平里,21
南京東路五段,291,,7之3,安平里,21
南京東路五段,291,,8之2,安平里,13
南京東路五段,291,,8之1,安平里,13
南京東路五段,291,,8之3,安平里,13
南京東路五段,291,,8,安平里,13
南京東路五段,291,,9,安平里,21
南京東路五段,291,,10,安平里,13
南京東路五段,291,,11,安平里,20
南京東路五段,291,,12,安平里,13
南京東路五段,291,,13之1,安平里,20
南京東路五段,291,,13,安平里,20
南京東路五段,291,,14,安平里,13
南京東路五段,291,,15,安平里,20
南京東路五段,291,,15之2,安平里,20
南京東路五段,291,,15之1,安平里,20
南京東路五段,291,,16,安平里,13
南京東路五段,291,,17之2,安平里,20
南京東路五段,291,,17,安平里,20
南京東路五段,291,,17之1,安平里,20
南京東路五段,291,,18,安平里,13
南京東路五段,291,19,1,安平里,19
南京東路五段,291,19,2,安平里,20
南京東路五段,291,19,3,安平里,19
南京東路五段,291,19,4,安平里,20
南京東路五段,291,19,6,安平里,20
南京東路五段,291,19,7,安平里,19
南京東路五段,291,19,8,安平里,20
南京東路五段,291,19,9,安平里,19
南京東路五段,291,19,10,安平里,20
南京東路五段,291,19,11,安平里,19
南京東路五段,291,19,12,安平里,20
南京東路五段,291,19,14,安平里,20
南京東路五段,291,19,15,安平里,19
南京東路五段,291,19,16,安平里,20
南京東路五段,291,19,17,安平里,19
南京東路五段,291,19,18,安平里,20
南京東路五段,291,19,19,安平里,19
南京東路五段,291,19,20,安平里,20
南京東路五段,291,19,21,安平里,19
南京東路五段,291,19,22,安平里,20
南京東路五段,291,19,24,安平里,20
南京東路五段,291,19,26,安平里,20
南京東路五段,291,19,27,安平里,19
南京東路五段,291,19,28,安平里,20
南京東路五段,291,19,29,安平里,19
南京東路五段,291,19,30之2,安平里,20
南京東路五段,291,19,30之1,安平里,20
南京東路五段,291,19,30,安平里,20
南京東路五段,291,19,31,安平里,19
南京東路五段,291,19,32之2,安平里,20
南京東路五段,291,19,32之1,安平里,20
南京東路五段,291,19,32,安平里,20
南京東路五段,291,19,33,安平里,19
南京東路五段,291,19,35,安平里,19
南京東路五段,291,19,37,安平里,19
南京東路五段,291,19,39,安平里,19
南京東路五段,291,19,43,安平里,19
南京東路五段,291,19,45,安平里,19
南京東路五段,291,19,47,安平里,19
南京東路五段,291,19,49,安平里,19
南京東路五段,291,19,49之1,安平里,19
南京東路五段,291,19,51,安平里,19
南京東路五段,291,20,1,安平里,12
南京東路五段,291,20,2,安平里,12
南京東路五段,291,20,3,安平里,12
南京東路五段,291,20,3之3,安平里,12
南京東路五段,291,20,3之2,安平里,12
南京東路五段,291,20,4,安平里,12
南京東路五段,291,20,4之1,安平里,12
南京東路五段,291,20,4之2,安平里,12
南京東路五段,291,20,5,安平里,12
南京東路五段,291,20,6,安平里,12
南京東路五段,291,20,7,安平里,12
南京東路五段,291,20,8,安平里,12
南京東路五段,291,20,9,安平里,12
南京東路五段,291,20,10,安平里,12
南京東路五段,291,20,11,安平里,12
南京東路五段,291,20,12,安平里,12
南京東路五段,291,20,13,安平里,12
南京東路五段,291,20,14,安平里,12
南京東路五段,291,20,15,安平里,12
南京東路五段,291,20,16,安平里,12
南京東路五段,291,20,17,安平里,12
南京東路五段,291,20,19,安平里,12
南京東路五段,291,20,19之1,安平里,12
南京東路五段,291,20,21之1,安平里,12
南京東路五段,291,20,21,安平里,12
南京東路五段,291,20,22,安平里,12
南京東路五段,291,20,24,安平里,12
南京東路五段,291,20,27,安平里,12
南京東路五段,291,,21,安平里,20
南京東路五段,291,,22,安平里,12
南京東路五段,291,,23,安平里,20
南京東路五段,291,,24,安平里,12
南京東路五段,291,,25,安平里,20
南京東路五段,291,,26,安平里,12
南京東路五段,291,,27之15,安平里,18
南京東路五段,291,,27之3,安平里,18
南京東路五段,291,,27之2,安平里,18
南京東路五段,291,,27之19,安平里,18
南京東路五段,291,,27之14,安平里,18
南京東路五段,291,,27之11,安平里,18
南京東路五段,291,,27之20,安平里,18
南京東路五段,291,,27之12,安平里,18
南京東路五段,291,,27之16,安平里,18
南京東路五段,291,,27之18,安平里,18
南京東路五段,291,,27之21,安平里,18
南京東路五段,291,,27,安平里,18
南京東路五段,291,,27之17,安平里,18
南京東路五段,291,,27之22,安平里,18
南京東路五段,291,,27之1,安平里,18
南京東路五段,291,,27之10,安平里,18
南京東路五段,291,,27之13,安平里,18
南京東路五段,291,,27之4,安平里,18
南京東路五段,291,,27之9,安平里,18
南京東路五段,291,,27之8,安平里,18
南京東路五段,291,,27之5,安平里,18
南京東路五段,291,,27之7,安平里,18
南京東路五段,291,,28,安平里,12
南京東路五段,291,29,1,安平里,18
南京東路五段,291,29,2,安平里,18
南京東路五段,291,29,3,安平里,18
南京東路五段,291,29,5,安平里,18
南京東路五段,291,29,6,安平里,18
南京東路五段,291,29,7,安平里,18
南京東路五段,291,29,8,安平里,18
南京東路五段,291,29,9,安平里,18
南京東路五段,291,29,10,安平里,18
南京東路五段,291,29,11,安平里,18
南京東路五段,291,29,12,安平里,18
南京東路五段,291,29,13,安平里,18
南京東路五段,291,29,14,安平里,18
南京東路五段,291,29,15,安平里,18
南京東路五段,291,29,16,安平里,18
南京東路五段,291,29,17,安平里,18
南京東路五段,291,29,18,安平里,18
南京東路五段,291,29,22之1,安平里,18
南京東路五段,291,29,22,安平里,18
南京東路五段,291,29,22之2,安平里,18
南京東路五段,291,29,24,安平里,18
南京東路五段,291,29,25,安平里,17
南京東路五段,291,29,26,安平里,18
南京東路五段,291,29,27,安平里,17
南京東路五段,291,29,28,安平里,18
南京東路五段,291,29,29,安平里,17
南京東路五段,291,29,30,安平里,18
南京東路五段,291,29,31,安平里,17
南京東路五段,291,29,32,安平里,18
南京東路五段,291,29,33,安平里,17
南京東路五段,291,29,35,安平里,17
南京東路五段,291,29,36,安平里,18
南京東路五段,291,29,37,安平里,17
南京東路五段,291,29,38,安平里,18
南京東路五段,291,29,39,安平里,17
南京東路五段,291,29,40,安平里,18
南京東路五段,291,29,41,安平里,17
南京東路五段,291,29,42,安平里,18
南京東路五段,291,29,44,安平里,18
南京東路五段,291,29,46,安平里,18
南京東路五段,291,,30,安平里,12
南京東路五段,291,,32之2,安平里,12
南京東路五段,291,,32,安平里,12
南京東路五段,291,,32之1,安平里,12
南京東路五段,291,,32之3,安平里,12
南京東路五段,291,34,2,安平里,11
南京東路五段,291,34,2之1,安平里,11
南京東路五段,291,34,4,安平里,11
南京東路五段,291,34,5,安平里,11
南京東路五段,291,34,6,安平里,11
南京東路五段,291,34,7,安平里,11
南京東路五段,291,34,8,安平里,11
南京東路五段,291,34,9,安平里,11
南京東路五段,291,34,10,安平里,11
南京東路五段,291,34,11,安平里,11
南京東路五段,291,34,12,安平里,11
南京東路五段,291,34,13,安平里,11
南京東路五段,291,34,14,安平里,11
南京東路五段,291,34,15,安平里,11
南京東路五段,291,34,16,安平里,11
南京東路五段,291,34,17,安平里,11
南京東路五段,291,34,18,安平里,11
南京東路五段,291,34,19,安平里,11
南京東路五段,291,34,21,安平里,11
南京東路五段,291,34,23,安平里,11
南京東路五段,291,34,25,安平里,11
南京東路五段,291,34,27之2,安平里,11
南京東路五段,291,34,27之1,安平里,11
南京東路五段,291,34,27之3,安平里,11
南京東路五段,291,34,27,安平里,11
南京東路五段,291,35,3,安平里,17
南京東路五段,291,35,5,安平里,17
南京東路五段,291,35,7,安平里,17
南京東路五段,291,35,9,安平里,17
南京東路五段,291,35,11,安平里,17
南京東路五段,291,35,13,安平里,17
南京東路五段,291,35,15,安平里,17
南京東路五段,291,35,17,安平里,17
南京東路五段,291,35,19,安平里,17
南京東路五段,291,35,21,安平里,17
南京東路五段,291,35,23,安平里,17
南京東路五段,291,35,24,安平里,18
南京東路五段,291,35,25,安平里,17
南京東路五段,291,35,27,安平里,17
南京東路五段,291,35,29,安平里,17
南京東路五段,291,35,31,安平里,17
南京東路五段,291,35,33,安平里,17
南京東路五段,291,35,35,安平里,17
南京東路五段,291,35,37,安平里,17
南京東路五段,291,35,39,安平里,17
南京東路五段,291,35,41,安平里,17
南京東路五段,291,35,43,安平里,17
南京東路五段,291,35,45,安平里,17
南京東路五段,291,35,47,安平里,17
南京東路五段,291,35,49,安平里,17
南京東路五段,291,35,51,安平里,17
南京東路五段,291,35,53,安平里,17
南京東路五段,291,35,55,安平里,17
南京東路五段,291,,36之1,安平里,11
南京東路五段,291,,36,安平里,11
南京東路五段,291,,37,安平里,17
南京東路五段,291,38,1,安平里,11
南京東路五段,291,38,3,安平里,11
南京東路五段,291,38,5,安平里,11
南京東路五段,291,38,7,安平里,11
南京東路五段,291,38,9,安平里,11
南京東路五段,291,38,11,安平里,11
南京東路五段,291,38,13,安平里,11
南京東路五段,291,38,15,安平里,11
南京東路五段,291,38,17,安平里,11
南京東路五段,291,38,19,安平里,11
南京東路五段,291,38,21,安平里,11
南京東路五段,291,38,23,安平里,11
南京東路五段,291,38,25,安平里,11
南京東路五段,291,38,27,安平里,11
南京東路五段,291,38,29,安平里,11
南京東路五段,291,38,31,安平里,11
南京東路五段,291,38,33,安平里,11
南京東路五段,291,,39,安平里,16
南京東路五段,291,41,3,安平里,16
南京東路五段,291,41,4,安平里,16
南京東路五段,291,41,5,安平里,16
南京東路五段,291,41,6,安平里,16
南京東路五段,291,41,7,安平里,16
南京東路五段,291,41,8,安平里,16
南京東路五段,291,41,9,安平里,16
南京東路五段,291,41,10,安平里,16
南京東路五段,291,41,11,安平里,16
南京東路五段,291,41,12,安平里,16
南京東路五段,291,41,13,安平里,16
南京東路五段,291,41,14,安平里,16
南京東路五段,291,41,15,安平里,16
南京東路五段,291,41,16,安平里,16
南京東路五段,291,41,17,安平里,16
南京東路五段,291,41,18,安平里,16
南京東路五段,291,41,19,安平里,16
南京東路五段,291,41,20,安平里,16
南京東路五段,291,41,21,安平里,16
南京東路五段,291,41,22,安平里,16
南京東路五段,291,41,23,安平里,16
南京東路五段,291,41,24,安平里,16
南京東路五段,291,41,25,安平里,16
南京東路五段,291,41,26,安平里,16
南京東路五段,291,41,27,安平里,16
南京東路五段,291,41,28,安平里,16
南京東路五段,291,41,29,安平里,16
南京東路五段,291,41,30,安平里,16
南京東路五段,291,41,31,安平里,16
南京東路五段,291,41,32,安平里,16
南京東路五段,291,41,33,安平里,16
南京東路五段,291,41,34,安平里,16
南京東路五段,291,41,35,安平里,16
南京東路五段,291,41,36,安平里,16
南京東路五段,291,41,37,安平里,16
南京東路五段,291,41,38,安平里,16
南京東路五段,291,41,39,安平里,16
南京東路五段,291,41,40,安平里,16
南京東路五段,291,41,41,安平里,16
南京東路五段,291,41,42,安平里,16
南京東路五段,291,41,43,安平里,16
南京東路五段,291,41,44,安平里,16
南京東路五段,291,41,45,安平里,16
南京東路五段,291,41,46,安平里,16
南京東路五段,291,41,47,安平里,16
南京東路五段,291,41,48,安平里,16
南京東路五段,291,41,49,安平里,16
南京東路五段,291,41,50,安平里,16
南京東路五段,291,41,51,安平里,16
南京東路五段,291,41,52,安平里,16
南京東路五段,291,41,53,安平里,16
南京東路五段,291,41,54,安平里,16
南京東路五段,291,,42,安平里,10
南京東路五段,291,,43,安平里,16
南京東路五段,291,44,1,安平里,10
南京東路五段,291,44,2,安平里,10
南京東路五段,291,44,2之1,安平里,10
南京東路五段,291,44,3,安平里,10
南京東路五段,291,44,5,安平里,10
南京東路五段,291,44,6,安平里,10
南京東路五段,291,44,7,安平里,10
南京東路五段,291,44,8,安平里,10
南京東路五段,291,44,9,安平里,10
南京東路五段,291,44,10,安平里,10
南京東路五段,291,44,11,安平里,10
南京東路五段,291,44,12,安平里,10
南京東路五段,291,44,13,安平里,10
南京東路五段,291,44,14,安平里,10
南京東路五段,291,44,15,安平里,10
南京東路五段,291,44,16,安平里,10
南京東路五段,291,44,17,安平里,10
南京東路五段,291,44,18,安平里,10
南京東路五段,291,44,19,安平里,10
南京東路五段,291,44,20,安平里,10
南京東路五段,291,44,21,安平里,10
南京東路五段,291,44,22,安平里,10
南京東路五段,291,44,23之1,安平里,10
南京東路五段,291,44,24,安平里,10
南京東路五段,291,44,25,安平里,10
南京東路五段,291,44,26,安平里,10
南京東路五段,291,44,27,安平里,10
南京東路五段,291,44,28,安平里,10
南京東路五段,291,44,29,安平里,10
南京東路五段,291,44,30,安平里,10
南京東路五段,291,44,31,安平里,10
南京東路五段,291,44,32,安平里,10
南京東路五段,291,44,33,安平里,10
南京東路五段,291,44,34,安平里,10
南京東路五段,291,44,35,安平里,10
南京東路五段,291,,45,安平里,15
南京東路五段,291,,46,安平里,10
南京東路五段,291,47,1,安平里,15
南京東路五段,291,47,3,安平里,15
南京東路五段,291,47,4,安平里,15
南京東路五段,291,47,5,安平里,15
南京東路五段,291,47,6,安平里,15
南京東路五段,291,47,7,安平里,15
南京東路五段,291,47,8,安平里,15
南京東路五段,291,47,9,安平里,15
南京東路五段,291,47,10,安平里,15
南京東路五段,291,47,11,安平里,15
南京東路五段,291,47,12,安平里,15
南京東路五段,291,47,13,安平里,15
南京東路五段,291,47,14,安平里,15
南京東路五段,291,47,15,安平里,15
南京東路五段,291,47,16,安平里,15
南京東路五段,291,47,17,安平里,15
南京東路五段,291,47,18,安平里,15
南京東路五段,291,47,19,安平里,15
南京東路五段,291,47,20,安平里,15
南京東路五段,291,47,21,安平里,15
南京東路五段,291,47,22,安平里,15
南京東路五段,291,47,23,安平里,15
南京東路五段,291,47,24,安平里,15
南京東路五段,291,47,25,安平里,15
南京東路五段,291,47,26,安平里,15
南京東路五段,291,47,28,安平里,15
南京東路五段,291,47,29,安平里,15
南京東路五段,291,47,30,安平里,15
南京東路五段,291,47,31,安平里,15
南京東路五段,291,47,32,安平里,15
南京東路五段,291,47,33,安平里,15
南京東路五段,291,47,34,安平里,15
南京東路五段,291,47,35,安平里,15
南京東路五段,291,47,36,安平里,15
南京東路五段,291,47,37,安平里,15
南京東路五段,291,47,38,安平里,15
南京東路五段,291,47,39,安平里,15
南京東路五段,291,47,40,安平里,15
南京東路五段,291,47,41,安平里,15
南京東路五段,291,47,42,安平里,15
南京東路五段,291,47,43,安平里,15
南京東路五段,291,47,44,安平里,15
南京東路五段,291,47,46,安平里,15
南京東路五段,291,47,48,安平里,15
南京東路五段,291,47,50,安平里,15
南京東路五段,291,,48,安平里,10
南京東路五段,291,,50,安平里,10
南京東路五段,291,,52,安平里,10
南京東路五段,291,56,1,安平里,9
南京東路五段,291,56,2,安平里,9
南京東路五段,291,56,3,安平里,9
南京東路五段,291,56,4,安平里,9
南京東路五段,291,56,5,安平里,9
南京東路五段,291,56,7,安平里,9
南京東路五段,291,56,9,安平里,9
南京東路五段,291,56,11,安平里,9
南京東路五段,,,293,安平里,22
南京東路五段,,,299,安平里,22
南京東路五段,,,301,安平里,22
南京東路五段,,,303,安平里,22
南京東路五段,,,305,安平里,22
南京東路五段,,,307,安平里,22
南京東路五段,,,309,安平里,22
南京東路五段,,,315,安平里,22
南京東路五段,,,319,安平里,22
南京東路五段,,,319之2,安平里,22
南京東路五段,,,319之1,安平里,22
南京東路五段,,,321之1,安平里,22
南京東路五段,,,321之2,安平里,22
南京東路五段,,,321,安平里,22
南京東路五段,,,323之2,安平里,22
南京東路五段,,,323之1,安平里,22
南京東路五段,,,323,安平里,22
南京東路五段,,,325,安平里,22
南京東路五段,,,325之1,安平里,22
南京東路五段,,,325之2,安平里,22
南京東路五段,,,327之2,安平里,22
南京東路五段,,,327,安平里,22
南京東路五段,,,327之1,安平里,22
南京東路五段,,,329之1,安平里,22
南京東路五段,,,329之2,安平里,22
南京東路五段,,,329,安平里,22
南京東路五段,,,331,安平里,22
南京東路五段,,,333,安平里,23
南京東路五段,,,335,安平里,23
南京東路五段,,,337,安平里,23
南京東路五段,,,339,安平里,23
南京東路五段,,,341,安平里,23
南京東路五段,,,343,安平里,23
南京東路五段,,,345,安平里,23
南京東路五段,,,347,安平里,23
南京東路五段,,,349,安平里,23
南京東路五段,,,351,安平里,23
南京東路五段,,,353,安平里,23
南京東路五段,,,355,安平里,23
南京東路五段,,,357之2,安平里,23
南京東路五段,,,357,安平里,23
南京東路五段,,,357之1,安平里,23
南京東路五段,,,357之3,安平里,23
南京東路五段,,,359,安平里,23
南京東路五段,,,359之1,安平里,23
南京東路五段,,,363,安平里,31
南京東路五段,,,363之1,安平里,31
南京東路五段,,,363之2,安平里,31
南京東路五段,,,363之3,安平里,31
南京東路五段,,,365,安平里,31
南京東路五段,,,367,安平里,31
南京東路五段,,,369,安平里,31
南京東路五段,,,371,安平里,31
南京東路五段,,,373,安平里,31
南京東路五段,,,375,安平里,31
南京東路五段,,,377,安平里,31
南京東路五段,,,387,安平里,8
南京東路五段,389,5,1,安平里,8
南京東路五段,389,5,2,安平里,8
南京東路五段,389,5,3,安平里,8
南京東路五段,389,5,5,安平里,8
南京東路五段,389,5,6,安平里,8
南京東路五段,389,5,7,安平里,8
南京東路五段,389,5,9,安平里,8
南京東路五段,389,5,11,安平里,8
南京東路五段,389,5,13,安平里,8
南京東路五段,389,5,14,安平里,8
南京東路五段,389,5,15,安平里,8
南京東路五段,389,5,16,安平里,8
南京東路五段,389,5,18,安平里,8
南京東路五段,389,6,3,安平里,8
南京東路五段,389,6,5,安平里,8
南京東路五段,389,6,7,安平里,8
南京東路五段,389,6,9,安平里,8
南京東路五段,389,6,11,安平里,8
南京東路五段,389,6,11之1,安平里,8
南京東路五段,389,6,11之2,安平里,8
南京東路五段,389,6,13,安平里,8
南京東路五段,389,6,15,安平里,8
南京東路五段,389,6,16,安平里,31
南京東路五段,389,6,17,安平里,8
南京東路五段,389,6,18,安平里,31
南京東路五段,389,6,19,安平里,8
南京東路五段,389,6,20,安平里,31
南京東路五段,389,6,22,安平里,31
南京東路五段,389,6,24,安平里,31
南京東路五段,389,,8,安平里,8
南京東路五段,389,,9,安平里,32
南京東路五段,389,,10,安平里,8
南京東路五段,389,11,1,安平里,32
南京東路五段,389,11,2,安平里,32
南京東路五段,389,11,3,安平里,32
南京東路五段,389,11,5,安平里,32
南京東路五段,389,11,7,安平里,32
南京東路五段,389,11,8,安平里,32
南京東路五段,389,11,9,安平里,32
南京東路五段,389,11,10,安平里,32
南京東路五段,389,11,11,安平里,32
南京東路五段,389,11,12,安平里,32
南京東路五段,389,11,13,安平里,32
南京東路五段,389,11,15,安平里,32
南京東路五段,389,11,16,安平里,32
南京東路五段,389,11,18,安平里,32
南京東路五段,389,11,20,安平里,32
南京東路五段,389,15,1,安平里,32
南京東路五段,389,15,3,安平里,32
南京東路五段,389,15,5,安平里,32
南京東路五段,389,15,7,安平里,32
南京東路五段,389,15,9,安平里,32
南京東路五段,389,15,11,安平里,32
南京東路五段,389,15,13,安平里,32
南京東路五段,389,15,15,安平里,32
南京東路五段,389,15,17,安平里,32
南京東路五段,389,15,19,安平里,32
南京東路五段,389,15,21,安平里,32
南京東路五段,,,391,安平里,8
南京東路五段,,,393,安平里,8
南京東路五段,,,395,安平里,8
南京東路五段,,,399之2,安平里,8
南京東路五段,,,399,安平里,8
南京東路五段,,,399之3,安平里,8
南京東路五段,,,399之1,安平里,8
南京東路五段,,,399之5,安平里,8
南京東路五段,,,405,安平里,8
南京東路五段,,,407,安平里,8
南京東路五段,,,411,安平里,8
南京東路五段,291,44,23,安平里,10
健康路,,,268,安平里,1
健康路,,,270,安平里,1
健康路,,,272,安平里,1
健康路,,,274,安平里,1
健康路,,,276,安平里,1
健康路,,,278,安平里,1
健康路,,,280,安平里,1
健康路,,,282,安平里,1
健康路,,,284,安平里,1
健康路,,,286,安平里,1
健康路,,,288,安平里,1
健康路,,,290,安平里,9
健康路,,,290之1,安平里,9
健康路,,,300,安平里,9
健康路,,,302,安平里,9
健康路,,,304,安平里,9
健康路,,,306,安平里,9
健康路,,,308,安平里,9
健康路,,,400,安平里,9
健康路,,,406,安平里,14
健康路,,,408,安平里,14
健康路,,,410,安平里,14
健康路,,,412,安平里,14
健康路,,,416,安平里,14
健康路,,,418,安平里,14
健康路,,,422,安平里,24
健康路,,,424,安平里,24
健康路,,,426,安平里,24
健康路,,,428,安平里,24
健康路,,,430,安平里,24
健康路,,,432,安平里,24
健康路,,,434,安平里,24
健康路,,,436之1,安平里,24
健康路,,,436,安平里,24
健康路,,,438,安平里,24
健康路,,,440,安平里,24
健康路,,,442,安平里,24
健康路,,,500,安平里,24
塔悠路,,,56,安平里,32
塔悠路,,,58,安平里,32
塔悠路,,,60,安平里,32
塔悠路,,,62,安平里,32
塔悠路,,,64,安平里,32
塔悠路,,,68,安平里,32
塔悠路,,,72,安平里,32
塔悠路,,,76,安平里,32
塔悠路,,,78,安平里,32
塔悠路,,,80,安平里,32
塔悠路,,,82,安平里,32
寶清街,,,24,安平里,23
寶清街,,,26,安平里,23
寶清街,30,,2,安平里,23
寶清街,30,,4,安平里,23
寶清街,30,,6,安平里,23
寶清街,30,,8,安平里,23
寶清街,30,,10,安平里,23
寶清街,30,,12,安平里,23
寶清街,30,,14,安平里,23
寶清街,30,,16,安平里,23
寶清街,30,,18,安平里,23
寶清街,30,,20,安平里,23
寶清街,30,,22,安平里,23
寶清街,30,,24,安平里,23
寶清街,30,,26,安平里,23
寶清街,30,,28,安平里,23
寶清街,,,30,安平里,18
寶清街,30,,30,安平里,23
寶清街,,,32,安平里,18
寶清街,,,34,安平里,18
寶清街,,,38,安平里,17
寶清街,,,40,安平里,17
寶清街,,,42,安平里,17
寶清街,,,46,安平里,16
寶清街,,,63,安平里,30
寶清街,,,65,安平里,30
寶清街,,,67,安平里,30
寶清街,,,69,安平里,30
寶清街,,,71,安平里,30
寶清街,,,73,安平里,30
寶清街,,,73之1,安平里,30
寶清街,,,75,安平里,30
寶清街,,,77,安平里,30
寶清街,,,79,安平里,30
寶清街,,,81,安平里,30
寶清街,,,83,安平里,30
寶清街,,,85,安平里,30
寶清街,89,,1,安平里,29
寶清街,89,,2,安平里,30
寶清街,89,,3,安平里,29
寶清街,89,,3之3,安平里,29
寶清街,89,,3之2,安平里,29
寶清街,89,,3之1,安平里,29
寶清街,89,,4,安平里,30
寶清街,89,,5,安平里,29
寶清街,89,,6,安平里,30
寶清街,89,,7,安平里,29
寶清街,89,,8,安平里,30
寶清街,89,,9,安平里,29
寶清街,89,,10,安平里,30
寶清街,89,,11,安平里,29
寶清街,89,,12,安平里,30
寶清街,89,,13,安平里,29
寶清街,89,,14,安平里,30
寶清街,89,,15,安平里,29
寶清街,89,,16,安平里,30
寶清街,89,,17,安平里,29
寶清街,89,,18,安平里,30
寶清街,89,,19,安平里,29
寶清街,89,,20,安平里,30
寶清街,89,,21,安平里,29
寶清街,89,,22,安平里,30
寶清街,89,,23,安平里,29
寶清街,89,,25,安平里,29
寶清街,89,,27,安平里,29
寶清街,89,,28,安平里,30
寶清街,89,,29,安平里,29
寶清街,89,,29之1,安平里,29
寶清街,89,,30,安平里,30
寶清街,89,,31,安平里,29
寶清街,89,,31之1,安平里,29
寶清街,89,,32,安平里,30
寶清街,89,,33,安平里,29
寶清街,89,,34,安平里,30
寶清街,89,,35,安平里,29
寶清街,89,,36,安平里,30
寶清街,89,,37,安平里,29
寶清街,89,,39,安平里,29
寶清街,89,,40,安平里,30
寶清街,89,,42,安平里,30
寶清街,89,,43之1,安平里,29
寶清街,89,,43,安平里,29
寶清街,89,,44,安平里,30
寶清街,89,,46,安平里,30
寶清街,89,,47,安平里,29
寶清街,,,91,安平里,28
寶清街,,,93,安平里,28
寶清街,,,95,安平里,28
寶清街,,,97,安平里,28
寶清街,,,99,安平里,28
寶清街,101,,2,安平里,28
寶清街,101,,3,安平里,27
寶清街,101,,5,安平里,27
寶清街,101,,6,安平里,28
寶清街,101,,7,安平里,27
寶清街,101,,8,安平里,28
寶清街,101,,9,安平里,27
寶清街,101,,10,安平里,28
寶清街,101,,11,安平里,27
寶清街,101,,12,安平里,28
寶清街,101,,13,安平里,27
寶清街,101,,14,安平里,28
寶清街,101,,15,安平里,27
寶清街,101,,17,安平里,27
寶清街,101,,18,安平里,28
寶清街,101,,19,安平里,27
寶清街,101,,20,安平里,28
寶清街,101,,21,安平里,27
寶清街,101,,22,安平里,28
寶清街,101,,23,安平里,27
寶清街,101,,24,安平里,28
寶清街,101,,25,安平里,27
寶清街,101,,26,安平里,28
寶清街,101,,27,安平里,27
寶清街,101,,28,安平里,28
寶清街,101,,30,安平里,28
寶清街,101,,32,安平里,28
寶清街,101,,33,安平里,27
寶清街,101,,34,安平里,28
寶清街,101,,35,安平里,27
寶清街,101,,37,安平里,27
寶清街,101,,39,安平里,27
寶清街,101,,41,安平里,27
寶清街,101,,43,安平里,27
寶清街,101,,44,安平里,28
寶清街,101,,46,安平里,28
寶清街,101,,48,安平里,28
寶清街,101,,50,安平里,28
寶清街,101,,52,安平里,28
寶清街,101,,54,安平里,28
寶清街,,,101,安平里,27
寶清街,,,101之1,安平里,27
寶清街,,,101之2,安平里,27
寶清街,103,,26,安平里,25
寶清街,103,,29,安平里,27
寶清街,103,,30,安平里,25
寶清街,103,,31,安平里,25
寶清街,103,,32,安平里,25
寶清街,103,,33,安平里,25
寶清街,103,,34,安平里,25
寶清街,103,,35,安平里,25
寶清街,103,,36,安平里,25
寶清街,103,,37,安平里,25
寶清街,103,,38,安平里,25
寶清街,103,,39,安平里,25
寶清街,103,,40,安平里,25
寶清街,103,,41,安平里,25
寶清街,,,103之7,安平里,27
寶清街,,,103之9,安平里,27
寶清街,,,103之8,安平里,27
寶清街,,,103之6,安平里,27
寶清街,,,103之2,安平里,26
寶清街,,,103之11,安平里,27
寶清街,,,103之3,安平里,26
寶清街,,,103之12,安平里,27
寶清街,,,103之10,安平里,27
寶清街,,,103之5,安平里,27
寶清街,105,,1,安平里,26
寶清街,105,,3,安平里,26
寶清街,105,,5,安平里,26
寶清街,105,,6,安平里,26
寶清街,105,,7,安平里,26
寶清街,105,,8,安平里,26
寶清街,105,,9,安平里,26
寶清街,105,,10,安平里,26
寶清街,105,,11,安平里,26
寶清街,105,,12,安平里,26
寶清街,105,,13,安平里,26
寶清街,105,,14,安平里,26
寶清街,105,,15,安平里,26
寶清街,105,,16,安平里,26
寶清街,105,,18,安平里,26
寶清街,105,,19,安平里,25
寶清街,105,,20,安平里,26
寶清街,105,,21,安平里,25
寶清街,105,,23,安平里,25
寶清街,105,,25,安平里,25
寶清街,105,,27,安平里,25
寶清街,105,,29,安平里,25
寶清街,105,,50,安平里,25
寶清街,105,,52,安平里,25
寶清街,105,,54,安平里,25
寶清街,105,,58,安平里,25
寶清街,105,,60,安平里,25
寶清街,105,,62,安平里,25
寶清街,105,,64,安平里,25
寶清街,105,,66,安平里,25
寶清街,105,,68,安平里,25
寶清街,,,105,安平里,24
寶清街,,,107之1,安平里,24
寶清街,,,107之2,安平里,24
寶清街,,,107,安平里,24
寶清街,,,109,安平里,24
寶清街,111,,2,安平里,24
寶清街,111,,4,安平里,24
寶清街,111,,6,安平里,24
寶清街,111,,8,安平里,24
寶清街,111,,10,安平里,24
寶清街,111,,12,安平里,24
寶清街,111,,14,安平里,24
寶清街,111,,16,安平里,24
寶清街,111,,18,安平里,24
寶清街,111,,19,安平里,24
寶清街,111,,21,安平里,24
寶清街,111,,22,安平里,24
寶清街,111,,23,安平里,24
寶清街,111,,24,安平里,24
寶清街,111,,25,安平里,24
寶清街,111,,25之1,安平里,24
寶清街,111,,26,安平里,24
寶清街,111,,27,安平里,24
寶清街,111,,28,安平里,24
寶清街,111,,29,安平里,24
寶清街,111,,31,安平里,24
寶清街,111,,33,安平里,24
寶清街,111,,34,安平里,25
寶清街,111,,36,安平里,25
寶清街,111,,38,安平里,25
寶清街,111,,40,安平里,25
寶清街,111,,42,安平里,25
寶清街,111,,44,安平里,25
寶清街,,,111,安平里,24
寶清街,,,123,安平里,24
寶清街,126,,17,安平里,2
三民路,,,25,自強里,25
三民路,,,27,自強里,25
三民路,29,,1,自強里,25
三民路,29,,2,自強里,23
三民路,29,,3,自強里,25
三民路,29,,5,自強里,24
三民路,29,,6,自強里,23
三民路,29,,7,自強里,24
三民路,,,31,自強里,23
三民路,,,33,自強里,23
三民路,35,,1,自強里,23
三民路,35,,2,自強里,22
三民路,35,,3,自強里,23
三民路,35,,5,自強里,23
三民路,35,,6,自強里,22
三民路,35,,9,自強里,23
三民路,,,37,自強里,22
三民路,,,39,自強里,22
三民路,,,41,自強里,22
三民路,43,,1,自強里,22
三民路,43,,2,自強里,3
三民路,43,,3,自強里,22
三民路,43,,5,自強里,22
三民路,43,,6,自強里,3
三民路,43,,8,自強里,1
三民路,43,,9,自強里,21
三民路,43,,10,自強里,1
三民路,43,,11,自強里,21
三民路,43,,12,自強里,1
三民路,43,,15,自強里,2
三民路,43,,17,自強里,2
三民路,43,,19,自強里,2
三民路,43,,21,自強里,2
三民路,62,,1之2,自強里,4
三民路,62,,1之3,自強里,4
三民路,62,,1,自強里,4
三民路,62,,1之1,自強里,4
三民路,62,,3之2,自強里,4
三民路,62,,3,自強里,4
三民路,62,,3之3,自強里,4
三民路,62,,3之1,自強里,4
三民路,62,,5之3,自強里,4
三民路,62,,5之2,自強里,4
三民路,62,,5之1,自強里,4
三民路,62,,5,自強里,4
三民路,62,,7之1,自強里,4
三民路,62,,7之3,自強里,4
三民路,62,,7之2,自強里,4
三民路,62,,7,自強里,4
三民路,62,,9,自強里,4
三民路,62,,9之1,自強里,4
三民路,62,,9之2,自強里,4
三民路,62,,9之3,自強里,4
三民路,68,,1之2,自強里,6
三民路,68,,1之1,自強里,6
三民路,68,,1之3,自強里,6
三民路,68,,1,自強里,6
三民路,68,,2之3,自強里,5
三民路,68,,2之1,自強里,5
三民路,68,,2之2,自強里,5
三民路,68,,2,自強里,5
三民路,68,,3之2,自強里,6
三民路,68,,3之1,自強里,6
三民路,68,,3,自強里,6
三民路,68,,3之3,自強里,6
三民路,68,,4之1,自強里,5
三民路,68,,4之2,自強里,5
三民路,68,,4,自強里,5
三民路,68,,5之3,自強里,6
三民路,68,,5之1,自強里,6
三民路,68,,5,自強里,6
三民路,68,,5之2,自強里,6
三民路,68,,6之1,自強里,5
三民路,68,,6之2,自強里,5
三民路,68,,6,自強里,5
三民路,68,,6之3,自強里,5
三民路,68,,7之2,自強里,6
三民路,68,,7之1,自強里,6
三民路,68,,7之3,自強里,6
三民路,68,,7,自強里,6
三民路,68,,8之3,自強里,5
三民路,68,,8,自強里,5
三民路,68,,8之2,自強里,5
三民路,68,,8之1,自強里,5
三民路,68,,9,自強里,6
三民路,68,,9之2,自強里,6
三民路,68,,9之3,自強里,6
三民路,68,,9之1,自強里,6
三民路,68,,10之1,自強里,5
三民路,68,,10之2,自強里,5
三民路,68,,10之3,自強里,5
三民路,68,,10,自強里,5
三民路,,,70之3,自強里,6
三民路,,,70,自強里,6
三民路,,,70之2,自強里,6
三民路,,,70之1,自強里,6
三民路,,,72之3,自強里,7
三民路,,,72之2,自強里,7
三民路,,,72,自強里,7
三民路,,,72之1,自強里,7
三民路,74,,1之1,自強里,8
三民路,74,,1,自強里,8
三民路,74,,1之2,自強里,8
三民路,74,,1之3,自強里,8
三民路,74,,2之2,自強里,7
三民路,74,,2,自強里,7
三民路,74,,2之3,自強里,7
三民路,74,,2之1,自強里,7
三民路,74,,3,自強里,8
三民路,74,,3之1,自強里,8
三民路,74,,3之2,自強里,8
三民路,74,,3之3,自強里,8
三民路,74,,4,自強里,7
三民路,74,,4之2,自強里,7
三民路,74,,4之1,自強里,7
三民路,74,,4之3,自強里,7
三民路,74,,5之2,自強里,9
三民路,74,,5之3,自強里,9
三民路,74,,5之1,自強里,9
三民路,74,,5,自強里,9
三民路,74,,6之3,自強里,7
三民路,74,,6之1,自強里,7
三民路,74,,6之2,自強里,7
三民路,74,,6,自強里,7
三民路,74,,7,自強里,9
三民路,74,,7之2,自強里,9
三民路,74,,7之3,自強里,9
三民路,74,,7之1,自強里,9
三民路,74,,8之1,自強里,7
三民路,74,,8之3,自強里,7
三民路,74,,8之2,自強里,7
三民路,74,,8,自強里,7
三民路,74,,9之2,自強里,10
三民路,74,,9之3,自強里,10
三民路,74,,9之1,自強里,10
三民路,74,,9,自強里,10
三民路,74,,11之2,自強里,10
三民路,74,,11,自強里,10
三民路,74,,11之1,自強里,10
三民路,74,,11之3,自強里,10
三民路,80,,2之3,自強里,8
三民路,80,,2之1,自強里,8
三民路,80,,2之2,自強里,8
三民路,80,,2,自強里,8
三民路,80,,3,自強里,26
三民路,80,,4,自強里,8
三民路,80,,4之2,自強里,8
三民路,80,,4之3,自強里,8
三民路,80,,4之1,自強里,8
三民路,80,,5,自強里,26
三民路,80,,6,自強里,9
三民路,80,,6之2,自強里,9
三民路,80,,6之1,自強里,9
三民路,80,,6之3,自強里,9
三民路,80,,7,自強里,11
三民路,80,,8之2,自強里,9
三民路,80,,8,自強里,9
三民路,80,,8之3,自強里,9
三民路,80,,8之1,自強里,9
三民路,80,,9,自強里,11
三民路,80,,10之2,自強里,10
三民路,80,,10之3,自強里,10
三民路,80,,10,自強里,10
三民路,80,,10之1,自強里,10
三民路,80,,11,自強里,11
三民路,80,,12,自強里,10
三民路,80,,12之3,自強里,10
三民路,80,,12之2,自強里,10
三民路,80,,12之1,自強里,10
三民路,80,,13,自強里,12
三民路,80,,15,自強里,11
三民路,80,,17,自強里,12
三民路,80,,19,自強里,11
三民路,80,,21,自強里,12
三民路,80,,23,自強里,11
三民路,80,,25,自強里,12
三民路,80,,27,自強里,11
三民路,80,,29,自強里,11
三民路,,,82,自強里,26
三民路,,,84,自強里,26
三民路,,,86,自強里,26
三民路,,,88,自強里,26
三民路,,,90,自強里,26
延壽街,,,74,自強里,12
延壽街,,,74之1,自強里,12
延壽街,,,76,自強里,12
延壽街,,,76之1,自強里,12
延壽街,,,78,自強里,12
延壽街,,,78之1,自強里,12
延壽街,,,80,自強里,12
延壽街,,,80之1,自強里,12
延壽街,,,82,自強里,12
延壽街,,,82之1,自強里,12
延壽街,,,84,自強里,12
延壽街,,,84之1,自強里,12
延壽街,,,88,自強里,26
延壽街,,,90,自強里,26
延壽街,,,92,自強里,26
延壽街,,,168,自強里,3
延壽街,314,,2,自強里,3
延壽街,314,,6,自強里,3
延壽街,,,316,自強里,3
延壽街,,,318,自強里,3
延壽街,,,320,自強里,1
延壽街,,,322,自強里,1
延壽街,,,324,自強里,1
延壽街,,,326,自強里,1
延壽街,,,328,自強里,1
延壽街,330,,1,自強里,1
延壽街,330,,3,自強里,1
延壽街,330,,5,自強里,2
延壽街,330,7,1,自強里,2
延壽街,330,7,2之1,自強里,20
延壽街,330,7,2,自強里,20
延壽街,330,7,3,自強里,2
延壽街,330,7,4,自強里,20
延壽街,330,7,5,自強里,2
延壽街,330,7,6之1,自強里,20
延壽街,330,7,6,自強里,20
延壽街,330,7,7,自強里,2
延壽街,330,7,9,自強里,2
延壽街,330,7,11,自強里,21
延壽街,330,7,12,自強里,18
延壽街,330,7,13,自強里,21
延壽街,330,7,14,自強里,18
延壽街,330,7,14之1,自強里,18
延壽街,330,7,16之1,自強里,18
延壽街,330,7,16,自強里,18
延壽街,330,7,18之1,自強里,17
延壽街,330,7,18,自強里,17
延壽街,330,7,20,自強里,17
延壽街,330,7,20之1,自強里,17
延壽街,330,7,22,自強里,17
延壽街,330,,9之1,自強里,20
延壽街,330,,9,自強里,20
延壽街,330,,11之1,自強里,20
延壽街,330,,11,自強里,20
延壽街,330,,13之1,自強里,19
延壽街,330,,13,自強里,19
延壽街,330,,15之1,自強里,19
延壽街,330,,15,自強里,19
延壽街,330,17,1,自強里,19
延壽街,330,17,1之1,自強里,19
延壽街,330,17,2,自強里,16
延壽街,330,17,2之1,自強里,16
延壽街,330,17,3之1,自強里,19
延壽街,330,17,3,自強里,19
延壽街,330,17,4之1,自強里,16
延壽街,330,17,4,自強里,16
延壽街,330,17,6,自強里,16
延壽街,330,17,6之1,自強里,16
延壽街,330,17,8,自強里,16
延壽街,330,17,8之1,自強里,16
延壽街,330,17,10,自強里,16
延壽街,330,17,10之1,自強里,16
延壽街,330,17,12之1,自強里,16
延壽街,330,17,12,自強里,16
延壽街,330,17,13,自強里,18
延壽街,330,17,14,自強里,14
延壽街,330,17,15之1,自強里,18
延壽街,330,17,15,自強里,18
延壽街,330,17,16,自強里,14
延壽街,330,17,18之1,自強里,13
延壽街,330,17,18,自強里,13
延壽街,330,17,19,自強里,17
延壽街,330,17,19之1,自強里,17
延壽街,330,17,20之1,自強里,13
延壽街,330,17,20,自強里,13
延壽街,330,17,21,自強里,17
健康路,,,173之1,自強里,15
健康路,,,173,自強里,15
健康路,,,175,自強里,15
健康路,,,175之1,自強里,15
健康路,,,177,自強里,15
健康路,,,177之2,自強里,15
健康路,,,177之1,自強里,15
健康路,,,179,自強里,15
健康路,,,179之1,自強里,15
健康路,,,179之2,自強里,15
健康路,,,181之1,自強里,15
健康路,,,181,自強里,15
健康路,,,183之1,自強里,15
健康路,,,183,自強里,15
健康路,185,,6,自強里,14
健康路,185,,8之1,自強里,14
健康路,185,,8,自強里,14
健康路,185,,10,自強里,14
健康路,185,,10之1,自強里,14
健康路,185,,12,自強里,14
健康路,185,,12之1,自強里,14
健康路,185,,15之1,自強里,19
健康路,185,,15,自強里,19
健康路,185,,16,自強里,18
健康路,185,,17,自強里,19
健康路,185,,17之1,自強里,19
健康路,185,,18,自強里,18
健康路,185,,19之1,自強里,20
健康路,185,,19,自強里,20
健康路,185,,20,自強里,18
健康路,185,,21,自強里,20
健康路,185,,21之1,自強里,20
健康路,185,,22,自強里,18
健康路,,,187,自強里,14
健康路,,,189,自強里,14
健康路,,,191之1,自強里,14
健康路,,,191,自強里,14
健康路,,,193之1,自強里,13
健康路,,,193,自強里,13
健康路,,,195,自強里,13
健康路,225,,2,自強里,24
健康路,225,,6,自強里,24
健康路,225,,11,自強里,13
健康路,225,,11之1,自強里,13
健康路,225,,11之2,自強里,13
健康路,225,,15,自強里,17
健康路,225,,17,自強里,17
健康路,225,,19,自強里,17
健康路,225,,21,自強里,17
健康路,,,227,自強里,24
健康路,,,229,自強里,24
健康路,,,231,自強里,24
健康路,,,233,自強里,24
健康路,,,235,自強里,24
健康路,,,237,自強里,25
健康路,,,239,自強里,25
健康路,,,241,自強里,25
健康路,,,243,自強里,25
健康路,,,285,自強里,27
健康路,,,287,自強里,27
健康路,,,295,自強里,27
健康路,,,303,自強里,28
健康路,,,305,自強里,28
三民路,3,,5,東光里,27
三民路,3,,7,東光里,27
三民路,3,,9,東光里,27
三民路,3,,11,東光里,27
三民路,3,,13,東光里,27
三民路,3,,15,東光里,27
三民路,3,,17,東光里,27
三民路,3,,19,東光里,27
三民路,3,,21,東光里,27
三民路,3,,23,東光里,27
三民路,,,5,東光里,27
三民路,,,9之1,東光里,22
三民路,,,9之13,東光里,22
三民路,,,9之2,東光里,22
三民路,,,9之15,東光里,22
三民路,,,9之3,東光里,22
三民路,,,9之16,東光里,22
三民路,,,9之4,東光里,22
三民路,,,9之21,東光里,22
三民路,,,9,東光里,22
三民路,,,9之19,東光里,22
三民路,,,9之23,東光里,22
三民路,,,9之11,東光里,22
三民路,,,9之14,東光里,22
三民路,,,9之18,東光里,22
三民路,,,9之20,東光里,22
三民路,,,9之22,東光里,22
三民路,,,9之24,東光里,22
三民路,,,9之10,東光里,22
三民路,,,9之17,東光里,22
三民路,,,9之12,東光里,22
三民路,,,9之5,東光里,22
三民路,,,9之9,東光里,22
三民路,,,9之6,東光里,22
三民路,,,9之7,東光里,22
三民路,,,9之8,東光里,22
光復北路,,,119之1,東光里,4
光復北路,,,119,東光里,4
光復北路,,,123,東光里,4
光復北路,,,125,東光里,4
光復北路,,,127,東光里,4
光復北路,,,129,東光里,4
光復北路,,,133,東光里,3
光復北路,,,135,東光里,3
光復北路,,,137,東光里,3
光復北路,,,141,東光里,2
光復北路,,,143,東光里,1
光復北路,,,145,東光里,1
南京東路五段,123,6,2之6,東光里,29
南京東路五段,,,1,東光里,4
南京東路五段,,,3,東光里,4
南京東路五段,,,15之11,東光里,5
南京東路五段,,,15之3,東光里,5
南京東路五段,,,15之2,東光里,5
南京東路五段,,,15之4,東光里,5
南京東路五段,,,15,東光里,5
南京東路五段,,,15之1,東光里,5
南京東路五段,,,15之8,東光里,5
南京東路五段,,,15之6,東光里,5
南京東路五段,,,15之9,東光里,5
南京東路五段,,,15之7,東光里,5
南京東路五段,,,15之5,東光里,5
南京東路五段,,,17,東光里,5
南京東路五段,,,17之4,東光里,5
南京東路五段,,,17之5,東光里,5
南京東路五段,,,17之7,東光里,5
南京東路五段,,,17之6,東光里,5
南京東路五段,,,19之1,東光里,5
南京東路五段,,,19之10,東光里,5
南京東路五段,,,19之2,東光里,5
南京東路五段,,,19之3,東光里,5
南京東路五段,,,19之4,東光里,5
南京東路五段,,,19之5,東光里,5
南京東路五段,,,19之6,東光里,5
南京東路五段,,,19之8,東光里,5
南京東路五段,,,19之9,東光里,5
南京東路五段,,,19之7,東光里,5
南京東路五段,,,21之4,東光里,5
南京東路五段,,,21之7,東光里,5
南京東路五段,,,21之6,東光里,5
南京東路五段,,,21之5,東光里,5
南京東路五段,23,,1,東光里,5
南京東路五段,23,,4,東光里,5
南京東路五段,23,6,1,東光里,11
南京東路五段,23,6,3,東光里,11
南京東路五段,23,6,5,東光里,11
南京東路五段,23,6,7,東光里,11
南京東路五段,23,6,8,東光里,5
南京東路五段,23,6,9,東光里,11
南京東路五段,23,6,11,東光里,11
南京東路五段,23,6,13,東光里,11
南京東路五段,23,6,15,東光里,11
南京東路五段,23,6,17,東光里,11
南京東路五段,23,6,19,東光里,11
南京東路五段,23,6,21,東光里,11
南京東路五段,23,6,23,東光里,11
南京東路五段,23,6,25,東光里,11
南京東路五段,23,6,27,東光里,11
南京東路五段,23,6,29之1,東光里,11
南京東路五段,23,6,29,東光里,11
南京東路五段,23,7,1,東光里,5
南京東路五段,23,7,3,東光里,5
南京東路五段,23,7,5,東光里,5
南京東路五段,23,7,7,東光里,5
南京東路五段,23,7,9,東光里,5
南京東路五段,23,7,11,東光里,5
南京東路五段,23,9,2,東光里,3
南京東路五段,23,9,4,東光里,3
南京東路五段,23,9,6,東光里,3
南京東路五段,23,9,8,東光里,3
南京東路五段,23,9,10,東光里,3
南京東路五段,23,9,12,東光里,3
南京東路五段,23,9,14,東光里,3
南京東路五段,23,9,16,東光里,3
南京東路五段,23,9,18,東光里,3
南京東路五段,23,9,25,東光里,3
南京東路五段,23,15,1,東光里,2
南京東路五段,23,15,3,東光里,2
南京東路五段,23,15,4,東光里,1
南京東路五段,23,15,5,東光里,2
南京東路五段,23,15,7,東光里,2
南京東路五段,23,15,9,東光里,2
南京東路五段,23,15,11,東光里,2
南京東路五段,23,15,13,東光里,2
南京東路五段,23,15,15,東光里,2
南京東路五段,23,15,17,東光里,2
南京東路五段,23,15,19,東光里,2
南京東路五段,23,15,21,東光里,2
南京東路五段,23,,17,東光里,1
南京東路五段,23,,18,東光里,6
南京東路五段,23,,20,東光里,6
南京東路五段,,,25之1,東光里,5
南京東路五段,,,25之13,東光里,5
南京東路五段,,,25之2,東光里,5
南京東路五段,,,25之4,東光里,5
南京東路五段,,,25,東光里,5
南京東路五段,,,25之3,東光里,5
南京東路五段,,,25之10,東光里,5
南京東路五段,,,25之11,東光里,5
南京東路五段,,,25之12,東光里,5
南京東路五段,,,25之5,東光里,5
南京東路五段,,,25之9,東光里,5
南京東路五段,,,25之7,東光里,5
南京東路五段,,,25之6,東光里,5
南京東路五段,,,25之8,東光里,5
南京東路五段,,,27,東光里,5
南京東路五段,,,27之2,東光里,5
南京東路五段,,,29之12,東光里,5
南京東路五段,,,29之10,東光里,5
南京東路五段,,,29,東光里,5
南京東路五段,,,29之4,東光里,5
南京東路五段,,,29之11,東光里,5
南京東路五段,,,29之2,東光里,5
南京東路五段,,,29之3,東光里,5
南京東路五段,,,29之1,東光里,5
南京東路五段,,,29之5,東光里,5
南京東路五段,,,29之7,東光里,5
南京東路五段,,,29之9,東光里,5
南京東路五段,,,29之8,東光里,5
南京東路五段,,,29之6,東光里,5
南京東路五段,,,31,東光里,5
南京東路五段,,,33,東光里,5
南京東路五段,,,35,東光里,12
南京東路五段,,,35之1,東光里,12
南京東路五段,,,37,東光里,12
南京東路五段,,,37之1,東光里,12
南京東路五段,,,39,東光里,12
南京東路五段,,,41,東光里,12
南京東路五段,,,41之1,東光里,12
南京東路五段,,,43,東光里,12
南京東路五段,,,43之1,東光里,12
南京東路五段,,,45,東光里,12
南京東路五段,,,47,東光里,13
南京東路五段,,,49,東光里,13
南京東路五段,,,49之1,東光里,13
南京東路五段,,,51之1,東光里,13
南京東路五段,,,51,東光里,13
南京東路五段,,,53之1,東光里,13
南京東路五段,,,53,東光里,13
南京東路五段,,,55之1,東光里,13
南京東路五段,,,55,東光里,13
南京東路五段,,,57,東光里,13
南京東路五段,59,,15,東光里,20
南京東路五段,59,,15之1,東光里,20
南京東路五段,59,,19,東光里,20
南京東路五段,59,,21,東光里,20
南京東路五段,59,,23,東光里,20
南京東路五段,59,,25,東光里,20
南京東路五段,59,27,1,東光里,19
南京東路五段,59,27,2之1,東光里,20
南京東路五段,59,27,2之2,東光里,20
南京東路五段,59,27,2,東光里,20
南京東路五段,59,27,3,東光里,19
南京東路五段,59,27,4,東光里,20
南京東路五段,59,27,5之2,東光里,19
南京東路五段,59,27,5,東光里,19
南京東路五段,59,27,6,東光里,20
南京東路五段,59,27,7之1,東光里,19
南京東路五段,59,27,7之2,東光里,19
南京東路五段,59,27,7,東光里,19
南京東路五段,59,27,8,東光里,20
南京東路五段,59,27,9,東光里,19
南京東路五段,59,27,10,東光里,20
南京東路五段,59,27,11,東光里,19
南京東路五段,59,27,12,東光里,20
南京東路五段,59,27,13,東光里,19
南京東路五段,59,27,15,東光里,19
南京東路五段,59,27,15之2,東光里,19
南京東路五段,59,27,16,東光里,20
南京東路五段,59,27,17,東光里,19
南京東路五段,59,27,18,東光里,20
南京東路五段,59,27,19,東光里,19
南京東路五段,59,27,20,東光里,20
南京東路五段,59,27,20之1,東光里,20
南京東路五段,59,27,21,東光里,19
南京東路五段,59,27,22,東光里,20
南京東路五段,59,27,23,東光里,19
南京東路五段,59,27,24,東光里,20
南京東路五段,59,27,25之1,東光里,19
南京東路五段,59,27,25,東光里,19
南京東路五段,59,27,26,東光里,20
南京東路五段,59,,27之17,東光里,18
南京東路五段,59,,27之19,東光里,18
南京東路五段,59,,27之20,東光里,18
南京東路五段,59,,27之23,東光里,18
南京東路五段,59,,27之2,東光里,18
南京東路五段,59,27,27,東光里,19
南京東路五段,59,,27之16,東光里,18
南京東路五段,59,,27之13,東光里,18
南京東路五段,59,,27之12,東光里,18
南京東路五段,59,,27之11,東光里,18
南京東路五段,59,,27之10,東光里,18
南京東路五段,59,,27之14,東光里,18
南京東路五段,59,,27之4,東光里,18
南京東路五段,59,,27之18,東光里,18
南京東路五段,59,,27之21,東光里,18
南京東路五段,59,,27之22,東光里,18
南京東路五段,59,,27之3,東光里,18
南京東路五段,59,,27之15,東光里,18
南京東路五段,59,,27之1,東光里,18
南京東路五段,59,,27,東光里,18
南京東路五段,59,27,28,東光里,20
南京東路五段,59,,27之8,東光里,18
南京東路五段,59,,27之9,東光里,18
南京東路五段,59,,27之5,東光里,18
南京東路五段,59,,27之7,東光里,18
南京東路五段,59,,27之6,東光里,18
南京東路五段,59,27,29,東光里,19
南京東路五段,59,27,30,東光里,20
南京東路五段,59,27,31,東光里,19
南京東路五段,59,27,32,東光里,20
南京東路五段,59,27,33,東光里,19
南京東路五段,59,27,35,東光里,19
南京東路五段,59,27,37,東光里,19
南京東路五段,59,28,1,東光里,9
南京東路五段,59,28,2,東光里,10
南京東路五段,59,28,3,東光里,9
南京東路五段,59,28,4,東光里,10
南京東路五段,59,28,5,東光里,9
南京東路五段,59,28,6,東光里,10
南京東路五段,59,28,7,東光里,9
南京東路五段,59,28,8,東光里,10
南京東路五段,59,28,9,東光里,9
南京東路五段,59,28,10,東光里,10
南京東路五段,59,28,11,東光里,9
南京東路五段,59,28,12,東光里,10
南京東路五段,59,28,13,東光里,9
南京東路五段,59,28,14,東光里,10
南京東路五段,59,28,15,東光里,9
南京東路五段,59,28,16,東光里,10
南京東路五段,59,28,17,東光里,9
南京東路五段,59,28,18,東光里,10
南京東路五段,59,28,19,東光里,9
南京東路五段,59,28,20,東光里,10
南京東路五段,59,28,21,東光里,9
南京東路五段,59,28,22,東光里,10
南京東路五段,59,28,23,東光里,9
南京東路五段,59,28,24,東光里,10
南京東路五段,59,28,25之1,東光里,9
南京東路五段,59,28,25,東光里,9
南京東路五段,59,28,26,東光里,10
南京東路五段,59,28,28,東光里,10
南京東路五段,59,28,30,東光里,10
南京東路五段,59,28,32,東光里,10
南京東路五段,59,29,1,東光里,17
南京東路五段,59,29,2,東光里,18
南京東路五段,59,29,3,東光里,17
南京東路五段,59,29,4,東光里,18
南京東路五段,59,29,5,東光里,17
南京東路五段,59,29,6,東光里,18
南京東路五段,59,29,7,東光里,17
南京東路五段,59,29,8,東光里,18
南京東路五段,59,29,10,東光里,18
南京東路五段,59,29,12,東光里,18
南京東路五段,59,29,14,東光里,18
南京東路五段,59,29,16,東光里,18
南京東路五段,59,29,18,東光里,18
南京東路五段,59,29,20,東光里,18
南京東路五段,59,29,21,東光里,17
南京東路五段,59,29,22,東光里,18
南京東路五段,59,29,23,東光里,17
南京東路五段,59,29,24,東光里,18
南京東路五段,59,29,25,東光里,17
南京東路五段,59,29,26,東光里,18
南京東路五段,59,29,27,東光里,17
南京東路五段,59,29,28,東光里,18
南京東路五段,59,,29,東光里,15
南京東路五段,59,,29之10,東光里,15
南京東路五段,59,,29之15,東光里,15
南京東路五段,59,,29之12,東光里,15
南京東路五段,59,,29之20,東光里,15
南京東路五段,59,,29之23,東光里,15
南京東路五段,59,,29之2,東光里,15
南京東路五段,59,,29之13,東光里,15
南京東路五段,59,29,29,東光里,17
南京東路五段,59,,29之1,東光里,15
南京東路五段,59,,29之17,東光里,15
南京東路五段,59,,29之3,東光里,15
南京東路五段,59,,29之4,東光里,15
南京東路五段,59,,29之18,東光里,15
南京東路五段,59,,29之22,東光里,15
南京東路五段,59,,29之14,東光里,15
南京東路五段,59,,29之19,東光里,15
南京東路五段,59,,29之16,東光里,15
南京東路五段,59,,29之21,東光里,15
南京東路五段,59,,29之11,東光里,15
南京東路五段,59,,29之7,東光里,15
南京東路五段,59,,29之9,東光里,15
南京東路五段,59,,29之5,東光里,15
南京東路五段,59,,29之8,東光里,15
南京東路五段,59,,29之6,東光里,15
南京東路五段,59,29,30,東光里,18
南京東路五段,59,29,31,東光里,17
南京東路五段,59,29,32,東光里,18
南京東路五段,59,29,34,東光里,18
南京東路五段,59,29,35,東光里,17
南京東路五段,59,29,36,東光里,18
南京東路五段,59,29,37,東光里,17
南京東路五段,59,29,38,東光里,18
南京東路五段,59,29,39,東光里,17
南京東路五段,59,29,41,東光里,17
南京東路五段,59,29,43,東光里,17
南京東路五段,59,30,2,東光里,8
南京東路五段,59,30,4,東光里,8
南京東路五段,59,30,6,東光里,8
南京東路五段,59,30,8,東光里,8
南京東路五段,59,30,10,東光里,8
南京東路五段,59,30,12,東光里,8
南京東路五段,59,30,14,東光里,8
南京東路五段,59,30,16,東光里,8
南京東路五段,59,30,18,東光里,8
南京東路五段,59,30,20,東光里,8
南京東路五段,59,30,22,東光里,8
南京東路五段,59,30,24,東光里,8
南京東路五段,59,30,26,東光里,8
南京東路五段,59,31,1,東光里,15
南京東路五段,59,31,2,東光里,16
南京東路五段,59,31,3,東光里,15
南京東路五段,59,31,3之1,東光里,15
南京東路五段,59,31,4,東光里,16
南京東路五段,59,31,5,東光里,15
南京東路五段,59,31,6,東光里,16
南京東路五段,59,31,7,東光里,15
南京東路五段,59,31,8,東光里,16
南京東路五段,59,31,9,東光里,15
南京東路五段,59,31,10,東光里,16
南京東路五段,59,31,11,東光里,15
南京東路五段,59,31,12,東光里,16
南京東路五段,59,31,13,東光里,15
南京東路五段,59,31,14,東光里,16
南京東路五段,59,31,15,東光里,15
南京東路五段,59,31,16,東光里,16
南京東路五段,59,31,18,東光里,16
南京東路五段,59,31,20,東光里,16
南京東路五段,59,31,22,東光里,16
南京東路五段,59,31,24,東光里,16
南京東路五段,59,31,26,東光里,16
南京東路五段,59,31,28,東光里,16
南京東路五段,59,31,30,東光里,16
南京東路五段,59,31,32,東光里,16
南京東路五段,59,31,33,東光里,15
南京東路五段,59,31,34,東光里,16
南京東路五段,59,31,35,東光里,15
南京東路五段,59,31,36,東光里,16
南京東路五段,59,31,37,東光里,15
南京東路五段,59,31,39,東光里,15
南京東路五段,59,31,41,東光里,15
南京東路五段,59,31,43,東光里,15
南京東路五段,59,,33,東光里,15
南京東路五段,,,61,東光里,23
南京東路五段,,,61之2,東光里,23
南京東路五段,,,61之1,東光里,23
南京東路五段,,,61之3,東光里,23
南京東路五段,,,63,東光里,23
南京東路五段,,,71,東光里,23
南京東路五段,,,73,東光里,23
南京東路五段,,,75,東光里,24
南京東路五段,,,77,東光里,24
南京東路五段,,,79,東光里,24
南京東路五段,,,81,東光里,24
南京東路五段,,,83,東光里,24
南京東路五段,,,89,東光里,24
南京東路五段,,,97,東光里,24
南京東路五段,,,99,東光里,24
南京東路五段,123,1,1,東光里,21
南京東路五段,123,,1之1,東光里,24
南京東路五段,123,,1,東光里,24
南京東路五段,123,,1之2,東光里,24
南京東路五段,123,1,2,東光里,24
南京東路五段,123,1,3,東光里,21
南京東路五段,123,1,4,東光里,24
南京東路五段,123,1,6,東光里,24
南京東路五段,123,1,7,東光里,21
南京東路五段,123,1,8,東光里,24
南京東路五段,123,1,9,東光里,21
南京東路五段,123,1,11,東光里,21
南京東路五段,123,1,15,東光里,21
南京東路五段,123,1,17,東光里,21
南京東路五段,123,1,19,東光里,21
南京東路五段,123,1,21之1,東光里,21
南京東路五段,123,1,21,東光里,21
南京東路五段,123,1,22,東光里,24
南京東路五段,123,1,23,東光里,21
南京東路五段,123,1,24,東光里,24
南京東路五段,123,1,25之1,東光里,21
南京東路五段,123,1,25,東光里,21
南京東路五段,123,1,26,東光里,23
南京東路五段,123,1,28,東光里,23
南京東路五段,123,2,1,東光里,32
南京東路五段,123,2,3,東光里,32
南京東路五段,123,2,5,東光里,32
南京東路五段,123,2,7,東光里,32
南京東路五段,123,2,9,東光里,32
南京東路五段,123,2,11,東光里,32
南京東路五段,123,2,15,東光里,32
南京東路五段,123,2,17,東光里,32
南京東路五段,123,2,18,東光里,33
南京東路五段,123,2,19,東光里,32
南京東路五段,123,2,20,東光里,33
南京東路五段,123,2,21,東光里,32
南京東路五段,123,2,22,東光里,33
南京東路五段,123,2,23,東光里,32
南京東路五段,123,2,24,東光里,33
南京東路五段,123,2,25,東光里,32
南京東路五段,123,2,26,東光里,33
南京東路五段,123,2,27,東光里,32
南京東路五段,123,2,28,東光里,33
南京東路五段,123,2,29,東光里,32
南京東路五段,123,,3,東光里,21
南京東路五段,123,4,1,東光里,30
南京東路五段,123,4,2,東光里,31
南京東路五段,123,4,3,東光里,30
南京東路五段,123,4,4,東光里,31
南京東路五段,123,4,5,東光里,30
南京東路五段,123,4,6,東光里,31
南京東路五段,123,4,7,東光里,30
南京東路五段,123,4,8,東光里,31
南京東路五段,123,4,9,東光里,30
南京東路五段,123,4,10,東光里,31
南京東路五段,123,4,11,東光里,30
南京東路五段,123,4,12,東光里,31
南京東路五段,123,4,14,東光里,31
南京東路五段,123,4,15,東光里,30
南京東路五段,123,4,16,東光里,31
南京東路五段,123,4,17,東光里,30
南京東路五段,123,4,18,東光里,31
南京東路五段,123,4,19,東光里,30
南京東路五段,123,4,20,東光里,31
南京東路五段,123,4,21,東光里,30
南京東路五段,123,4,22,東光里,31
南京東路五段,123,4,23,東光里,30
南京東路五段,123,4,24,東光里,31
南京東路五段,123,4,25,東光里,30
南京東路五段,123,4,26,東光里,31
南京東路五段,123,4,28,東光里,31
南京東路五段,123,,5,東光里,21
南京東路五段,123,6,1,東光里,28
南京東路五段,123,6,1之4,東光里,28
南京東路五段,123,6,2之5,東光里,29
南京東路五段,123,6,2,東光里,29
南京東路五段,123,6,2之4,東光里,29
南京東路五段,123,6,3,東光里,28
南京東路五段,123,6,4,東光里,29
南京東路五段,123,6,5,東光里,28
南京東路五段,123,6,6,東光里,29
南京東路五段,123,6,7,東光里,28
南京東路五段,123,6,8,東光里,29
南京東路五段,123,6,9,東光里,28
南京東路五段,123,6,9之1,東光里,28
南京東路五段,123,6,10,東光里,29
南京東路五段,123,6,11,東光里,28
南京東路五段,123,6,12,東光里,29
南京東路五段,123,6,14,東光里,29
南京東路五段,123,6,15,東光里,28
南京東路五段,123,6,16,東光里,29
南京東路五段,123,6,17,東光里,28
南京東路五段,123,6,18,東光里,29
南京東路五段,123,6,19,東光里,28
南京東路五段,123,6,20,東光里,29
南京東路五段,123,6,21,東光里,28
南京東路五段,123,6,22,東光里,29
南京東路五段,123,6,23之4,東光里,28
南京東路五段,123,6,23,東光里,28
南京東路五段,123,6,24,東光里,29
南京東路五段,123,6,25,東光里,28
南京東路五段,123,,7,東光里,21
南京東路五段,123,8,1,東光里,26
南京東路五段,123,8,2,東光里,28
南京東路五段,123,8,3,東光里,26
南京東路五段,123,8,4,東光里,28
南京東路五段,123,8,5,東光里,26
南京東路五段,123,8,6,東光里,28
南京東路五段,123,8,7,東光里,26
南京東路五段,123,8,8,東光里,28
南京東路五段,123,8,9,東光里,26
南京東路五段,123,8,10,東光里,28
南京東路五段,123,8,11,東光里,26
南京東路五段,123,8,12,東光里,28
南京東路五段,123,8,14,東光里,28
南京東路五段,123,8,15,東光里,26
南京東路五段,123,8,16,東光里,28
南京東路五段,123,8,17,東光里,26
南京東路五段,123,8,18,東光里,28
南京東路五段,123,8,19,東光里,26
南京東路五段,123,8,20,東光里,28
南京東路五段,123,8,21,東光里,26
南京東路五段,123,8,22,東光里,28
南京東路五段,123,8,23,東光里,26
南京東路五段,123,8,24,東光里,28
南京東路五段,123,8,25,東光里,26
南京東路五段,123,8,27,東光里,26
南京東路五段,123,8,29,東光里,26
南京東路五段,123,8,31,東光里,26
南京東路五段,123,8,33,東光里,26
南京東路五段,123,8,35,東光里,26
南京東路五段,123,8,37,東光里,26
南京東路五段,123,8,39,東光里,26
南京東路五段,123,8,41,東光里,26
南京東路五段,123,8,43,東光里,26
南京東路五段,123,8,45,東光里,26
南京東路五段,123,8,47,東光里,26
南京東路五段,123,,9,東光里,21
南京東路五段,123,,11,東光里,21
南京東路五段,123,,13,東光里,21
南京東路五段,123,,15,東光里,21
南京東路五段,123,,15之4,東光里,21
南京東路五段,123,,15之2,東光里,21
南京東路五段,123,,15之5,東光里,21
南京東路五段,123,,25,東光里,19
南京東路五段,123,,27,東光里,19
南京東路五段,123,,27之4,東光里,19
南京東路五段,123,,29之4,東光里,19
南京東路五段,123,,29,東光里,19
南京東路五段,123,,31,東光里,19
南京東路五段,123,,33,東光里,19
南京東路五段,123,,37,東光里,16
南京東路五段,123,,39,東光里,16
南京東路五段,123,,41,東光里,16
南京東路五段,123,,41之5,東光里,16
南京東路五段,123,,43,東光里,16
南京東路五段,123,,45之4,東光里,16
南京東路五段,123,,45,東光里,16
南京東路五段,,,125,東光里,33
南京東路五段,,,127,東光里,33
南京東路五段,,,133,東光里,33
南京東路五段,,,135,東光里,33
南京東路五段,,,137,東光里,33
南京東路五段,,,139之4,東光里,33
南京東路五段,,,139,東光里,33
南京東路五段,,,139之11,東光里,33
南京東路五段,,,139之10,東光里,33
南京東路五段,,,139之5,東光里,33
南京東路五段,,,139之9,東光里,33
南京東路五段,,,139之6,東光里,33
南京東路五段,,,139之7,東光里,33
南京東路五段,,,139之8,東光里,33
南京東路五段,,,141,東光里,33
南京東路五段,,,143,東光里,33
南京東路五段,,,145,東光里,33
南京東路五段,,,145之1,東光里,33
南京東路五段,147,,1,東光里,33
南京東路五段,147,,3,東光里,33
南京東路五段,147,,14之1,東光里,27
南京東路五段,147,,16,東光里,27
南京東路五段,,,161,東光里,33
南京東路五段,,,163之12,東光里,27
南京東路五段,,,163之13,東光里,27
南京東路五段,,,163,東光里,27
南京東路五段,,,163之1,東光里,27
南京東路五段,,,163之11,東光里,27
南京東路五段,,,163之2,東光里,27
南京東路五段,,,163之10,東光里,27
南京東路五段,,,163之3,東光里,27
南京東路五段,,,163之4,東光里,27
南京東路五段,,,163之5,東光里,27
南京東路五段,,,163之8,東光里,27
南京東路五段,,,163之6,東光里,27
南京東路五段,,,163之7,東光里,27
南京東路五段,,,163之9,東光里,27
南京東路五段,,,165,東光里,27
南京東路五段,,,167,東光里,27
南京東路五段,,,169,東光里,27
南京東路五段,,,171,東光里,27
健康路,,,152,東光里,1
健康路,,,156,東光里,1
健康路,,,158,東光里,1
健康路,,,160,東光里,1
健康路,,,162之2,東光里,1
健康路,,,162,東光里,1
健康路,,,162之5,東光里,1
健康路,,,162之1,東光里,1
健康路,,,162之3,東光里,1
健康路,,,166,東光里,6
健康路,,,166之1,東光里,6
健康路,,,168,東光里,6
健康路,,,168之1,東光里,6
健康路,,,170,東光里,6
健康路,,,170之1,東光里,6
健康路,,,172,東光里,6
健康路,,,172之1,東光里,6
健康路,,,174,東光里,7
健康路,,,174之1,東光里,7
健康路,,,174之2,東光里,7
健康路,,,176之1,東光里,7
健康路,,,176之2,東光里,7
健康路,,,176,東光里,7
健康路,,,178,東光里,7
健康路,,,178之1,東光里,7
健康路,,,180,東光里,7
健康路,,,180之1,東光里,7
健康路,,,182,東光里,14
健康路,,,184,東光里,14
健康路,,,186,東光里,14
健康路,,,188,東光里,14
健康路,,,190,東光里,14
健康路,,,192,東光里,14
健康路,,,194,東光里,14
健康路,,,196,東光里,14
健康路,,,198,東光里,14
健康路,,,200,東光里,14
健康路,,,202,東光里,14
健康路,,,204,東光里,14
健康路,,,206,東光里,14
健康路,,,208,東光里,14
健康路,,,210,東光里,14
健康路,,,212,東光里,14
健康路,,,214,東光里,14
健康路,,,216,東光里,14
健康路,,,218,東光里,14
健康路,,,220,東光里,25
健康路,,,222,東光里,25
健康路,,,224,東光里,25
健康路,,,226之1,東光里,25
健康路,,,226,東光里,25
健康路,,,228之1,東光里,25
健康路,,,228,東光里,25
健康路,,,230之1,東光里,25
健康路,,,230,東光里,25
健康路,,,232之4,東光里,25
健康路,,,232,東光里,25
健康路,,,234,東光里,25
健康路,,,236,東光里,25
健康路,,,238之1,東光里,25
健康路,,,238,東光里,25
健康路,,,240,東光里,25
健康路,,,242,東光里,25
健康路,,,244,東光里,25
健康路,,,246,東光里,25
健康路,,,248,東光里,25
健康路,,,250,東光里,25
健康路,,,252,東光里,25
健康路,,,254,東光里,25
健康路,,,256,東光里,25
健康路,,,258,東光里,25
健康路,,,260,東光里,25
健康路,,,262,東光里,25
健康路,,,264,東光里,25
民生東路四段,80,1,1,東昌里,7
民生東路四段,80,1,2,東昌里,7
民生東路四段,80,1,3,東昌里,7
民生東路四段,80,1,4,東昌里,7
民生東路四段,80,1,5,東昌里,7
民生東路四段,80,1,6之1,東昌里,7
民生東路四段,80,1,6,東昌里,7
民生東路四段,80,1,7,東昌里,7
民生東路四段,80,1,8,東昌里,7
民生東路四段,80,1,9,東昌里,7
民生東路四段,80,1,10,東昌里,7
民生東路四段,80,1,11,東昌里,7
民生東路四段,80,1,12,東昌里,7
民生東路四段,80,1,13,東昌里,7
民生東路四段,80,1,14,東昌里,7
民生東路四段,80,1,15,東昌里,7
民生東路四段,80,1,16,東昌里,7
民生東路四段,80,1,17,東昌里,7
民生東路四段,80,1,18,東昌里,7
民生東路四段,80,1,19,東昌里,7
民生東路四段,80,1,20,東昌里,7
民生東路四段,80,1,21,東昌里,7
民生東路四段,80,1,22,東昌里,7
民生東路四段,80,3,1,東昌里,8
民生東路四段,80,3,2,東昌里,10
民生東路四段,80,,3,東昌里,8
民生東路四段,80,3,3,東昌里,8
民生東路四段,80,3,4,東昌里,10
民生東路四段,80,3,5,東昌里,8
民生東路四段,80,3,6,東昌里,10
民生東路四段,80,3,7,東昌里,8
民生東路四段,80,3,8之1,東昌里,9
民生東路四段,80,3,8之2,東昌里,9
民生東路四段,80,3,8,東昌里,9
民生東路四段,80,3,9,東昌里,8
民生東路四段,80,3,10之1,東昌里,9
民生東路四段,80,3,10,東昌里,9
民生東路四段,80,3,11,東昌里,8
民生東路四段,80,3,12之1,東昌里,9
民生東路四段,80,3,12,東昌里,9
民生東路四段,80,3,14之1,東昌里,9
民生東路四段,80,3,14,東昌里,9
民生東路四段,80,3,15,東昌里,8
民生東路四段,80,3,16之1,東昌里,9
民生東路四段,80,3,16,東昌里,9
民生東路四段,80,3,17,東昌里,8
民生東路四段,80,3,18,東昌里,9
民生東路四段,80,3,18之1,東昌里,9
民生東路四段,80,3,19,東昌里,8
民生東路四段,80,3,20之1,東昌里,9
民生東路四段,80,3,20,東昌里,9
民生東路四段,80,3,21,東昌里,8
民生東路四段,80,3,23,東昌里,8
民生東路四段,80,3,24,東昌里,9
民生東路四段,80,,5,東昌里,10
民生東路四段,80,,7之3,東昌里,10
民生東路四段,80,,7之4,東昌里,10
民生東路四段,80,,7,東昌里,10
民生東路四段,80,,7之2,東昌里,10
民生東路四段,80,,7之1,東昌里,10
民生東路四段,80,,7之8,東昌里,10
民生東路四段,80,,7之6,東昌里,10
民生東路四段,80,,7之5,東昌里,10
民生東路四段,80,,7之7,東昌里,10
民生東路四段,80,,9,東昌里,10
民生東路四段,80,11,1,東昌里,10
民生東路四段,80,11,2,東昌里,12
民生東路四段,80,11,3,東昌里,10
民生東路四段,80,11,4,東昌里,12
民生東路四段,80,11,5,東昌里,10
民生東路四段,80,11,6,東昌里,12
民生東路四段,80,11,7之1,東昌里,10
民生東路四段,80,11,7,東昌里,10
民生東路四段,80,11,8,東昌里,12
民生東路四段,80,11,9,東昌里,10
民生東路四段,80,11,10,東昌里,12
民生東路四段,80,11,11,東昌里,10
民生東路四段,80,11,12,東昌里,12
民生東路四段,80,11,15,東昌里,11
民生東路四段,80,11,16,東昌里,12
民生東路四段,80,11,17,東昌里,11
民生東路四段,80,11,19,東昌里,11
民生東路四段,80,11,21,東昌里,11
民生東路四段,80,11,23,東昌里,11
民生東路四段,80,11,25,東昌里,11
民生東路四段,80,11,27,東昌里,11
民生東路四段,80,11,29,東昌里,11
民生東路四段,80,,13,東昌里,12
民生東路四段,80,15,7,東昌里,12
民生東路四段,80,15,1之1,東昌里,12
民生東路四段,80,15,1,東昌里,12
民生東路四段,80,15,3之1,東昌里,12
民生東路四段,80,15,3,東昌里,12
民生東路四段,80,15,5,東昌里,12
民生東路四段,80,15,9,東昌里,12
民生東路四段,80,15,11,東昌里,12
民生東路四段,,,82,東昌里,6
民生東路四段,,,84之1,東昌里,6
民生東路四段,,,84,東昌里,6
民生東路四段,,,86,東昌里,6
民生東路四段,,,88,東昌里,6
民生東路四段,,,90,東昌里,6
民生東路四段,,,92,東昌里,6
民生東路四段,,,94,東昌里,6
民生東路四段,,,96,東昌里,6
民生東路四段,,,98,東昌里,6
民生東路四段,,,100,東昌里,6
民生東路四段,,,102,東昌里,6
民生東路四段,,,104,東昌里,6
民生東路四段,,,106,東昌里,6
民生東路四段,,,110,東昌里,6
民生東路四段,112,1,1,東昌里,5
民生東路四段,112,1,2,東昌里,4
民生東路四段,112,1,3,東昌里,5
民生東路四段,112,1,5,東昌里,5
民生東路四段,112,1,6,東昌里,4
民生東路四段,112,1,7,東昌里,5
民生東路四段,112,1,8,東昌里,4
民生東路四段,112,1,9,東昌里,5
民生東路四段,112,1,10,東昌里,4
民生東路四段,112,1,11,東昌里,5
民生東路四段,112,1,12,東昌里,4
民生東路四段,112,1,13,東昌里,5
民生東路四段,112,1,14,東昌里,4
民生東路四段,112,1,15,東昌里,5
民生東路四段,112,1,16,東昌里,4
民生東路四段,112,1,18,東昌里,4
民生東路四段,112,3,1,東昌里,4
民生東路四段,112,3,2,東昌里,4
民生東路四段,112,3,3,東昌里,4
民生東路四段,112,3,4,東昌里,4
民生東路四段,112,3,6,東昌里,4
民生東路四段,112,3,7,東昌里,4
民生東路四段,112,3,8,東昌里,4
民生東路四段,112,3,9,東昌里,4
民生東路四段,112,3,10,東昌里,4
民生東路四段,112,3,11,東昌里,4
民生東路四段,112,3,15,東昌里,4
民生東路四段,112,3,17,東昌里,4
民生東路四段,112,3,19,東昌里,4
民生東路四段,112,,4,東昌里,9
民生東路四段,112,5,5,東昌里,3
民生東路四段,112,5,6,東昌里,3
民生東路四段,112,5,7,東昌里,3
民生東路四段,112,5,8,東昌里,3
民生東路四段,112,5,9,東昌里,3
民生東路四段,112,5,10,東昌里,3
民生東路四段,112,5,11,東昌里,3
民生東路四段,112,5,12,東昌里,3
民生東路四段,112,5,13,東昌里,3
民生東路四段,112,5,14,東昌里,3
民生東路四段,112,5,15,東昌里,3
民生東路四段,112,5,16,東昌里,3
民生東路四段,112,5,17,東昌里,3
民生東路四段,112,5,18,東昌里,3
民生東路四段,112,5,19,東昌里,3
民生東路四段,112,5,20,東昌里,3
民生東路四段,112,5,21,東昌里,3
民生東路四段,112,5,22,東昌里,3
民生東路四段,112,5,23,東昌里,3
民生東路四段,112,5,24,東昌里,3
民生東路四段,112,5,25,東昌里,3
民生東路四段,112,5,26,東昌里,3
民生東路四段,112,,6,東昌里,9
民生東路四段,112,7,1,東昌里,2
民生東路四段,112,7,3,東昌里,2
民生東路四段,112,7,5,東昌里,2
民生東路四段,112,7,7,東昌里,2
民生東路四段,112,7,9,東昌里,2
民生東路四段,112,7,11,東昌里,2
民生東路四段,112,7,15,東昌里,2
民生東路四段,112,7,17,東昌里,2
民生東路四段,112,7,18,東昌里,1
民生東路四段,112,7,19,東昌里,2
民生東路四段,112,7,20,東昌里,1
民生東路四段,112,7,21,東昌里,2
民生東路四段,112,7,22,東昌里,1
民生東路四段,112,7,24,東昌里,1
民生東路四段,112,7,26,東昌里,1
民生東路四段,112,,28,東昌里,12
民生東路四段,,,114,東昌里,5
民生東路四段,,,116,東昌里,5
民生東路四段,,,118,東昌里,5
民生東路四段,,,120,東昌里,5
民生東路四段,,,122,東昌里,5
民生東路四段,,,124,東昌里,5
民生東路四段,,,126,東昌里,5
民生東路四段,,,128,東昌里,5
民生東路四段,,,130,東昌里,5
光復北路,230,,2,東昌里,1
光復北路,230,,4,東昌里,1
光復北路,230,,6,東昌里,1
光復北路,230,,8,東昌里,1
光復北路,,,232,東昌里,1
光復北路,,,234,東昌里,1
光復北路,,,236,東昌里,2
光復北路,,,238,東昌里,2
光復北路,,,240之1,東昌里,3
光復北路,,,240,東昌里,3
光復北路,,,242,東昌里,4
光復北路,,,246,東昌里,4
光復北路,,,130,東勢里,13
光復北路,,,132,東勢里,13
光復北路,,,134,東勢里,13
光復北路,,,136,東勢里,13
光復北路,,,138,東勢里,13
光復北路,,,140,東勢里,13
光復北路,,,142,東勢里,13
光復北路,,,146,東勢里,13
光復北路,,,148,東勢里,13
光復北路,,,150,東勢里,13
光復北路,,,152,東勢里,13
光復北路,,,154,東勢里,13
光復北路,,,156,東勢里,13
光復北路,,,158,東勢里,13
光復北路,,,160,東勢里,13
光復北路,,,162,東勢里,13
光復北路,,,164,東勢里,13
光復北路,,,166,東勢里,13
光復北路,,,168,東勢里,13
光復北路,,,170,東勢里,13
光復北路,,,172,東勢里,13
光復北路,,,176,東勢里,13
南京東路四段,,,57,東勢里,15
南京東路四段,,,59,東勢里,15
南京東路四段,,,61,東勢里,15
南京東路四段,,,65,東勢里,15
南京東路四段,,,67,東勢里,15
南京東路四段,,,69,東勢里,15
南京東路四段,,,71,東勢里,15
南京東路四段,,,73之1,東勢里,15
南京東路四段,,,73,東勢里,15
南京東路四段,75,,1,東勢里,2
南京東路四段,75,,3,東勢里,2
南京東路四段,75,,6,東勢里,15
南京東路四段,75,,8,東勢里,15
南京東路四段,75,14,1,東勢里,15
南京東路四段,75,14,2,東勢里,16
南京東路四段,75,14,3,東勢里,15
南京東路四段,75,14,9,東勢里,15
南京東路四段,75,14,11,東勢里,15
南京東路四段,75,14,13,東勢里,15
南京東路四段,75,,14之2,東勢里,16
南京東路四段,75,,14之1,東勢里,16
南京東路四段,75,14,15,東勢里,15
南京東路四段,75,14,17,東勢里,15
南京東路四段,75,,16,東勢里,16
南京東路四段,75,,18,東勢里,16
南京東路四段,75,,20,東勢里,16
南京東路四段,75,,22,東勢里,16
南京東路四段,75,,24,東勢里,16
南京東路四段,75,,26,東勢里,16
南京東路四段,75,,28之1,東勢里,16
南京東路四段,75,,28,東勢里,16
南京東路四段,75,,30,東勢里,16
南京東路四段,75,,32,東勢里,16
南京東路四段,,,75之2,東勢里,2
南京東路四段,,,75之1,東勢里,2
南京東路四段,,,75,東勢里,2
南京東路四段,,,77,東勢里,2
南京東路四段,,,79,東勢里,2
南京東路四段,,,87,東勢里,2
南京東路四段,,,91,東勢里,2
南京東路四段,,,93,東勢里,2
南京東路四段,,,95,東勢里,2
南京東路四段,,,99,東勢里,2
南京東路四段,,,101,東勢里,2
南京東路四段,,,103,東勢里,2
南京東路四段,,,105,東勢里,2
南京東路四段,,,107,東勢里,2
南京東路四段,,,109,東勢里,2
南京東路四段,,,111,東勢里,2
南京東路四段,,,113,東勢里,2
南京東路四段,,,115,東勢里,2
南京東路四段,,,117,東勢里,2
南京東路四段,,,131,東勢里,2
南京東路四段,133,4,1之4,東勢里,2
南京東路四段,133,4,1,東勢里,2
南京東路四段,133,4,2之4,東勢里,3
南京東路四段,133,4,1之5,東勢里,2
南京東路四段,133,4,2,東勢里,3
南京東路四段,133,4,1之6,東勢里,2
南京東路四段,133,4,2之5,東勢里,3
南京東路四段,133,4,3,東勢里,2
南京東路四段,133,4,4,東勢里,3
南京東路四段,133,4,5,東勢里,2
南京東路四段,133,4,6,東勢里,3
南京東路四段,133,4,7,東勢里,2
南京東路四段,133,4,8,東勢里,3
南京東路四段,133,4,9,東勢里,2
南京東路四段,133,4,10,東勢里,3
南京東路四段,133,4,11,東勢里,2
南京東路四段,133,4,12,東勢里,3
南京東路四段,133,4,14,東勢里,3
南京東路四段,133,4,15,東勢里,2
南京東路四段,133,4,16,東勢里,3
南京東路四段,133,4,17,東勢里,2
南京東路四段,133,4,18,東勢里,3
南京東路四段,133,4,20,東勢里,3
南京東路四段,133,4,22,東勢里,3
南京東路四段,133,4,23,東勢里,2
南京東路四段,133,4,24,東勢里,3
南京東路四段,133,4,25,東勢里,2
南京東路四段,133,4,26,東勢里,3
南京東路四段,133,4,27,東勢里,2
南京東路四段,133,4,28,東勢里,3
南京東路四段,133,4,29,東勢里,2
南京東路四段,133,4,30,東勢里,3
南京東路四段,133,4,32,東勢里,3
南京東路四段,133,4,34,東勢里,3
南京東路四段,133,4,36,東勢里,3
南京東路四段,133,5,1,東勢里,1
南京東路四段,133,5,2,東勢里,12
南京東路四段,133,5,3,東勢里,1
南京東路四段,133,5,4,東勢里,12
南京東路四段,133,,5之1,東勢里,11
南京東路四段,133,5,5,東勢里,1
南京東路四段,133,5,6,東勢里,12
南京東路四段,133,5,7,東勢里,1
南京東路四段,133,5,7之4,東勢里,1
南京東路四段,133,5,8,東勢里,12
南京東路四段,133,5,9,東勢里,1
南京東路四段,133,5,10,東勢里,12
南京東路四段,133,5,11,東勢里,1
南京東路四段,133,5,12,東勢里,12
南京東路四段,133,5,13,東勢里,1
南京東路四段,133,5,14,東勢里,12
南京東路四段,133,5,15,東勢里,1
南京東路四段,133,5,16,東勢里,12
南京東路四段,133,5,17,東勢里,1
南京東路四段,133,5,18之1,東勢里,12
南京東路四段,133,5,18,東勢里,12
南京東路四段,133,5,19,東勢里,1
南京東路四段,133,5,20,東勢里,12
南京東路四段,133,5,21,東勢里,1
南京東路四段,133,5,22,東勢里,12
南京東路四段,133,5,23,東勢里,1
南京東路四段,133,5,24,東勢里,12
南京東路四段,133,5,25,東勢里,1
南京東路四段,133,5,26,東勢里,12
南京東路四段,133,5,27,東勢里,1
南京東路四段,133,5,28,東勢里,12
南京東路四段,133,5,29,東勢里,1
南京東路四段,133,5,30,東勢里,12
南京東路四段,133,5,31,東勢里,1
南京東路四段,133,6,1,東勢里,4
南京東路四段,133,6,2,東勢里,5
南京東路四段,133,6,3,東勢里,4
南京東路四段,133,6,5,東勢里,4
南京東路四段,133,6,7,東勢里,4
南京東路四段,133,6,9,東勢里,4
南京東路四段,133,6,10,東勢里,5
南京東路四段,133,6,11,東勢里,4
南京東路四段,133,6,12,東勢里,5
南京東路四段,133,6,13,東勢里,4
南京東路四段,133,6,14,東勢里,5
南京東路四段,133,6,15,東勢里,4
南京東路四段,133,6,16,東勢里,5
南京東路四段,133,6,17,東勢里,4
南京東路四段,133,6,18,東勢里,5
南京東路四段,133,6,19,東勢里,4
南京東路四段,133,6,20,東勢里,5
南京東路四段,133,6,21,東勢里,4
南京東路四段,133,6,22,東勢里,5
南京東路四段,133,6,23,東勢里,4
南京東路四段,133,6,24,東勢里,5
南京東路四段,133,6,25,東勢里,4
南京東路四段,133,6,26,東勢里,5
南京東路四段,133,6,27,東勢里,4
南京東路四段,133,6,27之4,東勢里,4
南京東路四段,133,6,28,東勢里,5
南京東路四段,133,6,29,東勢里,4
南京東路四段,133,6,30,東勢里,5
南京東路四段,133,6,31,東勢里,4
南京東路四段,133,6,33,東勢里,4
南京東路四段,133,6,34,東勢里,5
南京東路四段,133,6,36,東勢里,5
南京東路四段,133,6,38,東勢里,5
南京東路四段,133,6,40,東勢里,5
南京東路四段,133,7,1,東勢里,11
南京東路四段,133,7,2,東勢里,10
南京東路四段,133,7,3,東勢里,11
南京東路四段,133,7,4,東勢里,10
南京東路四段,133,7,5,東勢里,11
南京東路四段,133,7,6,東勢里,10
南京東路四段,133,7,7,東勢里,11
南京東路四段,133,7,8,東勢里,10
南京東路四段,133,7,9,東勢里,11
南京東路四段,133,7,10,東勢里,10
南京東路四段,133,7,11,東勢里,11
南京東路四段,133,7,12,東勢里,10
南京東路四段,133,7,13,東勢里,11
南京東路四段,133,7,14,東勢里,10
南京東路四段,133,7,15,東勢里,11
南京東路四段,133,7,16,東勢里,10
南京東路四段,133,7,17,東勢里,11
南京東路四段,133,7,18,東勢里,10
南京東路四段,133,7,19,東勢里,11
南京東路四段,133,7,20,東勢里,10
南京東路四段,133,7,21,東勢里,11
南京東路四段,133,7,22,東勢里,10
南京東路四段,133,7,23,東勢里,11
南京東路四段,133,7,24,東勢里,10
南京東路四段,133,7,25,東勢里,11
南京東路四段,133,7,26,東勢里,10
南京東路四段,133,7,27,東勢里,11
南京東路四段,133,7,28,東勢里,10
南京東路四段,133,7,28之4,東勢里,10
南京東路四段,133,7,29,東勢里,11
南京東路四段,133,7,30,東勢里,10
南京東路四段,133,7,31,東勢里,11
南京東路四段,133,7,32,東勢里,10
南京東路四段,133,7,34,東勢里,10
南京東路四段,133,7,36,東勢里,10
南京東路四段,133,8,1,東勢里,6
南京東路四段,133,8,2,東勢里,7
南京東路四段,133,8,3,東勢里,6
南京東路四段,133,8,4,東勢里,7
南京東路四段,133,8,5,東勢里,6
南京東路四段,133,8,6,東勢里,7
南京東路四段,133,8,7,東勢里,6
南京東路四段,133,8,8,東勢里,7
南京東路四段,133,8,9,東勢里,6
南京東路四段,133,8,10,東勢里,7
南京東路四段,133,8,11,東勢里,6
南京東路四段,133,8,12,東勢里,7
南京東路四段,133,8,13,東勢里,6
南京東路四段,133,8,14,東勢里,7
南京東路四段,133,8,15,東勢里,6
南京東路四段,133,8,16,東勢里,7
南京東路四段,133,8,17,東勢里,6
南京東路四段,133,8,18,東勢里,7
南京東路四段,133,8,19,東勢里,6
南京東路四段,133,8,20,東勢里,7
南京東路四段,133,8,21,東勢里,6
南京東路四段,133,8,22,東勢里,7
南京東路四段,133,8,23,東勢里,6
南京東路四段,133,8,24,東勢里,7
南京東路四段,133,8,25,東勢里,6
南京東路四段,133,8,26,東勢里,7
南京東路四段,133,8,27,東勢里,6
南京東路四段,133,8,28,東勢里,7
南京東路四段,133,8,29,東勢里,6
南京東路四段,133,8,30,東勢里,7
南京東路四段,133,8,31,東勢里,6
南京東路四段,133,8,32,東勢里,7
南京東路四段,133,9,1,東勢里,9
南京東路四段,133,9,2,東勢里,8
南京東路四段,133,9,3,東勢里,9
南京東路四段,133,9,4,東勢里,8
南京東路四段,133,9,5,東勢里,9
南京東路四段,133,9,6,東勢里,8
南京東路四段,133,9,7,東勢里,9
南京東路四段,133,9,8,東勢里,8
南京東路四段,133,9,9,東勢里,9
南京東路四段,133,9,10,東勢里,8
南京東路四段,133,9,11,東勢里,9
南京東路四段,133,9,12,東勢里,8
南京東路四段,133,9,13,東勢里,9
南京東路四段,133,9,14,東勢里,8
南京東路四段,133,9,15,東勢里,9
南京東路四段,133,9,16,東勢里,8
南京東路四段,133,9,17,東勢里,9
南京東路四段,133,9,18,東勢里,8
南京東路四段,133,9,19,東勢里,9
南京東路四段,133,9,20,東勢里,8
南京東路四段,133,9,21,東勢里,9
南京東路四段,133,9,23,東勢里,9
南京東路四段,133,9,25,東勢里,9
南京東路四段,133,9,26,東勢里,8
南京東路四段,133,9,27之1,東勢里,9
南京東路四段,133,9,27,東勢里,9
南京東路四段,133,9,28,東勢里,8
南京東路四段,133,9,29,東勢里,9
南京東路四段,133,9,30,東勢里,8
南京東路四段,133,9,31,東勢里,9
南京東路四段,133,9,32,東勢里,8
南京東路四段,133,9,33,東勢里,9
南京東路四段,133,9,34,東勢里,8
南京東路四段,133,9,35,東勢里,9
南京東路四段,,,135,東勢里,1
南京東路四段,,,137,東勢里,1
南京東路四段,,,139,東勢里,1
南京東路四段,,,141,東勢里,1
南京東路四段,,,143,東勢里,1
南京東路四段,,,147,東勢里,1
南京東路四段,,,149,東勢里,1
南京東路四段,,,151,東勢里,1
南京東路四段,,,159,東勢里,1
南京東路四段,,,161,東勢里,1
南京東路四段,,,163,東勢里,1
南京東路四段,,,165,東勢里,1
南京東路四段,,,167,東勢里,1
南京東路四段,,,169,東勢里,1
南京東路四段,,,171,東勢里,1
南京東路四段,179,,1,東勢里,14
南京東路四段,179,,2,東勢里,1
南京東路四段,179,3,2之4,東勢里,14
南京東路四段,179,3,2,東勢里,14
南京東路四段,179,,3,東勢里,14
南京東路四段,179,3,6,東勢里,14
南京東路四段,179,3,8,東勢里,14
南京東路四段,179,3,9,東勢里,14
南京東路四段,179,3,11,東勢里,14
南京東路四段,179,,5,東勢里,14
南京東路四段,179,,5之1,東勢里,14
南京東路四段,179,,7,東勢里,14
南京東路四段,179,9,1,東勢里,14
南京東路四段,179,9,2,東勢里,14
南京東路四段,179,,11,東勢里,14
南京東路四段,179,,13,東勢里,14
南京東路四段,179,15,1,東勢里,14
南京東路四段,179,15,3,東勢里,14
南京東路四段,179,15,5,東勢里,14
南京東路四段,,,181,東勢里,14
南京東路四段,,,183,東勢里,14
南京東路四段,,,185,東勢里,14
南京東路四段,,,187,東勢里,14
南京東路四段,,,187之1,東勢里,14
南京東路四段,,,189,東勢里,14
南京東路四段,,,191,東勢里,14
南京東路四段,,,193,東勢里,14
南京東路四段,,,195,東勢里,14
南京東路四段,,,197,東勢里,14
南京東路四段,,,199,東勢里,14
健康路,,,6,東勢里,15
健康路,,,6之1,東勢里,15
健康路,8,,1,東勢里,18
健康路,8,,2,東勢里,15
健康路,8,,3,東勢里,18
健康路,8,,5,東勢里,18
健康路,8,,7,東勢里,18
健康路,,,10,東勢里,18
健康路,,,12,東勢里,18
健康路,,,14,東勢里,18
健康路,,,16之1,東勢里,18
健康路,,,16之2,東勢里,18
健康路,,,16之4,東勢里,18
健康路,,,16之10,東勢里,18
健康路,,,16,東勢里,18
健康路,,,16之5,東勢里,18
健康路,,,16之3,東勢里,18
健康路,,,16之9,東勢里,18
健康路,,,16之6,東勢里,18
健康路,,,16之7,東勢里,18
健康路,,,16之8,東勢里,18
健康路,,,18,東勢里,18
健康路,,,18之1,東勢里,18
健康路,20,,1,東勢里,17
健康路,20,,3,東勢里,17
健康路,20,,5,東勢里,17
健康路,20,,7,東勢里,17
健康路,,,22,東勢里,17
健康路,,,42,東勢里,17
健康路,,,44,東勢里,17
健康路,,,46,東勢里,17
健康路,,,48,東勢里,17
健康路,,,50,東勢里,17
健康路,,,52,東勢里,17
健康路,,,54,東勢里,17
健康路,,,56,東勢里,17
健康路,58,,1,東勢里,16
健康路,58,,2,東勢里,17
健康路,58,,3,東勢里,16
健康路,58,,4,東勢里,17
健康路,58,,5,東勢里,16
健康路,58,,6,東勢里,17
健康路,58,,7,東勢里,16
健康路,58,,9,東勢里,16
健康路,58,,11,東勢里,16
健康路,58,,13,東勢里,16
健康路,58,,15,東勢里,16
健康路,58,,17,東勢里,16
健康路,58,,19,東勢里,16
健康路,58,,21,東勢里,16
健康路,,,60,東勢里,16
健康路,,,62,東勢里,16
健康路,,,64,東勢里,16
健康路,,,66,東勢里,16
健康路,,,68,東勢里,16
健康路,,,72,東勢里,7
健康路,,,74,東勢里,7
健康路,,,76,東勢里,7
健康路,,,78,東勢里,7
健康路,,,86,東勢里,7
健康路,,,88,東勢里,7
健康路,,,90,東勢里,7
健康路,,,92,東勢里,7
健康路,,,94,東勢里,7
健康路,,,96,東勢里,7
健康路,,,98,東勢里,7
健康路,,,100,東勢里,8
健康路,,,102,東勢里,8
健康路,,,104,東勢里,8
健康路,,,106,東勢里,8
健康路,,,108,東勢里,8
健康路,,,110,東勢里,8
健康路,,,112,東勢里,8
健康路,,,114,東勢里,8
健康路,,,116,東勢里,8
健康路,,,118,東勢里,8
健康路,120,,2,東勢里,8
健康路,120,,3,東勢里,8
健康路,120,,4,東勢里,8
健康路,,,122,東勢里,8
民生東路五段,,,1,東榮里,28
民生東路五段,,,3,東榮里,28
民生東路五段,,,5,東榮里,28
民生東路五段,,,7,東榮里,28
民生東路五段,,,9,東榮里,28
民生東路五段,,,11,東榮里,28
民生東路五段,,,13,東榮里,28
民生東路五段,,,15,東榮里,28
民生東路五段,,,17,東榮里,28
民生東路五段,,,19,東榮里,28
民生東路五段,,,21,東榮里,28
民生東路五段,,,23,東榮里,28
民生東路五段,,,25,東榮里,28
民生東路五段,27,1,1,東榮里,28
民生東路五段,27,1,2,東榮里,28
民生東路五段,27,1,3,東榮里,28
民生東路五段,27,1,4,東榮里,28
民生東路五段,27,1,5,東榮里,28
民生東路五段,27,1,6,東榮里,28
民生東路五段,27,1,7,東榮里,28
民生東路五段,27,1,8,東榮里,28
民生東路五段,27,1,9,東榮里,28
民生東路五段,27,1,10,東榮里,28
民生東路五段,27,1,11,東榮里,28
民生東路五段,27,1,12,東榮里,28
民生東路五段,27,1,13,東榮里,28
民生東路五段,27,1,14,東榮里,28
民生東路五段,27,1,15,東榮里,28
民生東路五段,27,1,16,東榮里,28
民生東路五段,27,1,17,東榮里,28
民生東路五段,27,1,18,東榮里,28
民生東路五段,27,1,19,東榮里,28
民生東路五段,27,1,20,東榮里,28
民生東路五段,27,1,21,東榮里,28
民生東路五段,27,1,22,東榮里,28
民生東路五段,27,1,23,東榮里,28
民生東路五段,27,1,24,東榮里,28
民生東路五段,27,1,25,東榮里,28
民生東路五段,27,1,26,東榮里,28
民生東路五段,27,1,28,東榮里,28
民生東路五段,27,1,30,東榮里,28
民生東路五段,27,1,32,東榮里,28
民生東路五段,27,3,1,東榮里,29
民生東路五段,27,3,2,東榮里,29
民生東路五段,27,3,3,東榮里,29
民生東路五段,27,3,4,東榮里,29
民生東路五段,27,3,5,東榮里,29
民生東路五段,27,3,6,東榮里,29
民生東路五段,27,3,7,東榮里,29
民生東路五段,27,3,8,東榮里,29
民生東路五段,27,3,9,東榮里,29
民生東路五段,27,3,10,東榮里,29
民生東路五段,27,3,11,東榮里,29
民生東路五段,27,3,12,東榮里,29
民生東路五段,27,3,13,東榮里,29
民生東路五段,27,3,14,東榮里,29
民生東路五段,27,3,15,東榮里,29
民生東路五段,27,3,16,東榮里,29
民生東路五段,27,3,17,東榮里,29
民生東路五段,27,3,18,東榮里,29
民生東路五段,27,3,19,東榮里,29
民生東路五段,27,3,20,東榮里,29
民生東路五段,27,3,21,東榮里,29
民生東路五段,27,3,22,東榮里,29
民生東路五段,27,3,23,東榮里,29
民生東路五段,27,3,24,東榮里,29
民生東路五段,27,3,25,東榮里,29
民生東路五段,27,3,26,東榮里,29
民生東路五段,27,3,27,東榮里,29
民生東路五段,27,3,29,東榮里,29
民生東路五段,27,3,31,東榮里,29
民生東路五段,27,,4,東榮里,20
民生東路五段,27,5,1,東榮里,30
民生東路五段,27,5,2,東榮里,30
民生東路五段,27,5,3,東榮里,30
民生東路五段,27,5,4,東榮里,30
民生東路五段,27,5,5,東榮里,30
民生東路五段,27,5,6,東榮里,30
民生東路五段,27,5,7,東榮里,30
民生東路五段,27,5,8,東榮里,30
民生東路五段,27,5,9,東榮里,30
民生東路五段,27,5,10,東榮里,30
民生東路五段,27,5,11,東榮里,30
民生東路五段,27,5,12,東榮里,30
民生東路五段,27,5,13,東榮里,30
民生東路五段,27,5,14,東榮里,30
民生東路五段,27,5,15,東榮里,30
民生東路五段,27,5,16,東榮里,30
民生東路五段,27,5,18,東榮里,30
民生東路五段,27,5,20,東榮里,30
民生東路五段,27,5,22,東榮里,30
民生東路五段,27,,6,東榮里,20
民生東路五段,27,7,1,東榮里,31
民生東路五段,27,7,2,東榮里,31
民生東路五段,27,7,3,東榮里,31
民生東路五段,27,7,4,東榮里,31
民生東路五段,27,7,5,東榮里,31
民生東路五段,27,7,6,東榮里,31
民生東路五段,27,7,7,東榮里,31
民生東路五段,27,7,8,東榮里,31
民生東路五段,27,7,9,東榮里,31
民生東路五段,27,7,10,東榮里,31
民生東路五段,27,7,11,東榮里,31
民生東路五段,27,7,12,東榮里,31
民生東路五段,27,7,13,東榮里,31
民生東路五段,27,7,14,東榮里,31
民生東路五段,27,7,15,東榮里,31
民生東路五段,27,7,16,東榮里,31
民生東路五段,27,7,17,東榮里,31
民生東路五段,27,7,18,東榮里,31
民生東路五段,27,7,19,東榮里,31
民生東路五段,27,7,20,東榮里,31
民生東路五段,27,7,21,東榮里,31
民生東路五段,27,7,22,東榮里,31
民生東路五段,27,7,23,東榮里,31
民生東路五段,27,7,24,東榮里,31
民生東路五段,27,7,25,東榮里,31
民生東路五段,27,7,26,東榮里,31
民生東路五段,27,7,27,東榮里,31
民生東路五段,27,7,28,東榮里,31
民生東路五段,27,7,29,東榮里,31
民生東路五段,27,7,30,東榮里,31
民生東路五段,27,7,31,東榮里,31
民生東路五段,27,7,32,東榮里,31
民生東路五段,27,7,33,東榮里,31
民生東路五段,27,7,34,東榮里,31
民生東路五段,27,7,35,東榮里,31
民生東路五段,27,7,36,東榮里,31
民生東路五段,27,7,37,東榮里,31
民生東路五段,27,7,38,東榮里,31
民生東路五段,27,7,39,東榮里,31
民生東路五段,27,7,40,東榮里,31
民生東路五段,27,7,42,東榮里,31
民生東路五段,27,,8,東榮里,19
民生東路五段,27,9,1,東榮里,32
民生東路五段,27,9,3,東榮里,32
民生東路五段,27,9,5,東榮里,32
民生東路五段,27,9,7,東榮里,32
民生東路五段,27,9,9,東榮里,32
民生東路五段,27,9,11,東榮里,32
民生東路五段,27,9,13,東榮里,32
民生東路五段,27,9,15,東榮里,32
民生東路五段,27,9,17,東榮里,32
民生東路五段,27,9,19,東榮里,32
民生東路五段,27,9,21,東榮里,32
民生東路五段,27,9,23,東榮里,32
民生東路五段,27,9,25,東榮里,32
民生東路五段,27,9,27,東榮里,32
民生東路五段,27,9,29,東榮里,32
民生東路五段,27,9,31,東榮里,32
民生東路五段,27,9,33,東榮里,32
民生東路五段,27,9,35,東榮里,32
民生東路五段,27,9,37,東榮里,32
民生東路五段,27,9,39,東榮里,32
民生東路五段,27,9,41,東榮里,32
民生東路五段,27,9,43,東榮里,32
民生東路五段,27,9,45,東榮里,32
民生東路五段,27,9,47,東榮里,32
民生東路五段,27,9,51,東榮里,32
民生東路五段,27,,10,東榮里,18
民生東路五段,,,27,東榮里,28
民生東路五段,,,27之1,東榮里,28
民生東路五段,,,29,東榮里,17
民生東路五段,,,31,東榮里,17
民生東路五段,,,35,東榮里,17
民生東路五段,,,37之1,東榮里,17
民生東路五段,,,37,東榮里,17
民生東路五段,,,39之1,東榮里,17
民生東路五段,,,39,東榮里,17
民生東路五段,,,39之2,東榮里,17
民生東路五段,,,41之1,東榮里,17
民生東路五段,,,41之2,東榮里,17
民生東路五段,,,41,東榮里,17
民生東路五段,,,43,東榮里,17
民生東路五段,,,45,東榮里,16
民生東路五段,,,47,東榮里,16
民生東路五段,,,49,東榮里,16
民生東路五段,,,51,東榮里,16
民生東路五段,,,53,東榮里,16
民生東路五段,,,55,東榮里,16
民生東路五段,,,57,東榮里,16
民生東路五段,,,59,東榮里,16
民生東路五段,,,63,東榮里,16
民生東路五段,,,65,東榮里,16
民生東路五段,69,,1,東榮里,18
民生東路五段,69,1,1,東榮里,18
民生東路五段,69,1,5,東榮里,18
民生東路五段,69,1,6,東榮里,16
民生東路五段,69,1,7,東榮里,18
民生東路五段,69,1,8,東榮里,16
民生東路五段,69,1,10,東榮里,16
民生東路五段,69,1,11,東榮里,18
民生東路五段,69,1,12,東榮里,16
民生東路五段,69,1,14,東榮里,16
民生東路五段,69,1,15,東榮里,18
民生東路五段,69,1,16,東榮里,16
民生東路五段,69,1,17,東榮里,18
民生東路五段,69,1,18,東榮里,16
民生東路五段,69,1,19,東榮里,18
民生東路五段,69,1,20,東榮里,16
民生東路五段,69,1,22,東榮里,16
民生東路五段,69,1,23,東榮里,18
民生東路五段,69,1,24,東榮里,16
民生東路五段,69,1,25,東榮里,18
民生東路五段,69,1,26,東榮里,17
民生東路五段,69,1,27,東榮里,18
民生東路五段,69,1,29,東榮里,18
民生東路五段,69,1,32,東榮里,17
民生東路五段,69,1,34,東榮里,17
民生東路五段,69,1,35,東榮里,18
民生東路五段,69,1,37,東榮里,18
民生東路五段,69,1,38,東榮里,17
民生東路五段,69,1,39,東榮里,18
民生東路五段,69,1,41,東榮里,18
民生東路五段,69,1,43,東榮里,18
民生東路五段,69,1,45,東榮里,18
民生東路五段,69,2,1,東榮里,26
民生東路五段,69,,2之5,東榮里,10
民生東路五段,69,,2之2,東榮里,8
民生東路五段,69,,2之4,東榮里,10
民生東路五段,69,2,2,東榮里,8
民生東路五段,69,,2之3,東榮里,10
民生東路五段,69,,2之1,東榮里,8
民生東路五段,69,,2之7,東榮里,8
民生東路五段,69,2,3,東榮里,26
民生東路五段,69,,2之6,東榮里,10
民生東路五段,69,2,4,東榮里,8
民生東路五段,69,2,5,東榮里,26
民生東路五段,69,2,6,東榮里,8
民生東路五段,69,2,7,東榮里,26
民生東路五段,69,2,8,東榮里,8
民生東路五段,69,2,9,東榮里,26
民生東路五段,69,2,10,東榮里,8
民生東路五段,69,2,11,東榮里,26
民生東路五段,69,2,12,東榮里,8
民生東路五段,69,2,13,東榮里,26
民生東路五段,69,2,15,東榮里,26
民生東路五段,69,2,16,東榮里,8
民生東路五段,69,2,17,東榮里,26
民生東路五段,69,2,18,東榮里,8
民生東路五段,69,2,19,東榮里,26
民生東路五段,69,2,20,東榮里,8
民生東路五段,69,2,21,東榮里,26
民生東路五段,69,2,22,東榮里,8
民生東路五段,69,2,23,東榮里,26
民生東路五段,69,2,24,東榮里,8
民生東路五段,69,2,25,東榮里,26
民生東路五段,69,2,26,東榮里,8
民生東路五段,69,2,27,東榮里,26
民生東路五段,69,2,28,東榮里,8
民生東路五段,69,2,30,東榮里,8
民生東路五段,69,2,31,東榮里,9
民生東路五段,69,2,32,東榮里,8
民生東路五段,69,2,33,東榮里,9
民生東路五段,69,2,34,東榮里,8
民生東路五段,69,2,35,東榮里,9
民生東路五段,69,2,36,東榮里,8
民生東路五段,69,2,37,東榮里,9
民生東路五段,69,2,39,東榮里,9
民生東路五段,69,2,40,東榮里,8
民生東路五段,69,2,41,東榮里,9
民生東路五段,69,2,42,東榮里,8
民生東路五段,69,3,1,東榮里,20
民生東路五段,69,3,3,東榮里,20
民生東路五段,69,,3,東榮里,18
民生東路五段,69,3,5,東榮里,20
民生東路五段,69,3,6,東榮里,19
民生東路五段,69,3,7,東榮里,20
民生東路五段,69,3,8,東榮里,19
民生東路五段,69,3,9,東榮里,20
民生東路五段,69,3,10,東榮里,19
民生東路五段,69,3,11,東榮里,20
民生東路五段,69,3,13,東榮里,20
民生東路五段,69,3,15,東榮里,20
民生東路五段,69,3,16,東榮里,19
民生東路五段,69,3,18,東榮里,19
民生東路五段,69,3,19,東榮里,20
民生東路五段,69,3,20,東榮里,19
民生東路五段,69,3,21,東榮里,20
民生東路五段,69,3,22,東榮里,19
民生東路五段,69,3,24,東榮里,19
民生東路五段,69,3,26,東榮里,19
民生東路五段,69,3,27,東榮里,20
民生東路五段,69,3,28,東榮里,19
民生東路五段,69,3,30,東榮里,19
民生東路五段,69,3,32,東榮里,19
民生東路五段,69,3,34,東榮里,19
民生東路五段,69,4,1,東榮里,12
民生東路五段,69,4,2,東榮里,10
民生東路五段,69,4,3,東榮里,12
民生東路五段,69,4,5,東榮里,12
民生東路五段,69,4,6,東榮里,10
民生東路五段,69,4,7,東榮里,12
民生東路五段,69,4,9,東榮里,12
民生東路五段,69,4,10,東榮里,10
民生東路五段,69,4,11,東榮里,12
民生東路五段,69,4,12,東榮里,10
民生東路五段,69,4,14,東榮里,10
民生東路五段,69,4,15,東榮里,12
民生東路五段,69,4,16,東榮里,10
民生東路五段,69,4,17,東榮里,12
民生東路五段,69,4,18,東榮里,10
民生東路五段,69,4,19,東榮里,12
民生東路五段,69,4,20,東榮里,10
民生東路五段,69,4,21,東榮里,12
民生東路五段,69,4,22,東榮里,10
民生東路五段,69,4,23,東榮里,12
民生東路五段,69,4,24,東榮里,10
民生東路五段,69,4,25,東榮里,12
民生東路五段,69,4,26,東榮里,10
民生東路五段,69,4,27,東榮里,12
民生東路五段,69,4,28,東榮里,10
民生東路五段,69,4,29,東榮里,12
民生東路五段,69,4,31,東榮里,12
民生東路五段,69,4,32,東榮里,9
民生東路五段,69,4,33,東榮里,12
民生東路五段,69,4,34,東榮里,9
民生東路五段,69,4,35,東榮里,12
民生東路五段,69,4,36,東榮里,9
民生東路五段,69,4,37,東榮里,12
民生東路五段,69,4,38,東榮里,9
民生東路五段,69,4,39,東榮里,11
民生東路五段,69,4,40,東榮里,9
民生東路五段,69,4,41,東榮里,11
民生東路五段,69,4,42,東榮里,9
民生東路五段,69,,5,東榮里,18
民生東路五段,69,,7,東榮里,18
民生東路五段,69,,9,東榮里,18
民生東路五段,69,,11,東榮里,18
民生東路五段,69,,13,東榮里,20
民生東路五段,69,,15,東榮里,20
民生東路五段,69,,17,東榮里,20
民生東路五段,69,,19,東榮里,20
民生東路五段,69,21,1,東榮里,21
民生東路五段,69,21,2,東榮里,22
民生東路五段,69,21,3,東榮里,21
民生東路五段,69,21,4,東榮里,22
民生東路五段,69,21,5,東榮里,21
民生東路五段,69,21,6,東榮里,22
民生東路五段,69,21,7,東榮里,21
民生東路五段,69,21,8,東榮里,22
民生東路五段,69,21,9,東榮里,21
民生東路五段,69,21,10之1,東榮里,23
民生東路五段,69,21,10,東榮里,23
民生東路五段,69,21,11,東榮里,21
民生東路五段,69,21,12,東榮里,23
民生東路五段,69,21,12之1,東榮里,23
民生東路五段,69,21,13,東榮里,21
民生東路五段,69,21,14之1,東榮里,23
民生東路五段,69,21,14,東榮里,23
民生東路五段,69,21,15,東榮里,21
民生東路五段,69,21,16,東榮里,23
民生東路五段,69,21,16之1,東榮里,23
民生東路五段,69,21,17,東榮里,21
民生東路五段,69,21,18,東榮里,23
民生東路五段,69,21,18之1,東榮里,23
民生東路五段,69,21,19,東榮里,21
民生東路五段,69,21,20之1,東榮里,23
民生東路五段,69,21,20,東榮里,23
民生東路五段,69,21,21,東榮里,21
民生東路五段,69,,21,東榮里,20
民生東路五段,69,21,22,東榮里,23
民生東路五段,69,21,22之1,東榮里,23
民生東路五段,69,21,23,東榮里,21
民生東路五段,69,21,24,東榮里,23
民生東路五段,69,,23,東榮里,22
民生東路五段,69,,25,東榮里,22
民生東路五段,69,,27,東榮里,22
民生東路五段,69,29,1,東榮里,22
民生東路五段,69,29,2,東榮里,22
民生東路五段,69,29,3,東榮里,22
民生東路五段,69,29,4,東榮里,22
民生東路五段,69,29,5,東榮里,22
民生東路五段,69,29,6,東榮里,22
民生東路五段,69,29,7,東榮里,22
民生東路五段,69,29,8,東榮里,22
民生東路五段,69,,31,東榮里,22
民生東路五段,69,,33,東榮里,22
民生東路五段,69,,35,東榮里,22
民生東路五段,,,71,東榮里,7
民生東路五段,,,73,東榮里,7
民生東路五段,,,75,東榮里,7
民生東路五段,,,77,東榮里,7
民生東路五段,,,79,東榮里,7
民生東路五段,,,81,東榮里,7
民生東路五段,,,85,東榮里,7
民生東路五段,,,87,東榮里,7
民生東路五段,,,89,東榮里,7
民生東路五段,,,91,東榮里,7
民生東路五段,,,93,東榮里,7
民生東路五段,,,95,東榮里,7
民生東路五段,,,97,東榮里,7
民生東路五段,,,99,東榮里,7
民生東路五段,,,101,東榮里,7
民生東路五段,,,103,東榮里,7
民生東路五段,,,105,東榮里,7
民生東路五段,,,107,東榮里,7
民生東路五段,,,111,東榮里,7
民生東路五段,,,113,東榮里,7
民生東路五段,,,115,東榮里,7
民生東路五段,,,117,東榮里,7
民生東路五段,,,119之2,東榮里,1
民生東路五段,,,119,東榮里,1
民生東路五段,,,119之1,東榮里,1
民生東路五段,,,121,東榮里,1
民生東路五段,,,123,東榮里,1
民生東路五段,,,125,東榮里,1
民生東路五段,,,127,東榮里,1
民生東路五段,,,129,東榮里,1
民生東路五段,,,131,東榮里,1
民生東路五段,,,133,東榮里,1
民生東路五段,,,133之1,東榮里,1
民生東路五段,137,,1,東榮里,1
民生東路五段,137,5,6,東榮里,2
民生東路五段,137,5,8,東榮里,2
民生東路五段,137,5,10,東榮里,2
民生東路五段,137,5,12,東榮里,2
民生東路五段,137,,7,東榮里,2
民生東路五段,137,,9,東榮里,2
民生東路五段,137,,11,東榮里,2
民權東路四段,,,98,東榮里,33
民權東路四段,,,100,東榮里,33
民權東路四段,,,180,東榮里,15
光復北路,,,181之1,東榮里,28
光復北路,,,181,東榮里,28
光復北路,,,183之1,東榮里,28
光復北路,,,183,東榮里,28
光復北路,,,185之1,東榮里,29
光復北路,,,185,東榮里,29
光復北路,,,187之1,東榮里,29
光復北路,,,187,東榮里,29
光復北路,,,189之1,東榮里,30
光復北路,,,189,東榮里,30
光復北路,,,191,東榮里,30
光復北路,,,191之1,東榮里,30
光復北路,,,193之1,東榮里,31
光復北路,,,193,東榮里,31
光復北路,,,195,東榮里,31
光復北路,,,195之1,東榮里,31
光復北路,,,197之1,東榮里,32
光復北路,,,197,東榮里,32
光復北路,,,199之1,東榮里,32
光復北路,,,199,東榮里,32
富錦街,,,337,東榮里,25
富錦街,,,339,東榮里,25
富錦街,,,340之1,東榮里,24
富錦街,,,340,東榮里,24
富錦街,,,341,東榮里,25
富錦街,,,342之1,東榮里,24
富錦街,,,342,東榮里,24
富錦街,,,343,東榮里,25
富錦街,,,344,東榮里,24
富錦街,,,344之1,東榮里,24
富錦街,,,345,東榮里,25
富錦街,,,346,東榮里,24
富錦街,,,346之1,東榮里,24
富錦街,,,347,東榮里,25
富錦街,,,348之1,東榮里,24
富錦街,,,348,東榮里,24
富錦街,,,349,東榮里,25
富錦街,,,350之1,東榮里,24
富錦街,,,350,東榮里,24
富錦街,,,351,東榮里,25
富錦街,,,352,東榮里,22
富錦街,,,353,東榮里,25
富錦街,,,354,東榮里,22
富錦街,,,355,東榮里,25
富錦街,,,356,東榮里,22
富錦街,,,357,東榮里,25
富錦街,,,358,東榮里,22
富錦街,359,1,1,東榮里,27
富錦街,359,1,2,東榮里,25
富錦街,359,1,3,東榮里,27
富錦街,359,1,4,東榮里,25
富錦街,359,1,5,東榮里,27
富錦街,359,1,6,東榮里,25
富錦街,359,1,7,東榮里,27
富錦街,359,1,8,東榮里,25
富錦街,359,1,9,東榮里,27
富錦街,359,1,10,東榮里,25
富錦街,359,1,12,東榮里,25
富錦街,359,2,2,東榮里,15
富錦街,359,2,4,東榮里,15
富錦街,359,2,6,東榮里,15
富錦街,359,2,8,東榮里,15
富錦街,359,2,10,東榮里,15
富錦街,359,2,12,東榮里,15
富錦街,359,2,14,東榮里,15
富錦街,359,2,16,東榮里,15
富錦街,359,2,18,東榮里,15
富錦街,359,2,20,東榮里,15
富錦街,359,2,22,東榮里,15
富錦街,359,2,26,東榮里,15
富錦街,359,2,28,東榮里,15
富錦街,359,2,30,東榮里,15
富錦街,359,2,32,東榮里,15
富錦街,359,2,34,東榮里,15
富錦街,359,2,36,東榮里,15
富錦街,359,2,38,東榮里,15
富錦街,359,2,40,東榮里,15
富錦街,359,2,42,東榮里,15
富錦街,359,2,44,東榮里,15
富錦街,359,2,46,東榮里,15
富錦街,359,3,1,東榮里,27
富錦街,359,3,3,東榮里,27
富錦街,359,3,5,東榮里,27
富錦街,359,3,7,東榮里,27
富錦街,359,3,9,東榮里,27
富錦街,359,3,11,東榮里,27
富錦街,359,3,13,東榮里,27
富錦街,359,3,15,東榮里,27
富錦街,359,3,19,東榮里,27
富錦街,359,3,21,東榮里,27
富錦街,,,361,東榮里,14
富錦街,,,362,東榮里,13
富錦街,,,363,東榮里,14
富錦街,,,364,東榮里,13
富錦街,,,365,東榮里,14
富錦街,,,366,東榮里,13
富錦街,,,367,東榮里,14
富錦街,,,368,東榮里,13
富錦街,,,369,東榮里,14
富錦街,,,370,東榮里,13
富錦街,,,371,東榮里,14
富錦街,,,372,東榮里,13
富錦街,,,373,東榮里,14
富錦街,,,375,東榮里,14
富錦街,,,376,東榮里,13
富錦街,,,377,東榮里,14
富錦街,,,378,東榮里,13
富錦街,,,379,東榮里,14
富錦街,,,380,東榮里,13
富錦街,,,381,東榮里,14
富錦街,,,382,東榮里,13
富錦街,,,384,東榮里,13
富錦街,,,385,東榮里,14
富錦街,,,386,東榮里,13
富錦街,,,387,東榮里,14
富錦街,,,388,東榮里,13
富錦街,,,389,東榮里,14
富錦街,,,390,東榮里,13
富錦街,,,391,東榮里,14
富錦街,,,392,東榮里,13
富錦街,,,393,東榮里,14
富錦街,,,394,東榮里,13
富錦街,,,395,東榮里,14
富錦街,,,396,東榮里,13
富錦街,,,397,東榮里,14
富錦街,,,398,東榮里,13
富錦街,,,399,東榮里,14
富錦街,,,401,東榮里,14
富錦街,,,403,東榮里,14
富錦街,,,405,東榮里,14
富錦街,,,407,東榮里,6
富錦街,,,407之1,東榮里,6
富錦街,,,409之1,東榮里,6
富錦街,,,409,東榮里,6
富錦街,,,411,東榮里,6
富錦街,,,411之1,東榮里,6
富錦街,,,413之1,東榮里,6
富錦街,,,413,東榮里,6
富錦街,,,415,東榮里,5
富錦街,417,,1,東榮里,5
富錦街,417,,2,東榮里,5
富錦街,417,,3,東榮里,5
富錦街,417,,4,東榮里,5
富錦街,417,,5,東榮里,5
富錦街,417,,6,東榮里,5
富錦街,417,,7,東榮里,5
富錦街,,,419,東榮里,5
富錦街,,,421,東榮里,4
富錦街,,,421之2,東榮里,4
富錦街,,,421之1,東榮里,4
富錦街,,,423,東榮里,4
富錦街,,,425,東榮里,4
富錦街,,,427,東榮里,4
富錦街,429,,1,東榮里,4
富錦街,429,,3,東榮里,4
富錦街,429,,5,東榮里,4
富錦街,429,,7,東榮里,4
富錦街,429,,9,東榮里,4
富錦街,,,440,東榮里,11
富錦街,,,442,東榮里,11
新中街,8,,2,東榮里,1
新中街,8,,3,東榮里,2
新中街,8,,5,東榮里,2
新中街,8,,6,東榮里,1
新中街,8,,7,東榮里,2
新中街,,,8之1,東榮里,2
新中街,,,8,東榮里,2
新中街,8,,8,東榮里,1
新中街,8,,9,東榮里,2
新中街,8,,10,東榮里,1
新中街,8,,11,東榮里,2
新中街,8,,12,東榮里,1
新中街,8,,14,東榮里,1
新中街,8,,15,東榮里,2
新中街,8,,16,東榮里,1
新中街,8,,17,東榮里,2
新中街,8,,18,東榮里,1
新中街,8,,19,東榮里,2
新中街,8,,21,東榮里,2
新中街,10,,2,東榮里,2
新中街,10,,4,東榮里,2
新中街,10,,6,東榮里,2
新中街,10,,7,東榮里,3
新中街,10,,8,東榮里,2
新中街,10,,9,東榮里,3
新中街,,,10之1,東榮里,2
新中街,10,,10,東榮里,2
新中街,,,10,東榮里,2
新中街,10,,11,東榮里,3
新中街,10,,12,東榮里,2
新中街,10,,14,東榮里,2
新中街,10,,15,東榮里,3
新中街,10,,16,東榮里,2
新中街,10,,17,東榮里,3
新中街,10,,18,東榮里,2
新中街,10,,19,東榮里,3
新中街,10,,21,東榮里,3
新中街,12,,2,東榮里,3
新中街,12,,10,東榮里,3
新中街,,,12,東榮里,3
新中街,,,12之5,東榮里,3
新中街,,,12之4,東榮里,3
新中街,,,12之2,東榮里,3
新中街,12,,12,東榮里,3
新中街,,,12之3,東榮里,3
新中街,,,12之1,東榮里,3
新中街,12,,14,東榮里,3
新中街,12,,16,東榮里,3
新中街,12,,18,東榮里,3
新中街,12,,20,東榮里,3
新中街,,,25,東榮里,8
新中街,,,27,東榮里,8
新中街,,,29,東榮里,8
新中街,,,31,東榮里,8
新中街,,,33,東榮里,8
新中街,,,35之2,東榮里,9
新中街,,,35,東榮里,8
新中街,,,35之1,東榮里,9
新中街,,,37,東榮里,11
新中街,,,39,東榮里,11
新中街,,,41,東榮里,11
新中街,,,43,東榮里,11
新中街,,,46,東榮里,6
新中街,,,48,東榮里,6
新中街,,,48之1,東榮里,6
新中街,,,50,東榮里,5
新中街,52,,6,東榮里,5
新中街,52,,8,東榮里,5
新中街,52,,10,東榮里,5
新中街,52,,12,東榮里,5
新中街,52,,16,東榮里,5
新中街,52,,18,東榮里,5
新中街,52,,20,東榮里,4
新中街,52,,22之1,東榮里,4
新中街,52,,22,東榮里,4
新中街,,,52,東榮里,5
民生東路三段,,,100,松基里,3
民生東路三段,110,,3,松基里,4
民生東路三段,110,,5,松基里,4
民生東路三段,110,,6,松基里,3
民生東路三段,110,,7,松基里,7
民生東路三段,110,,8,松基里,3
民生東路三段,110,,9,松基里,7
民生東路三段,110,,10,松基里,3
民生東路三段,110,,11,松基里,7
民生東路三段,110,,12,松基里,3
民生東路三段,110,,13,松基里,7
民生東路三段,110,,14,松基里,3
民生東路三段,110,,16,松基里,3
民生東路三段,,,112,松基里,4
民生東路三段,,,112之1,松基里,4
民生東路三段,,,114,松基里,4
民生東路三段,,,114之1,松基里,4
民生東路三段,,,116,松基里,4
民生東路三段,,,116之1,松基里,4
民生東路三段,,,118,松基里,5
民生東路三段,,,118之2,松基里,5
民生東路三段,,,118之3,松基里,5
民生東路三段,,,118之1,松基里,5
民生東路三段,,,120,松基里,5
民生東路三段,,,122,松基里,5
民生東路三段,,,124,松基里,5
民生東路三段,,,126,松基里,5
民生東路三段,,,128,松基里,5
民生東路三段,130,,2,松基里,7
民生東路三段,130,,2之1,松基里,7
民生東路三段,130,,4,松基里,7
民生東路三段,130,5,2,松基里,12
民生東路三段,130,5,4,松基里,12
民生東路三段,130,5,6,松基里,12
民生東路三段,130,5,8,松基里,12
民生東路三段,130,5,10,松基里,12
民生東路三段,130,5,12,松基里,12
民生東路三段,130,5,14,松基里,12
民生東路三段,130,5,16,松基里,12
民生東路三段,130,5,18,松基里,12
民生東路三段,130,5,20,松基里,12
民生東路三段,130,5,22,松基里,12
民生東路三段,130,,6,松基里,7
民生東路三段,130,7,1,松基里,12
民生東路三段,130,7,3,松基里,12
民生東路三段,130,7,5,松基里,12
民生東路三段,130,7,7,松基里,12
民生東路三段,130,7,9,松基里,12
民生東路三段,130,7,11,松基里,12
民生東路三段,130,7,13,松基里,12
民生東路三段,130,7,15,松基里,12
民生東路三段,130,,8,松基里,7
民生東路三段,130,,9,松基里,14
民生東路三段,130,,10,松基里,7
民生東路三段,130,,12,松基里,7
民生東路三段,130,,14,松基里,7
民生東路三段,130,,16,松基里,7
民生東路三段,130,18,1,松基里,7
民生東路三段,130,18,2,松基里,8
民生東路三段,130,18,3,松基里,7
民生東路三段,130,18,4,松基里,8
民生東路三段,130,18,5,松基里,7
民生東路三段,130,18,6,松基里,8
民生東路三段,130,18,7,松基里,7
民生東路三段,130,18,8,松基里,8
民生東路三段,130,18,9,松基里,7
民生東路三段,130,18,10,松基里,8
民生東路三段,130,18,11,松基里,7
民生東路三段,130,18,12,松基里,8
民生東路三段,130,18,13,松基里,7
民生東路三段,130,18,14,松基里,8
民生東路三段,130,18,15,松基里,7
民生東路三段,130,18,16,松基里,8
民生東路三段,130,18,17,松基里,7
民生東路三段,130,18,18,松基里,8
民生東路三段,130,18,19,松基里,7
民生東路三段,130,18,20,松基里,8
民生東路三段,130,18,21,松基里,7
民生東路三段,130,18,22,松基里,8
民生東路三段,130,18,23,松基里,7
民生東路三段,130,18,24,松基里,8
民生東路三段,130,18,25,松基里,7
民生東路三段,130,18,26,松基里,8
民生東路三段,130,18,27,松基里,7
民生東路三段,130,18,28,松基里,8
民生東路三段,130,18,30,松基里,8
民生東路三段,130,18,32,松基里,8
民生東路三段,130,,20,松基里,8
民生東路三段,130,,22,松基里,8
民生東路三段,130,,24,松基里,8
民生東路三段,130,,26,松基里,8
民生東路三段,130,,28,松基里,8
民生東路三段,130,,30,松基里,8
民生東路三段,130,,32,松基里,8
民生東路三段,130,,34,松基里,8
民生東路三段,130,,36,松基里,8
民生東路三段,,,132,松基里,5
民生東路三段,,,134,松基里,5
民生東路三段,,,138,松基里,5
民生東路三段,140,,11,松基里,14
民生東路三段,140,,13,松基里,14
民生東路三段,,,156,松基里,5
民生東路三段,,,156之1,松基里,5
民生東路三段,,,158之1,松基里,5
民生東路三段,,,158,松基里,5
長春路,,,331,松基里,1
長春路,,,333,松基里,1
長春路,,,335,松基里,1
長春路,,,337,松基里,1
長春路,339,,2,松基里,15
長春路,,,343,松基里,15
長春路,,,345,松基里,15
長春路,,,347,松基里,15
長春路,,,349,松基里,15
長春路,,,351,松基里,15
長春路,,,353,松基里,15
長春路,,,355,松基里,15
長春路,,,357,松基里,15
長春路,,,421,松基里,15
長春路,,,431,松基里,15
長春路,,,433,松基里,15
長春路,,,435,松基里,15
長春路,,,437,松基里,15
長春路,,,439,松基里,15
長春路,,,445,松基里,15
長春路,,,451,松基里,15
長春路,,,457,松基里,15
復興北路,,,181,松基里,1
復興北路,,,183,松基里,1
復興北路,,,183之2,松基里,1
復興北路,,,183之1,松基里,1
復興北路,,,185,松基里,1
復興北路,,,187,松基里,1
復興北路,189,,1,松基里,1
復興北路,189,,1之3,松基里,1
復興北路,189,,1之2,松基里,1
復興北路,189,,1之1,松基里,1
復興北路,,,191,松基里,1
復興北路,,,193,松基里,1
復興北路,,,195之1,松基里,1
復興北路,,,195之2,松基里,1
復興北路,,,195,松基里,1
復興北路,,,199,松基里,1
復興北路,,,201,松基里,1
復興北路,,,203,松基里,1
復興北路,,,205,松基里,1
復興北路,,,207,松基里,2
復興北路,,,209,松基里,2
復興北路,,,211,松基里,2
復興北路,,,213,松基里,2
復興北路,,,215,松基里,2
復興北路,,,217,松基里,2
復興北路,,,219,松基里,2
復興北路,,,221,松基里,2
復興北路,,,223,松基里,3
復興北路,,,225,松基里,3
復興北路,,,227,松基里,3
復興北路,,,229之1,松基里,3
復興北路,,,229,松基里,3
復興北路,231,,2,松基里,3
復興北路,231,,4,松基里,3
復興北路,231,,6,松基里,6
復興北路,231,,7,松基里,4
復興北路,231,,8,松基里,6
復興北路,231,,9,松基里,4
復興北路,231,,10,松基里,6
復興北路,231,,11,松基里,4
復興北路,231,,12,松基里,6
復興北路,231,,13,松基里,4
復興北路,231,,14,松基里,6
復興北路,231,,15,松基里,4
復興北路,231,,16,松基里,6
復興北路,231,,17,松基里,4
復興北路,231,,18,松基里,6
復興北路,231,,19之2,松基里,4
復興北路,231,,19,松基里,4
復興北路,231,,19之1,松基里,4
復興北路,231,,20,松基里,6
復興北路,231,,22,松基里,6
復興北路,231,,24,松基里,6
復興北路,231,,26,松基里,6
復興北路,231,,28,松基里,6
復興北路,231,,30之1,松基里,6
復興北路,231,,30,松基里,6
復興北路,231,,32,松基里,6
復興北路,231,,34,松基里,6
復興北路,,,233,松基里,3
復興北路,,,233之1,松基里,3
敦化北路,,,150,松基里,15
敦化北路,,,158,松基里,13
敦化北路,,,166,松基里,13
敦化北路,,,168,松基里,13
敦化北路,,,170,松基里,13
慶城街,,,36,松基里,15
慶城街,,,38,松基里,15
慶城街,,,40,松基里,15
慶城街,,,42,松基里,15
慶城街,46,,1,松基里,16
慶城街,46,,2,松基里,15
慶城街,46,,3,松基里,16
慶城街,46,,4,松基里,15
慶城街,46,,5,松基里,16
慶城街,46,,6,松基里,15
慶城街,46,,7,松基里,16
慶城街,46,,8,松基里,15
慶城街,46,,9,松基里,16
慶城街,46,,10,松基里,15
慶城街,46,,11,松基里,13
慶城街,46,,12,松基里,15
慶城街,46,,13,松基里,13
慶城街,46,,14,松基里,15
慶城街,46,,15,松基里,13
慶城街,46,,16,松基里,15
慶城街,46,,17,松基里,13
慶城街,46,,18,松基里,15
慶城街,46,,19,松基里,13
慶城街,46,,20,松基里,15
慶城街,46,,21,松基里,13
慶城街,46,,22,松基里,15
慶城街,46,,23,松基里,13
慶城街,46,,24,松基里,15
慶城街,46,,25,松基里,13
慶城街,46,,26,松基里,15
慶城街,46,,27,松基里,13
慶城街,46,,28,松基里,15
慶城街,46,,29,松基里,13
慶城街,46,,30,松基里,15
慶城街,46,,32,松基里,15
慶城街,46,,34,松基里,15
慶城街,46,,36,松基里,15
慶城街,46,,38,松基里,15
慶城街,46,,40,松基里,15
慶城街,46,,42,松基里,15
慶城街,,,48,松基里,16
慶城街,,,50,松基里,16
慶城街,,,52,松基里,16
慶城街,,,54,松基里,16
慶城街,,,55,松基里,15
慶城街,,,57,松基里,15
慶城街,,,61,松基里,14
慶城街,,,63,松基里,14
慶城街,,,65,松基里,14
慶城街,,,67,松基里,14
慶城街,,,69,松基里,14
慶城街,,,71,松基里,14
慶城街,,,73,松基里,14
慶城街,,,75,松基里,14
興安街,,,137,松基里,3
興安街,139,1,8,松基里,8
興安街,139,1,10,松基里,8
興安街,139,1,12,松基里,8
興安街,,,141,松基里,9
興安街,,,141之1,松基里,9
興安街,,,141之2,松基里,9
興安街,,,143,松基里,9
興安街,,,145,松基里,9
興安街,,,147,松基里,9
興安街,,,149,松基里,9
興安街,,,151,松基里,9
興安街,,,153,松基里,9
興安街,,,155,松基里,9
興安街,,,157,松基里,9
興安街,,,159,松基里,9
興安街,,,161之1,松基里,9
興安街,,,161,松基里,9
興安街,,,161之2,松基里,9
興安街,,,161之4,松基里,9
興安街,,,163,松基里,9
興安街,,,165,松基里,9
興安街,,,166,松基里,1
興安街,,,166之2,松基里,1
興安街,,,166之4,松基里,1
興安街,,,166之3,松基里,1
興安街,,,166之1,松基里,1
興安街,,,167,松基里,9
興安街,,,168之4,松基里,1
興安街,,,169,松基里,9
興安街,,,170,松基里,1
興安街,,,171,松基里,9
興安街,,,172之1,松基里,1
興安街,,,172,松基里,1
興安街,174,,1,松基里,11
興安街,174,,1之1,松基里,11
興安街,174,3,1,松基里,11
興安街,174,3,2,松基里,11
興安街,174,3,3,松基里,11
興安街,174,3,4,松基里,11
興安街,174,3,5,松基里,11
興安街,174,3,6,松基里,11
興安街,174,3,7,松基里,11
興安街,174,3,8,松基里,11
興安街,174,3,9,松基里,11
興安街,174,3,11,松基里,11
興安街,174,3,13,松基里,11
興安街,174,3,15,松基里,11
興安街,174,3,17,松基里,11
興安街,174,3,23,松基里,11
興安街,174,3,25,松基里,11
興安街,174,,5,松基里,11
興安街,174,,6,松基里,1
興安街,174,,7,松基里,11
興安街,174,,8,松基里,1
興安街,174,,9,松基里,11
興安街,174,,13,松基里,11
興安街,174,,15,松基里,11
興安街,174,,17,松基里,11
興安街,174,,19,松基里,11
興安街,174,,21,松基里,11
興安街,174,,23,松基里,11
興安街,174,,25,松基里,11
興安街,,,176,松基里,10
興安街,,,178,松基里,10
興安街,,,180,松基里,10
興安街,,,182,松基里,10
興安街,,,184,松基里,10
興安街,,,186,松基里,10
興安街,,,188,松基里,10
興安街,,,190,松基里,10
興安街,,,192,松基里,10
興安街,,,194,松基里,10
興安街,,,196,松基里,10
興安街,,,198,松基里,10
興安街,,,200,松基里,10
興安街,,,202,松基里,10
興安街,,,204,松基里,10
興安街,,,206,松基里,10
興安街,,,208,松基里,10
興安街,,,210,松基里,10
興安街,,,212,松基里,10
興安街,,,214,松基里,10
興安街,,,216,松基里,10
興安街,,,218,松基里,10
興安街,,,220,松基里,10
興安街,,,222,松基里,10
八德路三段,,,25,美仁里,11
八德路三段,,,27,美仁里,11
八德路三段,71,,1,美仁里,7
八德路三段,71,,3,美仁里,7
八德路三段,71,,5,美仁里,7
八德路三段,71,9,1,美仁里,7
八德路三段,71,9,2,美仁里,7
八德路三段,71,9,3,美仁里,7
八德路三段,71,9,5,美仁里,7
八德路三段,71,9,6之1,美仁里,7
八德路三段,71,9,6,美仁里,7
八德路三段,71,9,16,美仁里,7
八德路三段,71,9,18,美仁里,7
八德路三段,71,,11,美仁里,7
八德路三段,71,,13之1,美仁里,7
八德路三段,71,,13之2,美仁里,7
八德路三段,71,,15,美仁里,7
八德路三段,,,73,美仁里,5
八德路三段,,,73之1,美仁里,5
八德路三段,,,75,美仁里,5
八德路三段,,,77,美仁里,5
八德路三段,,,79,美仁里,5
八德路三段,,,81,美仁里,5
八德路三段,,,83,美仁里,5
八德路三段,,,85之1,美仁里,5
八德路三段,,,85,美仁里,5
八德路三段,,,95,美仁里,5
八德路三段,,,97,美仁里,5
八德路三段,99,,2,美仁里,6
八德路三段,99,4,1,美仁里,6
八德路三段,99,4,3,美仁里,6
八德路三段,99,,4,美仁里,6
八德路三段,99,4,12,美仁里,6
八德路三段,99,4,14,美仁里,6
八德路三段,99,4,16,美仁里,6
八德路三段,99,4,18,美仁里,6
八德路三段,99,4,20,美仁里,6
八德路三段,99,4,20之1,美仁里,6
八德路三段,99,4,21,美仁里,6
八德路三段,99,4,22,美仁里,6
八德路三段,99,4,22之1,美仁里,6
八德路三段,99,4,23,美仁里,6
八德路三段,99,4,24,美仁里,6
八德路三段,99,4,24之1,美仁里,6
八德路三段,99,,5,美仁里,1
八德路三段,99,,6,美仁里,6
八德路三段,99,,7,美仁里,1
八德路三段,99,,8,美仁里,6
八德路三段,99,,9,美仁里,1
八德路三段,99,,10,美仁里,6
八德路三段,99,,11,美仁里,1
八德路三段,99,,11之4,美仁里,1
八德路三段,99,,12之11,美仁里,6
八德路三段,99,,12之18,美仁里,6
八德路三段,99,,12之10,美仁里,6
八德路三段,99,,12之5,美仁里,6
八德路三段,99,,12,美仁里,6
八德路三段,99,,12之9,美仁里,6
八德路三段,99,,12之8,美仁里,6
八德路三段,99,,13,美仁里,1
八德路三段,99,15,4,美仁里,2
八德路三段,99,15,6,美仁里,2
八德路三段,99,15,8,美仁里,2
八德路三段,99,15,10,美仁里,2
八德路三段,,,101,美仁里,1
八德路三段,,,103,美仁里,1
八德路三段,,,105,美仁里,1
八德路三段,,,107,美仁里,1
八德路三段,,,109,美仁里,1
八德路三段,,,111,美仁里,1
八德路三段,,,113,美仁里,1
八德路三段,,,115,美仁里,1
八德路三段,,,117,美仁里,1
八德路三段,,,119之1,美仁里,1
八德路三段,,,119之3,美仁里,1
八德路三段,,,119,美仁里,1
八德路三段,,,119之2,美仁里,1
八德路三段,,,121,美仁里,1
北寧路,,,6,美仁里,7
北寧路,,,8,美仁里,7
北寧路,,,10,美仁里,7
北寧路,,,14,美仁里,7
北寧路,,,16,美仁里,7
北寧路,,,18,美仁里,7
北寧路,,,20,美仁里,7
北寧路,,,24,美仁里,7
北寧路,,,26,美仁里,7
北寧路,,,28,美仁里,7
北寧路,,,30,美仁里,7
北寧路,32,,1,美仁里,8
北寧路,32,,3,美仁里,8
北寧路,32,,6,美仁里,8
北寧路,32,,8,美仁里,8
北寧路,,,34,美仁里,8
北寧路,,,36,美仁里,8
北寧路,,,38,美仁里,8
北寧路,,,40,美仁里,8
北寧路,56,,8,美仁里,8
北寧路,56,,10,美仁里,8
北寧路,56,,12,美仁里,8
北寧路,56,,16,美仁里,8
北寧路,56,,18,美仁里,8
北寧路,,,58之1,美仁里,9
北寧路,,,58之2,美仁里,9
北寧路,,,58之3,美仁里,9
北寧路,,,58,美仁里,9
北寧路,,,58之4,美仁里,9
北寧路,,,58之5,美仁里,9
北寧路,,,60之1,美仁里,9
北寧路,,,60之2,美仁里,9
北寧路,,,60之3,美仁里,9
北寧路,,,60,美仁里,9
北寧路,,,60之5,美仁里,9
北寧路,,,60之4,美仁里,9
北寧路,,,62,美仁里,10
北寧路,,,66之1,美仁里,10
北寧路,,,66,美仁里,10
南京東路四段,,,2之1,美仁里,11
南京東路四段,,,2,美仁里,11
南京東路四段,,,6,美仁里,11
南京東路四段,,,10之1,美仁里,11
南京東路四段,,,10,美仁里,11
南京東路四段,,,12,美仁里,11
南京東路四段,,,12之1,美仁里,11
南京東路四段,,,16,美仁里,11
南京東路四段,,,18,美仁里,11
南京東路四段,,,50,美仁里,10
南京東路四段,,,50之1,美仁里,10
南京東路四段,52,,1,美仁里,4
南京東路四段,52,,2,美仁里,10
南京東路四段,52,,3,美仁里,4
南京東路四段,52,,4,美仁里,10
南京東路四段,52,,8之3,美仁里,10
南京東路四段,52,,8之2,美仁里,10
南京東路四段,52,,8之1,美仁里,10
南京東路四段,52,,8,美仁里,10
南京東路四段,52,,9,美仁里,4
南京東路四段,52,,10,美仁里,10
南京東路四段,52,,11,美仁里,4
南京東路四段,52,,12,美仁里,10
南京東路四段,52,,13,美仁里,4
南京東路四段,52,,14,美仁里,10
南京東路四段,52,,15,美仁里,4
南京東路四段,52,16,1,美仁里,8
南京東路四段,52,,19,美仁里,4
南京東路四段,52,,21,美仁里,4
南京東路四段,52,,23,美仁里,4
南京東路四段,52,,25,美仁里,4
南京東路四段,,,56,美仁里,4
南京東路四段,,,56之1,美仁里,4
南京東路四段,,,68,美仁里,4
南京東路四段,,,70,美仁里,4
南京東路四段,,,100,美仁里,4
南京東路四段,,,102,美仁里,4
南京東路四段,,,104,美仁里,4
南京東路四段,,,106,美仁里,4
南京東路四段,,,108,美仁里,4
南京東路四段,,,110,美仁里,4
南京東路四段,,,110之1,美仁里,4
南京東路四段,,,112,美仁里,4
南京東路四段,,,112之1,美仁里,4
南京東路四段,,,116,美仁里,4
南京東路四段,,,116之1,美仁里,4
南京東路四段,,,118,美仁里,4
南京東路四段,,,118之1,美仁里,4
南京東路四段,,,118之2,美仁里,4
南京東路四段,,,118之3,美仁里,4
敦化北路,,,1,美仁里,11
敦化北路,,,3,美仁里,11
寧安街,2,,1,美仁里,1
寧安街,2,,2,美仁里,1
寧安街,2,,3之1,美仁里,1
寧安街,2,,3,美仁里,1
寧安街,2,,4,美仁里,1
寧安街,2,,5之1,美仁里,1
寧安街,2,,5,美仁里,1
寧安街,2,,6,美仁里,1
寧安街,2,,7,美仁里,1
寧安街,2,,8,美仁里,1
寧安街,2,,9,美仁里,1
寧安街,2,,10,美仁里,1
寧安街,2,,12,美仁里,1
寧安街,4,,2之1,美仁里,1
寧安街,4,,2之3,美仁里,1
寧安街,4,,2之2,美仁里,1
寧安街,4,,2,美仁里,1
寧安街,4,,6,美仁里,1
寧安街,4,,8,美仁里,1
寧安街,4,,10,美仁里,1
寧安街,4,,12,美仁里,1
寧安街,4,,14,美仁里,1
寧安街,4,,16,美仁里,1
寧安街,4,,18,美仁里,1
寧安街,,,6之1,美仁里,2
寧安街,,,6之2,美仁里,2
寧安街,,,6,美仁里,2
寧安街,,,8,美仁里,2
寧安街,,,12之1,美仁里,2
寧安街,,,12,美仁里,2
寧安街,,,50,美仁里,2
寧安街,,,52,美仁里,2
寧安街,60,,1,美仁里,2
寧安街,60,,1之1,美仁里,2
寧安街,60,,5之1,美仁里,2
寧安街,60,,5,美仁里,2
寧安街,60,,5之2,美仁里,2
寧安街,60,,5之3,美仁里,2
寧安街,60,,7,美仁里,2
寧安街,60,,9,美仁里,2
寧安街,60,,11,美仁里,2
寧安街,60,,13,美仁里,2
寧安街,68,,1,美仁里,4
寧安街,68,,2,美仁里,3
寧安街,68,,4,美仁里,3
寧安街,68,,6,美仁里,3
寧安街,68,,8之5,美仁里,3
寧安街,68,,8,美仁里,3
寧安街,68,,8之4,美仁里,3
寧安街,68,,8之6,美仁里,3
寧安街,68,,10之2,美仁里,3
寧安街,68,,10之3,美仁里,3
寧安街,68,,10之1,美仁里,3
寧安街,68,,10,美仁里,3
寧安街,68,,12,美仁里,3
寧安街,68,,12之1,美仁里,3
寧安街,68,,14之1,美仁里,3
寧安街,68,,14,美仁里,3
寧安街,68,,15,美仁里,3
寧安街,68,,15之1,美仁里,3
寧安街,68,,16,美仁里,3
寧安街,68,,17,美仁里,3
寧安街,68,,19,美仁里,3
寧安街,68,,21,美仁里,3
民權東路五段,,,1,莊敬里,12
民權東路五段,,,3,莊敬里,12
民權東路五段,,,3之1,莊敬里,12
民權東路五段,,,5之1,莊敬里,12
民權東路五段,,,5,莊敬里,12
民權東路五段,,,7之1,莊敬里,12
民權東路五段,,,7,莊敬里,12
民權東路五段,,,9之1,莊敬里,12
民權東路五段,,,9,莊敬里,12
民權東路五段,,,11,莊敬里,12
民權東路五段,,,13,莊敬里,12
民權東路五段,,,15,莊敬里,12
民權東路五段,,,15之1,莊敬里,12
民權東路五段,,,17,莊敬里,12
民權東路五段,,,19,莊敬里,11
民權東路五段,,,21,莊敬里,11
民權東路五段,,,23,莊敬里,11
民權東路五段,,,25,莊敬里,11
民權東路五段,,,27,莊敬里,11
民權東路五段,,,29,莊敬里,11
民權東路五段,,,31,莊敬里,11
民權東路五段,,,33,莊敬里,11
民權東路五段,,,35,莊敬里,11
民權東路五段,,,37,莊敬里,11
民權東路五段,,,39,莊敬里,11
民權東路五段,,,41之1,莊敬里,11
塔悠路,,,328,莊敬里,11
塔悠路,,,332,莊敬里,8
塔悠路,,,340,莊敬里,5
塔悠路,,,350,莊敬里,2
撫遠街,,,453,莊敬里,28
撫遠街,,,451,莊敬里,28
撫遠街,,,364,莊敬里,12
撫遠街,,,366,莊敬里,12
撫遠街,367,,2,莊敬里,11
撫遠街,367,,4,莊敬里,11
撫遠街,367,,6,莊敬里,11
撫遠街,367,,8,莊敬里,11
撫遠街,367,,10,莊敬里,11
撫遠街,367,,12,莊敬里,11
撫遠街,367,,14,莊敬里,11
撫遠街,367,,16,莊敬里,11
撫遠街,367,,18,莊敬里,11
撫遠街,367,,20,莊敬里,11
撫遠街,,,368,莊敬里,12
撫遠街,369,,2,莊敬里,10
撫遠街,369,,4,莊敬里,10
撫遠街,369,,6,莊敬里,10
撫遠街,369,,8,莊敬里,10
撫遠街,369,,10,莊敬里,10
撫遠街,369,,12,莊敬里,10
撫遠街,369,,14,莊敬里,10
撫遠街,369,,16,莊敬里,10
撫遠街,369,,18,莊敬里,10
撫遠街,369,,20,莊敬里,10
撫遠街,369,,22,莊敬里,10
撫遠街,369,,24,莊敬里,10
撫遠街,369,,26,莊敬里,10
撫遠街,369,,28,莊敬里,10
撫遠街,369,,30,莊敬里,10
撫遠街,369,,32,莊敬里,10
撫遠街,369,,34,莊敬里,10
撫遠街,369,,36,莊敬里,10
撫遠街,369,,38,莊敬里,10
撫遠街,369,,40,莊敬里,10
撫遠街,369,,42,莊敬里,10
撫遠街,369,,44,莊敬里,10
撫遠街,369,,46,莊敬里,10
撫遠街,369,,48,莊敬里,10
撫遠街,370,,5之1,莊敬里,16
撫遠街,,,370,莊敬里,12
撫遠街,,,372,莊敬里,12
撫遠街,,,374,莊敬里,12
撫遠街,376,,1,莊敬里,12
撫遠街,376,,2之1,莊敬里,13
撫遠街,376,,2,莊敬里,13
撫遠街,376,,3,莊敬里,12
撫遠街,376,,4之1,莊敬里,13
撫遠街,376,,4,莊敬里,13
撫遠街,376,,5,莊敬里,12
撫遠街,376,,6,莊敬里,13
撫遠街,376,,6之1,莊敬里,13
撫遠街,376,,7之1,莊敬里,12
撫遠街,376,,7,莊敬里,12
撫遠街,376,,8,莊敬里,13
撫遠街,376,,8之1,莊敬里,13
撫遠街,376,,9,莊敬里,12
撫遠街,376,,9之1,莊敬里,12
撫遠街,376,,10,莊敬里,13
撫遠街,376,,10之1,莊敬里,13
撫遠街,376,,11,莊敬里,12
撫遠街,376,,11之1,莊敬里,12
撫遠街,376,,12之1,莊敬里,13
撫遠街,376,,12,莊敬里,13
撫遠街,376,,13之1,莊敬里,12
撫遠街,376,,13,莊敬里,12
撫遠街,376,,14之1,莊敬里,13
撫遠街,376,,14,莊敬里,13
撫遠街,376,,16之1,莊敬里,13
撫遠街,376,,16,莊敬里,13
撫遠街,,,378,莊敬里,13
撫遠街,,,378之1,莊敬里,13
撫遠街,,,378之2,莊敬里,14
撫遠街,,,378之3,莊敬里,14
撫遠街,379,,1,莊敬里,9
撫遠街,379,,3,莊敬里,9
撫遠街,379,,5,莊敬里,9
撫遠街,379,,7,莊敬里,9
撫遠街,379,,9,莊敬里,9
撫遠街,379,,11,莊敬里,9
撫遠街,379,,13,莊敬里,9
撫遠街,379,,15,莊敬里,9
撫遠街,380,,1之1,莊敬里,14
撫遠街,380,,1,莊敬里,14
撫遠街,380,,2,莊敬里,15
撫遠街,380,,3,莊敬里,14
撫遠街,380,,3之1,莊敬里,14
撫遠街,380,,4,莊敬里,15
撫遠街,380,,4之1,莊敬里,15
撫遠街,380,,5之1,莊敬里,14
撫遠街,380,,5,莊敬里,14
撫遠街,380,,6,莊敬里,15
撫遠街,380,,7,莊敬里,14
撫遠街,380,,8,莊敬里,15
撫遠街,380,,9,莊敬里,14
撫遠街,380,,10,莊敬里,15
撫遠街,380,,11,莊敬里,14
撫遠街,380,,12,莊敬里,15
撫遠街,380,,13,莊敬里,14
撫遠街,380,,14,莊敬里,15
撫遠街,380,,15,莊敬里,14
撫遠街,380,,16,莊敬里,15
撫遠街,380,,17,莊敬里,14
撫遠街,380,,19,莊敬里,14
撫遠街,380,,21,莊敬里,14
撫遠街,,,382,莊敬里,15
撫遠街,383,,1,莊敬里,9
撫遠街,383,,2,莊敬里,9
撫遠街,383,,3,莊敬里,9
撫遠街,383,,4,莊敬里,9
撫遠街,383,,5,莊敬里,9
撫遠街,383,,6,莊敬里,9
撫遠街,383,,7,莊敬里,9
撫遠街,383,,8,莊敬里,9
撫遠街,383,,9,莊敬里,9
撫遠街,383,,10,莊敬里,9
撫遠街,383,,11,莊敬里,9
撫遠街,383,,12,莊敬里,9
撫遠街,383,,13,莊敬里,9
撫遠街,383,,14,莊敬里,9
撫遠街,383,,15,莊敬里,9
撫遠街,383,,16,莊敬里,9
撫遠街,383,,17,莊敬里,9
撫遠街,383,,19,莊敬里,9
撫遠街,,,384之1,莊敬里,15
撫遠街,,,384,莊敬里,15
撫遠街,386,,1,莊敬里,16
撫遠街,386,,2,莊敬里,17
撫遠街,386,,3,莊敬里,16
撫遠街,386,,4,莊敬里,17
撫遠街,386,,5,莊敬里,16
撫遠街,386,,6,莊敬里,17
撫遠街,386,,7,莊敬里,16
撫遠街,386,,8,莊敬里,17
撫遠街,386,,9,莊敬里,16
撫遠街,386,,11,莊敬里,16
撫遠街,386,,13,莊敬里,16
撫遠街,386,,15,莊敬里,16
撫遠街,389,,1,莊敬里,7
撫遠街,389,,2,莊敬里,8
撫遠街,389,,3,莊敬里,7
撫遠街,389,,4,莊敬里,8
撫遠街,389,,5,莊敬里,7
撫遠街,389,,6,莊敬里,8
撫遠街,389,,7,莊敬里,7
撫遠街,389,,8,莊敬里,8
撫遠街,389,,9,莊敬里,7
撫遠街,389,,10,莊敬里,8
撫遠街,389,,11,莊敬里,7
撫遠街,389,,12,莊敬里,8
撫遠街,389,,13,莊敬里,7
撫遠街,389,,14,莊敬里,8
撫遠街,389,,15,莊敬里,7
撫遠街,389,,16,莊敬里,8
撫遠街,389,,17,莊敬里,7
撫遠街,389,,18,莊敬里,8
撫遠街,389,,19,莊敬里,7
撫遠街,389,,20,莊敬里,8
撫遠街,389,,21,莊敬里,7
撫遠街,389,,22,莊敬里,8
撫遠街,389,,23,莊敬里,7
撫遠街,389,,25,莊敬里,7
撫遠街,389,,27,莊敬里,8
撫遠街,389,,29,莊敬里,8
撫遠街,389,,31,莊敬里,8
撫遠街,389,,33,莊敬里,8
撫遠街,389,,35,莊敬里,8
撫遠街,389,,37,莊敬里,8
撫遠街,389,,38,莊敬里,8
撫遠街,389,,39,莊敬里,8
撫遠街,389,,41,莊敬里,8
撫遠街,389,,43,莊敬里,8
撫遠街,389,,45,莊敬里,8
撫遠街,390,,15,莊敬里,16
撫遠街,390,,16,莊敬里,17
撫遠街,390,,17,莊敬里,16
撫遠街,390,,18,莊敬里,17
撫遠街,390,,19,莊敬里,16
撫遠街,390,,20,莊敬里,17
撫遠街,390,,21,莊敬里,16
撫遠街,390,,22,莊敬里,17
撫遠街,390,,23,莊敬里,16
撫遠街,390,,24,莊敬里,17
撫遠街,390,,25,莊敬里,16
撫遠街,390,,26,莊敬里,17
撫遠街,390,,27,莊敬里,16
撫遠街,390,,28,莊敬里,17
撫遠街,,,391,莊敬里,7
撫遠街,,,393,莊敬里,7
撫遠街,394,,1,莊敬里,18
撫遠街,394,,1之1,莊敬里,18
撫遠街,394,,2,莊敬里,17
撫遠街,394,,3之1,莊敬里,18
撫遠街,394,,3,莊敬里,18
撫遠街,394,,4,莊敬里,17
撫遠街,394,,5之1,莊敬里,18
撫遠街,394,,5,莊敬里,18
撫遠街,394,,6,莊敬里,17
撫遠街,394,,7之1,莊敬里,18
撫遠街,394,,7,莊敬里,18
撫遠街,394,,8,莊敬里,17
撫遠街,394,,9,莊敬里,18
撫遠街,394,,10,莊敬里,17
撫遠街,394,,12,莊敬里,22
撫遠街,394,,14,莊敬里,22
撫遠街,394,,16,莊敬里,22
撫遠街,394,,17,莊敬里,17
撫遠街,394,,18,莊敬里,22
撫遠街,394,,19,莊敬里,17
撫遠街,394,,20,莊敬里,22
撫遠街,394,,21,莊敬里,17
撫遠街,394,,22,莊敬里,22
撫遠街,394,,23,莊敬里,17
撫遠街,394,,24,莊敬里,22
撫遠街,394,,25,莊敬里,17
撫遠街,394,,26,莊敬里,22
撫遠街,394,,28,莊敬里,22
撫遠街,394,,30,莊敬里,22
撫遠街,394,,32,莊敬里,22
撫遠街,394,,34,莊敬里,22
撫遠街,394,,36,莊敬里,22
撫遠街,394,,38,莊敬里,22
撫遠街,394,,40,莊敬里,22
撫遠街,394,,42,莊敬里,22
撫遠街,394,,43,莊敬里,19
撫遠街,394,,45,莊敬里,19
撫遠街,394,,47,莊敬里,19
撫遠街,394,,49,莊敬里,19
撫遠街,394,,51,莊敬里,19
撫遠街,394,,53,莊敬里,19
撫遠街,394,,69,莊敬里,19
撫遠街,394,,71,莊敬里,19
撫遠街,394,,73,莊敬里,19
撫遠街,394,,75,莊敬里,19
撫遠街,394,,77,莊敬里,19
撫遠街,394,,79,莊敬里,19
撫遠街,,,394之1,莊敬里,18
撫遠街,395,,1,莊敬里,6
撫遠街,395,,3,莊敬里,6
撫遠街,395,,5,莊敬里,6
撫遠街,395,,7,莊敬里,6
撫遠街,395,,9,莊敬里,6
撫遠街,395,,11,莊敬里,6
撫遠街,395,,13,莊敬里,6
撫遠街,395,,15,莊敬里,6
撫遠街,395,,17,莊敬里,6
撫遠街,395,,19,莊敬里,6
撫遠街,395,,21,莊敬里,6
撫遠街,395,,23,莊敬里,6
撫遠街,395,,25,莊敬里,6
撫遠街,395,,26,莊敬里,7
撫遠街,395,,27,莊敬里,6
撫遠街,395,,28,莊敬里,7
撫遠街,395,,29,莊敬里,6
撫遠街,395,,30,莊敬里,7
撫遠街,395,,31,莊敬里,6
撫遠街,395,,32,莊敬里,7
撫遠街,395,,33,莊敬里,6
撫遠街,395,,34,莊敬里,7
撫遠街,395,,35,莊敬里,6
撫遠街,395,,36,莊敬里,7
撫遠街,395,,38,莊敬里,7
撫遠街,395,,40,莊敬里,7
撫遠街,395,,42,莊敬里,7
撫遠街,395,,44,莊敬里,7
撫遠街,399,,1,莊敬里,4
撫遠街,399,,2,莊敬里,5
撫遠街,399,,3,莊敬里,4
撫遠街,399,,4,莊敬里,5
撫遠街,399,,5,莊敬里,4
撫遠街,399,,6,莊敬里,5
撫遠街,399,,7,莊敬里,4
撫遠街,399,,8,莊敬里,5
撫遠街,399,,9,莊敬里,4
撫遠街,399,,10,莊敬里,5
撫遠街,399,,11,莊敬里,4
撫遠街,399,,12,莊敬里,5
撫遠街,399,,13,莊敬里,4
撫遠街,399,,14,莊敬里,5
撫遠街,399,,15,莊敬里,4
撫遠街,399,,16,莊敬里,5
撫遠街,399,,17,莊敬里,4
撫遠街,399,,18,莊敬里,5
撫遠街,399,,19,莊敬里,4
撫遠街,399,,20,莊敬里,5
撫遠街,399,,21,莊敬里,4
撫遠街,399,,22,莊敬里,5
撫遠街,399,,23,莊敬里,4
撫遠街,399,,24,莊敬里,5
撫遠街,399,,25,莊敬里,4
撫遠街,399,,26,莊敬里,5
撫遠街,399,,27,莊敬里,4
撫遠街,399,,28,莊敬里,5
撫遠街,399,,29,莊敬里,4
撫遠街,399,,30,莊敬里,5
撫遠街,399,,31,莊敬里,4
撫遠街,399,,32,莊敬里,5
撫遠街,399,,33,莊敬里,4
撫遠街,399,,34,莊敬里,5
撫遠街,399,,35,莊敬里,4
撫遠街,399,,36,莊敬里,5
撫遠街,,,399之1,莊敬里,4
撫遠街,400,,1之1,莊敬里,18
撫遠街,400,,1,莊敬里,18
撫遠街,400,,2,莊敬里,21
撫遠街,400,,3之1,莊敬里,18
撫遠街,400,,3,莊敬里,18
撫遠街,400,,4,莊敬里,21
撫遠街,400,,5,莊敬里,18
撫遠街,400,,5之1,莊敬里,18
撫遠街,400,,6,莊敬里,21
撫遠街,400,,7,莊敬里,18
撫遠街,400,,7之1,莊敬里,18
撫遠街,400,,8,莊敬里,21
撫遠街,400,,10,莊敬里,21
撫遠街,400,,12,莊敬里,21
撫遠街,400,,14,莊敬里,21
撫遠街,400,,16,莊敬里,21
撫遠街,400,,18,莊敬里,21
撫遠街,400,,20,莊敬里,21
撫遠街,400,,22,莊敬里,21
撫遠街,400,,24,莊敬里,21
撫遠街,400,,26,莊敬里,21
撫遠街,400,,28,莊敬里,21
撫遠街,400,,30,莊敬里,21
撫遠街,400,,32,莊敬里,21
撫遠街,400,,34,莊敬里,21
撫遠街,400,,36,莊敬里,21
撫遠街,400,,38,莊敬里,21
撫遠街,400,,40,莊敬里,21
撫遠街,400,,42,莊敬里,21
撫遠街,400,,44,莊敬里,21
撫遠街,400,,46,莊敬里,21
撫遠街,400,,48,莊敬里,21
撫遠街,400,,50,莊敬里,21
撫遠街,400,,52,莊敬里,21
撫遠街,400,,54,莊敬里,21
撫遠街,400,,56,莊敬里,21
撫遠街,400,,58,莊敬里,21
撫遠街,400,,60,莊敬里,21
撫遠街,400,,62,莊敬里,21
撫遠街,400,,64,莊敬里,21
撫遠街,400,,66,莊敬里,21
撫遠街,400,,68,莊敬里,21
撫遠街,400,,70,莊敬里,21
撫遠街,400,,72,莊敬里,21
撫遠街,400,,74,莊敬里,21
撫遠街,400,,76,莊敬里,21
撫遠街,400,,78,莊敬里,21
撫遠街,400,,80,莊敬里,21
撫遠街,400,,82,莊敬里,21
撫遠街,400,,84,莊敬里,21
撫遠街,400,,86,莊敬里,21
撫遠街,400,,88,莊敬里,21
撫遠街,400,,90,莊敬里,21
撫遠街,400,,92,莊敬里,21
撫遠街,400,,94,莊敬里,21
撫遠街,400,,96,莊敬里,21
撫遠街,401,,1,莊敬里,2
撫遠街,401,,2,莊敬里,3
撫遠街,401,,3,莊敬里,2
撫遠街,401,,4,莊敬里,3
撫遠街,401,,5,莊敬里,2
撫遠街,401,,6,莊敬里,3
撫遠街,401,,7,莊敬里,2
撫遠街,401,,8,莊敬里,3
撫遠街,401,,9,莊敬里,2
撫遠街,401,,10,莊敬里,3
撫遠街,401,,11,莊敬里,2
撫遠街,401,,12,莊敬里,3
撫遠街,401,,13,莊敬里,2
撫遠街,401,,14,莊敬里,3
撫遠街,401,,15,莊敬里,2
撫遠街,401,,16,莊敬里,3
撫遠街,401,,17,莊敬里,2
撫遠街,401,,18,莊敬里,3
撫遠街,401,,19,莊敬里,2
撫遠街,401,,20,莊敬里,3
撫遠街,401,,21,莊敬里,2
撫遠街,401,,22,莊敬里,3
撫遠街,401,,23,莊敬里,2
撫遠街,401,,24,莊敬里,3
撫遠街,401,,25,莊敬里,2
撫遠街,401,,26,莊敬里,3
撫遠街,401,,27,莊敬里,2
撫遠街,401,,28,莊敬里,3
撫遠街,401,,29,莊敬里,2
撫遠街,401,,30,莊敬里,3
撫遠街,401,,31,莊敬里,2
撫遠街,401,,32,莊敬里,3
撫遠街,401,,33,莊敬里,2
撫遠街,401,,34,莊敬里,3
撫遠街,401,,35,莊敬里,2
撫遠街,401,,36,莊敬里,3
撫遠街,,,401之1,莊敬里,2
撫遠街,403,,2,莊敬里,1
撫遠街,403,,4,莊敬里,1
撫遠街,403,,6,莊敬里,1
撫遠街,403,,8,莊敬里,1
撫遠街,403,,10,莊敬里,1
撫遠街,403,,12,莊敬里,1
撫遠街,403,,14,莊敬里,1
撫遠街,403,,16,莊敬里,1
撫遠街,403,,18,莊敬里,1
撫遠街,403,,20,莊敬里,1
撫遠街,403,,22,莊敬里,1
撫遠街,403,,24,莊敬里,1
撫遠街,403,,26,莊敬里,1
撫遠街,403,,28,莊敬里,1
撫遠街,403,,30,莊敬里,1
撫遠街,403,,32,莊敬里,1
撫遠街,403,,34,莊敬里,1
撫遠街,403,,36,莊敬里,1
撫遠街,405,,1,莊敬里,23
撫遠街,405,,1之4,莊敬里,23
撫遠街,405,,1之1,莊敬里,23
撫遠街,405,,1之2,莊敬里,23
撫遠街,405,,1之9,莊敬里,23
撫遠街,405,,1之5,莊敬里,23
撫遠街,405,,3,莊敬里,23
撫遠街,405,,5,莊敬里,23
撫遠街,405,,5之2,莊敬里,24
撫遠街,405,,5之4,莊敬里,24
撫遠街,405,,5之3,莊敬里,24
撫遠街,405,,5之1,莊敬里,24
撫遠街,405,,7,莊敬里,23
撫遠街,405,,9,莊敬里,24
撫遠街,405,,11之1,莊敬里,24
撫遠街,405,,11,莊敬里,24
撫遠街,405,,11之2,莊敬里,24
撫遠街,405,,13之1,莊敬里,24
撫遠街,405,,13,莊敬里,24
撫遠街,405,,15,莊敬里,24
撫遠街,405,,15之1,莊敬里,24
撫遠街,405,,17,莊敬里,24
撫遠街,405,,19,莊敬里,24
撫遠街,,,409,莊敬里,24
撫遠街,,,413,莊敬里,24
撫遠街,430,,21,莊敬里,27
撫遠街,430,,23,莊敬里,27
撫遠街,,,435,莊敬里,26
撫遠街,,,435之1,莊敬里,26
濱江街,,,362,莊敬里,28
濱江街,,,368,莊敬里,28
濱江街,372,,12,莊敬里,28
濱江街,,,373,莊敬里,28
濱江街,,,375,莊敬里,28
濱江街,,,385,莊敬里,28
濱江街,,,395,莊敬里,28
濱江街,,,401,莊敬里,28
濱江街,,,403,莊敬里,28
濱江街,,,407,莊敬里,28
濱江街,,,409,莊敬里,28
三民路,96,,1,富泰里,9
三民路,96,,3,富泰里,9
三民路,96,,5,富泰里,9
三民路,96,,7,富泰里,9
三民路,96,,9,富泰里,9
三民路,96,,11,富泰里,9
三民路,96,,13,富泰里,9
三民路,96,,15,富泰里,9
三民路,96,,17,富泰里,9
三民路,96,,19,富泰里,9
三民路,96,,21,富泰里,9
三民路,96,,23,富泰里,9
三民路,96,,25,富泰里,9
三民路,102,,1,富泰里,10
三民路,102,,1之1,富泰里,10
三民路,102,,2,富泰里,9
三民路,102,,3之1,富泰里,10
三民路,102,,3,富泰里,10
三民路,102,,4,富泰里,9
三民路,102,,5,富泰里,10
三民路,102,,5之1,富泰里,10
三民路,102,,6,富泰里,9
三民路,102,,7之1,富泰里,10
三民路,102,,7,富泰里,10
三民路,102,,8,富泰里,9
三民路,102,,9,富泰里,10
三民路,102,,9之1,富泰里,10
三民路,102,,10,富泰里,9
三民路,102,,12,富泰里,9
三民路,102,,14,富泰里,9
三民路,102,,16,富泰里,9
三民路,102,,18,富泰里,9
三民路,102,,20,富泰里,9
三民路,102,,22,富泰里,9
三民路,102,,24,富泰里,9
三民路,,,108之25,富泰里,12
三民路,,,108之13,富泰里,11
三民路,,,108之34,富泰里,12
三民路,,,108之32,富泰里,12
三民路,,,108之20,富泰里,12
三民路,,,108之23,富泰里,12
三民路,,,108之37,富泰里,12
三民路,,,108之42,富泰里,12
三民路,,,108之30,富泰里,12
三民路,,,108之14,富泰里,12
三民路,,,108之36,富泰里,12
三民路,,,108之38,富泰里,12
三民路,,,108之26,富泰里,12
三民路,,,108,富泰里,12
三民路,,,108之35,富泰里,12
三民路,,,108之11,富泰里,11
三民路,,,108之22,富泰里,12
三民路,,,108之28,富泰里,12
三民路,,,108之17,富泰里,12
三民路,,,108之19,富泰里,12
三民路,,,108之27,富泰里,12
三民路,,,108之24,富泰里,12
三民路,,,108之18,富泰里,12
三民路,,,108之41,富泰里,12
三民路,,,108之31,富泰里,12
三民路,,,108之40,富泰里,12
三民路,,,108之21,富泰里,12
三民路,,,108之12,富泰里,11
三民路,,,108之29,富泰里,12
三民路,,,108之39,富泰里,12
三民路,,,108之15,富泰里,12
三民路,,,108之16,富泰里,12
三民路,,,108之33,富泰里,12
三民路,,,108之4,富泰里,11
三民路,,,108之5,富泰里,11
三民路,,,108之1,富泰里,11
三民路,,,108之2,富泰里,11
三民路,,,108之3,富泰里,11
三民路,,,108之10,富泰里,11
三民路,,,108之9,富泰里,11
三民路,,,108之7,富泰里,11
三民路,,,108之6,富泰里,11
三民路,,,108之8,富泰里,11
三民路,110,,2之1,富泰里,10
三民路,110,,2,富泰里,10
三民路,110,,4之1,富泰里,10
三民路,110,,4,富泰里,10
三民路,110,,6,富泰里,10
三民路,110,,6之1,富泰里,10
三民路,110,,8,富泰里,10
三民路,110,,8之1,富泰里,10
三民路,110,,10之1,富泰里,10
三民路,110,,10之2,富泰里,10
三民路,110,,10,富泰里,10
民生東路五段,,,184之2,富泰里,13
民生東路五段,,,184,富泰里,13
民生東路五段,,,184之1,富泰里,13
民生東路五段,,,184之10,富泰里,13
民生東路五段,,,184之4,富泰里,13
民生東路五段,,,184之3,富泰里,13
民生東路五段,,,184之5,富泰里,13
民生東路五段,,,184之9,富泰里,13
民生東路五段,,,184之6,富泰里,13
民生東路五段,,,184之7,富泰里,13
民生東路五段,,,184之8,富泰里,13
民生東路五段,,,186之3,富泰里,14
民生東路五段,,,186,富泰里,14
民生東路五段,,,186之1,富泰里,14
民生東路五段,,,186之2,富泰里,14
民生東路五段,,,188之2,富泰里,14
民生東路五段,,,188,富泰里,14
民生東路五段,,,188之1,富泰里,14
民生東路五段,,,188之4,富泰里,14
民生東路五段,,,188之3,富泰里,14
民生東路五段,,,190之1,富泰里,15
民生東路五段,,,190之10,富泰里,15
民生東路五段,,,190之5,富泰里,15
民生東路五段,,,190之12,富泰里,15
民生東路五段,,,190之4,富泰里,15
民生東路五段,,,190之11,富泰里,15
民生東路五段,,,190之3,富泰里,15
民生東路五段,,,190,富泰里,15
民生東路五段,,,190之2,富泰里,15
民生東路五段,,,190之6,富泰里,15
民生東路五段,,,190之8,富泰里,15
民生東路五段,,,190之7,富泰里,15
民生東路五段,,,190之9,富泰里,15
民生東路五段,,,192之1,富泰里,13
民生東路五段,,,192,富泰里,13
民生東路五段,,,192之5,富泰里,13
民生東路五段,,,192之2,富泰里,13
民生東路五段,,,192之3,富泰里,13
民生東路五段,,,192之4,富泰里,13
民生東路五段,,,192之6,富泰里,13
民生東路五段,,,192之7,富泰里,13
民生東路五段,,,196,富泰里,16
民生東路五段,,,196之1,富泰里,16
民生東路五段,,,196之2,富泰里,16
民生東路五段,,,196之4,富泰里,16
民生東路五段,,,196之3,富泰里,16
民生東路五段,,,196之5,富泰里,16
民生東路五段,,,196之6,富泰里,16
民生東路五段,,,198,富泰里,17
民生東路五段,,,200,富泰里,15
民生東路五段,,,200之1,富泰里,15
民生東路五段,,,200之4,富泰里,15
民生東路五段,,,200之2,富泰里,15
民生東路五段,,,200之5,富泰里,15
民生東路五段,,,200之3,富泰里,15
民生東路五段,,,200之7,富泰里,15
民生東路五段,,,200之6,富泰里,15
民生東路五段,,,202,富泰里,19
民生東路五段,,,202之1,富泰里,15
民生東路五段,,,202之3,富泰里,15
民生東路五段,,,202之13,富泰里,15
民生東路五段,,,202之2,富泰里,15
民生東路五段,,,202之12,富泰里,15
民生東路五段,,,202之11,富泰里,15
民生東路五段,,,202之4,富泰里,15
民生東路五段,,,202之10,富泰里,15
民生東路五段,,,202之5,富泰里,15
民生東路五段,,,202之7,富泰里,15
民生東路五段,,,202之6,富泰里,15
民生東路五段,,,202之9,富泰里,15
民生東路五段,,,202之8,富泰里,15
民生東路五段,,,204,富泰里,20
民生東路五段,,,204之13,富泰里,15
民生東路五段,,,204之2,富泰里,15
民生東路五段,,,204之4,富泰里,15
民生東路五段,,,204之5,富泰里,15
民生東路五段,,,204之10,富泰里,15
民生東路五段,,,204之3,富泰里,15
民生東路五段,,,204之12,富泰里,15
民生東路五段,,,204之1,富泰里,15
民生東路五段,,,204之11,富泰里,15
民生東路五段,,,204之9,富泰里,15
民生東路五段,,,204之8,富泰里,15
民生東路五段,,,204之6,富泰里,15
民生東路五段,,,204之7,富泰里,15
民生東路五段,,,206之4,富泰里,15
民生東路五段,,,206之5,富泰里,15
民生東路五段,,,206之10,富泰里,15
民生東路五段,,,206之12,富泰里,15
民生東路五段,,,206之3,富泰里,15
民生東路五段,,,206之1,富泰里,15
民生東路五段,,,206之2,富泰里,15
民生東路五段,,,206之11,富泰里,15
民生東路五段,,,206,富泰里,15
民生東路五段,,,206之6,富泰里,15
民生東路五段,,,206之7,富泰里,15
民生東路五段,,,206之8,富泰里,15
民生東路五段,212,,1之2,富泰里,8
民生東路五段,212,,1,富泰里,8
民生東路五段,212,,1之3,富泰里,8
民生東路五段,212,,1之1,富泰里,8
民生東路五段,212,,3,富泰里,8
民生東路五段,212,5,1,富泰里,8
民生東路五段,212,5,2,富泰里,8
民生東路五段,212,5,3,富泰里,8
民生東路五段,212,5,4,富泰里,8
民生東路五段,212,,7,富泰里,8
民生東路五段,212,,9,富泰里,8
民生東路五段,212,,11,富泰里,8
民生東路五段,,,214,富泰里,8
民生東路五段,,,214之1,富泰里,8
民生東路五段,,,216,富泰里,8
民生東路五段,,,218之1,富泰里,7
民生東路五段,,,218,富泰里,7
民生東路五段,,,220之1,富泰里,7
民生東路五段,,,220,富泰里,7
民生東路五段,,,222之1,富泰里,7
民生東路五段,,,222,富泰里,7
民生東路五段,,,224之1,富泰里,7
民生東路五段,,,224,富泰里,7
民生東路五段,,,226之1,富泰里,7
民生東路五段,,,226,富泰里,7
民生東路五段,,,228之1,富泰里,7
民生東路五段,,,228,富泰里,7
民生東路五段,,,230,富泰里,7
延壽街,,,101,富泰里,1
延壽街,,,103,富泰里,1
延壽街,,,105,富泰里,1
延壽街,,,107,富泰里,1
延壽街,,,109,富泰里,1
延壽街,,,111,富泰里,1
延壽街,,,113,富泰里,1
延壽街,,,115,富泰里,1
延壽街,,,117,富泰里,1
延壽街,,,117之1,富泰里,1
延壽街,,,121,富泰里,1
延壽街,,,123,富泰里,1
延壽街,,,125,富泰里,1
延壽街,,,127,富泰里,1
延壽街,,,129,富泰里,1
延壽街,,,131,富泰里,1
延壽街,,,133,富泰里,1
延壽街,,,135,富泰里,1
延壽街,,,137,富泰里,1
延壽街,,,139,富泰里,1
延壽街,,,141,富泰里,1
延壽街,,,143,富泰里,1
新東街,1,,1,富泰里,2
新東街,1,,2,富泰里,2
新東街,1,,3,富泰里,2
新東街,1,,4,富泰里,2
新東街,1,,5,富泰里,2
新東街,1,,6,富泰里,2
新東街,1,,7,富泰里,2
新東街,1,,8,富泰里,2
新東街,1,,9,富泰里,2
新東街,1,,10,富泰里,2
新東街,1,,11,富泰里,2
新東街,1,,12,富泰里,2
新東街,1,,13,富泰里,2
新東街,1,,14,富泰里,2
新東街,1,,15,富泰里,2
新東街,1,,16,富泰里,2
新東街,1,,17,富泰里,2
新東街,3,,1,富泰里,3
新東街,3,,2,富泰里,3
新東街,3,,3,富泰里,3
新東街,3,,4,富泰里,3
新東街,3,,5,富泰里,3
新東街,3,,6,富泰里,3
新東街,3,,7,富泰里,3
新東街,3,,8,富泰里,3
新東街,3,,9之1,富泰里,3
新東街,3,,9,富泰里,3
新東街,3,,10,富泰里,3
新東街,3,,12,富泰里,3
新東街,3,,13,富泰里,3
新東街,3,,14,富泰里,3
新東街,3,,15,富泰里,3
新東街,3,,16,富泰里,3
新東街,3,,17,富泰里,3
新東街,3,,18,富泰里,3
新東街,3,,19,富泰里,3
新東街,3,,21,富泰里,3
新東街,3,,23,富泰里,3
新東街,,,5,富泰里,3
新東街,,,7,富泰里,4
新東街,,,7之1,富泰里,4
新東街,9,,1,富泰里,4
新東街,9,,2,富泰里,4
新東街,9,,3,富泰里,4
新東街,9,,4,富泰里,4
新東街,9,,5,富泰里,4
新東街,9,,6,富泰里,4
新東街,9,,7,富泰里,4
新東街,9,,8,富泰里,4
新東街,9,,9,富泰里,4
新東街,9,,10,富泰里,4
新東街,9,,11,富泰里,4
新東街,9,,13,富泰里,4
新東街,9,,14,富泰里,4
新東街,9,,15,富泰里,4
新東街,9,,16,富泰里,4
新東街,9,,17,富泰里,4
新東街,9,,18,富泰里,4
新東街,9,,19,富泰里,4
新東街,9,,20,富泰里,4
新東街,9,,21,富泰里,4
新東街,9,,22,富泰里,4
新東街,9,,23,富泰里,4
新東街,9,,24,富泰里,4
新東街,9,,25,富泰里,4
新東街,9,,27,富泰里,4
新東街,11,,1,富泰里,5
新東街,11,,2,富泰里,5
新東街,11,,3,富泰里,5
新東街,11,,4,富泰里,5
新東街,11,,5,富泰里,5
新東街,11,,6,富泰里,5
新東街,11,,7,富泰里,5
新東街,11,,8,富泰里,5
新東街,11,,9,富泰里,5
新東街,11,,10,富泰里,5
新東街,11,,11,富泰里,5
新東街,11,,12,富泰里,5
新東街,11,,13,富泰里,5
新東街,11,,14,富泰里,5
新東街,11,,15之1,富泰里,5
新東街,11,,15,富泰里,5
新東街,11,,16,富泰里,5
新東街,11,,17,富泰里,5
新東街,11,,18,富泰里,5
新東街,11,,20,富泰里,5
新東街,11,,22,富泰里,5
新東街,11,,24,富泰里,5
新東街,11,,26,富泰里,5
新東街,11,,28,富泰里,5
新東街,15,,1,富泰里,6
新東街,15,,3,富泰里,6
新東街,15,,5,富泰里,6
新東街,15,,7,富泰里,6
新東街,15,,9,富泰里,6
新東街,15,,11,富泰里,6
新東街,15,,13,富泰里,6
新東街,15,,15,富泰里,6
新東街,,,17,富泰里,6
新東街,,,19,富泰里,6
新東街,,,21,富泰里,6
新東街,,,23,富泰里,6
新東街,,,25,富泰里,6
新東街,,,27,富泰里,6
新東街,,,29,富泰里,6
三民路,,,126,富錦里,3
三民路,130,,15,富錦里,11
三民路,130,,17,富錦里,11
三民路,130,,19,富錦里,11
三民路,130,,21,富錦里,11
三民路,130,,23,富錦里,11
三民路,130,,25,富錦里,11
三民路,130,,27,富錦里,11
三民路,130,,29,富錦里,11
三民路,130,,31,富錦里,11
三民路,130,,33,富錦里,11
三民路,130,,35,富錦里,11
三民路,136,,1,富錦里,13
三民路,136,,2,富錦里,9
三民路,136,,3,富錦里,13
三民路,136,,4,富錦里,9
三民路,136,,5,富錦里,13
三民路,136,,6,富錦里,9
三民路,136,,7,富錦里,13
三民路,136,,8,富錦里,9
三民路,136,,9,富錦里,13
三民路,136,,10,富錦里,9
三民路,136,,11,富錦里,13
三民路,136,,12,富錦里,9
三民路,136,,14,富錦里,9
三民路,136,,15,富錦里,13
三民路,136,,16,富錦里,9
三民路,136,,17,富錦里,13
三民路,136,,18,富錦里,9
三民路,136,,19,富錦里,13
三民路,136,,20,富錦里,9
三民路,136,,21,富錦里,13
三民路,136,,22,富錦里,9
三民路,136,,23,富錦里,13
三民路,136,,24,富錦里,9
三民路,136,,25,富錦里,13
三民路,136,,26,富錦里,9
三民路,136,,27,富錦里,13
三民路,136,,27之1,富錦里,13
三民路,136,,28,富錦里,9
三民路,136,,29,富錦里,13
三民路,136,,30,富錦里,9
三民路,136,,32,富錦里,10
三民路,136,,34,富錦里,10
三民路,136,,36,富錦里,10
三民路,136,,38,富錦里,10
三民路,136,,40,富錦里,10
三民路,136,,42,富錦里,10
三民路,136,,44,富錦里,10
三民路,136,,46,富錦里,10
三民路,136,,48,富錦里,10
三民路,136,,50,富錦里,10
三民路,136,,52,富錦里,10
三民路,136,,54,富錦里,10
三民路,136,,56,富錦里,10
三民路,136,,58,富錦里,10
三民路,136,,60,富錦里,10
三民路,136,,62,富錦里,11
三民路,136,,62之1,富錦里,11
三民路,136,,64,富錦里,11
三民路,136,,66,富錦里,11
三民路,136,,68,富錦里,11
三民路,136,,70,富錦里,11
三民路,136,,72,富錦里,11
三民路,136,,74,富錦里,11
三民路,136,,76,富錦里,11
三民路,136,,78,富錦里,11
三民路,136,,80,富錦里,11
三民路,136,,82,富錦里,11
三民路,,,138,富錦里,13
三民路,,,140,富錦里,13
三民路,,,142,富錦里,13
三民路,,,146,富錦里,14
三民路,,,148,富錦里,18
三民路,,,150,富錦里,18
三民路,,,152,富錦里,18
三民路,,,154,富錦里,18
三民路,,,156,富錦里,18
三民路,,,160,富錦里,18
三民路,166,,1,富錦里,21
三民路,166,,3,富錦里,21
三民路,166,,5,富錦里,21
三民路,166,,7,富錦里,21
三民路,166,,9,富錦里,21
三民路,166,,11,富錦里,21
三民路,166,,13,富錦里,21
三民路,166,,15,富錦里,21
三民路,166,,17,富錦里,15
三民路,166,,19,富錦里,15
三民路,166,,21,富錦里,15
三民路,166,,23,富錦里,15
三民路,166,,25,富錦里,15
三民路,166,,27,富錦里,15
三民路,166,,29,富錦里,15
三民路,166,,31,富錦里,15
三民路,166,,33,富錦里,15
三民路,166,,35,富錦里,15
三民路,166,,37,富錦里,15
三民路,166,,39,富錦里,15
三民路,,,168,富錦里,21
三民路,,,170,富錦里,21
三民路,180,,1之1,富錦里,22
三民路,180,,1,富錦里,22
三民路,180,,2,富錦里,21
三民路,180,,3之1,富錦里,22
三民路,180,,3,富錦里,22
三民路,180,,4,富錦里,21
三民路,180,,5,富錦里,22
三民路,180,,5之1,富錦里,22
三民路,180,,6,富錦里,21
三民路,180,,7,富錦里,22
三民路,180,,7之1,富錦里,22
三民路,180,,8,富錦里,21
三民路,180,,9,富錦里,22
三民路,180,,11,富錦里,22
三民路,180,,13,富錦里,22
三民路,180,,15,富錦里,22
三民路,180,,16,富錦里,21
三民路,180,,17,富錦里,22
三民路,180,,18,富錦里,21
三民路,180,,19,富錦里,22
三民路,180,,20,富錦里,21
三民路,180,,21,富錦里,22
三民路,180,,22,富錦里,21
三民路,180,,23,富錦里,22
三民路,180,,24,富錦里,15
三民路,180,,25,富錦里,22
三民路,180,,25之1,富錦里,22
三民路,180,,26之1,富錦里,15
三民路,180,,26之2,富錦里,15
三民路,180,,26,富錦里,15
三民路,180,,27,富錦里,22
三民路,180,,28之2,富錦里,15
三民路,180,,28之1,富錦里,15
三民路,180,,28,富錦里,15
三民路,180,,29,富錦里,22
三民路,180,,30之2,富錦里,15
三民路,180,,30之1,富錦里,15
三民路,180,,30,富錦里,15
三民路,180,,31,富錦里,22
三民路,180,,32,富錦里,20
三民路,180,,33,富錦里,22
三民路,180,,34,富錦里,20
三民路,180,,35,富錦里,22
三民路,180,,36,富錦里,20
三民路,180,,37,富錦里,4
三民路,180,,38,富錦里,20
三民路,180,,39,富錦里,4
三民路,180,,40之1,富錦里,20
三民路,180,,40,富錦里,20
三民路,180,,41,富錦里,4
三民路,180,,43,富錦里,4
三民路,180,,45,富錦里,4
民生東路五段,,,165,富錦里,3
民生東路五段,,,165之1,富錦里,3
民生東路五段,,,165之2,富錦里,3
民生東路五段,,,165之3,富錦里,3
民生東路五段,,,165之4,富錦里,3
民生東路五段,,,165之5,富錦里,3
民生東路五段,,,165之6,富錦里,3
民生東路五段,,,165之7,富錦里,3
民生東路五段,,,167,富錦里,3
民生東路五段,,,167之3,富錦里,3
民生東路五段,,,167之1,富錦里,3
民生東路五段,,,167之2,富錦里,3
民生東路五段,,,167之4,富錦里,3
民生東路五段,,,169,富錦里,5
民生東路五段,,,169之1,富錦里,5
民生東路五段,,,171之4,富錦里,6
民生東路五段,,,171之2,富錦里,6
民生東路五段,,,171之1,富錦里,6
民生東路五段,,,171,富錦里,6
民生東路五段,,,171之3,富錦里,6
民生東路五段,,,171之5,富錦里,6
民生東路五段,,,173之2,富錦里,7
民生東路五段,,,173之3,富錦里,7
民生東路五段,,,173之4,富錦里,7
民生東路五段,,,173之1,富錦里,7
民生東路五段,,,173,富錦里,7
民生東路五段,,,173之5,富錦里,7
民生東路五段,,,175之3,富錦里,8
民生東路五段,,,175之1,富錦里,8
民生東路五段,,,175,富錦里,8
民生東路五段,,,175之2,富錦里,8
民生東路五段,,,175之4,富錦里,8
民生東路五段,,,175之5,富錦里,8
民生東路五段,177,,4之4,富錦里,2
民生東路五段,177,,4之2,富錦里,2
民生東路五段,177,,4之1,富錦里,2
民生東路五段,177,,4之3,富錦里,2
民生東路五段,177,6,1,富錦里,2
民生東路五段,177,6,3,富錦里,2
民生東路五段,177,6,5,富錦里,2
民生東路五段,177,6,7,富錦里,2
民生東路五段,177,6,9,富錦里,2
民生東路五段,177,6,10,富錦里,1
民生東路五段,177,6,11,富錦里,2
民生東路五段,177,6,12,富錦里,1
民生東路五段,177,8,2,富錦里,2
民生東路五段,177,8,4,富錦里,2
民生東路五段,177,8,6,富錦里,2
民生東路五段,177,8,8,富錦里,2
民生東路五段,177,8,10,富錦里,2
民生東路五段,177,8,12,富錦里,2
民生東路五段,,,191,富錦里,1
民權東路五段,,,2,富錦里,23
民權東路五段,,,2之1,富錦里,23
民權東路五段,,,4之1,富錦里,23
民權東路五段,,,4,富錦里,23
民權東路五段,,,6,富錦里,23
民權東路五段,,,6之1,富錦里,23
民權東路五段,,,8,富錦里,23
民權東路五段,,,8之1,富錦里,23
民權東路五段,,,12,富錦里,23
民權東路五段,,,14,富錦里,23
民權東路五段,,,16,富錦里,23
民權東路五段,,,18,富錦里,23
民權東路五段,,,20,富錦里,23
民權東路五段,,,22,富錦里,23
民權東路五段,,,24,富錦里,23
民權東路五段,,,26,富錦里,23
民權東路五段,,,26之1,富錦里,23
民權東路五段,,,28,富錦里,23
民權東路五段,,,28之1,富錦里,23
民權東路五段,,,30,富錦里,23
民權東路五段,,,30之1,富錦里,23
民權東路五段,,,32,富錦里,23
民權東路五段,,,32之1,富錦里,23
民權東路五段,,,34之4,富錦里,4
民權東路五段,,,34之2,富錦里,4
民權東路五段,,,34,富錦里,4
民權東路五段,,,34之1,富錦里,4
民權東路五段,,,34之3,富錦里,4
民權東路五段,,,34之5,富錦里,4
民權東路五段,,,34之6,富錦里,4
民權東路五段,,,36,富錦里,4
民權東路五段,,,38,富錦里,4
民權東路五段,,,40,富錦里,4
民權東路五段,,,42之3,富錦里,4
民權東路五段,,,42之1,富錦里,4
民權東路五段,,,42之4,富錦里,4
民權東路五段,,,42,富錦里,4
民權東路五段,,,42之2,富錦里,4
民權東路五段,,,44,富錦里,4
富錦街,,,485,富錦里,16
富錦街,,,486,富錦里,14
富錦街,,,487,富錦里,16
富錦街,,,488,富錦里,14
富錦街,,,489,富錦里,16
富錦街,,,490,富錦里,14
富錦街,,,491,富錦里,16
富錦街,,,492,富錦里,14
富錦街,,,493,富錦里,16
富錦街,,,494,富錦里,14
富錦街,,,495,富錦里,16
富錦街,,,496,富錦里,14
富錦街,,,497,富錦里,16
富錦街,,,498,富錦里,14
富錦街,,,499,富錦里,16
富錦街,,,500,富錦里,14
富錦街,,,501,富錦里,16
富錦街,,,502,富錦里,14
富錦街,,,503,富錦里,16
富錦街,,,504之1,富錦里,14
富錦街,,,504,富錦里,14
富錦街,,,505,富錦里,16
富錦街,,,506,富錦里,14
富錦街,,,507,富錦里,16
富錦街,,,508,富錦里,14
富錦街,,,509,富錦里,16
富錦街,,,510,富錦里,14
富錦街,,,511,富錦里,16
富錦街,,,512,富錦里,14
富錦街,,,513,富錦里,16
富錦街,,,514,富錦里,14
富錦街,,,515,富錦里,16
富錦街,,,515之5,富錦里,16
富錦街,,,516之1,富錦里,12
富錦街,,,516,富錦里,12
富錦街,,,517,富錦里,16
富錦街,,,518,富錦里,12
富錦街,,,518之1,富錦里,12
富錦街,,,519,富錦里,16
富錦街,,,520之1,富錦里,12
富錦街,,,520,富錦里,12
富錦街,,,521,富錦里,16
富錦街,,,522,富錦里,12
富錦街,,,522之1,富錦里,12
富錦街,,,523,富錦里,16
富錦街,,,524,富錦里,12
富錦街,,,524之1,富錦里,12
富錦街,,,525,富錦里,16
富錦街,,,526,富錦里,12
富錦街,,,526之1,富錦里,12
富錦街,,,527,富錦里,16
新東街,31,,1,富錦里,1
新東街,31,,3,富錦里,1
新東街,31,,5,富錦里,1
新東街,31,,7,富錦里,1
新東街,31,,9,富錦里,1
新東街,31,,25,富錦里,2
新東街,31,,27,富錦里,2
新東街,31,,29,富錦里,2
新東街,31,,31,富錦里,2
新東街,,,33,富錦里,1
新東街,,,35,富錦里,1
新東街,,,37之1,富錦里,1
新東街,,,37,富錦里,1
新東街,,,39之1,富錦里,1
新東街,,,39之2,富錦里,1
新東街,,,39,富錦里,1
新東街,,,41之9,富錦里,11
新東街,,,41之2,富錦里,1
新東街,,,41,富錦里,1
新東街,,,41之3,富錦里,1
新東街,,,41之1,富錦里,1
新東街,,,41之4,富錦里,1
新東街,,,41之5,富錦里,1
新東街,,,41之7,富錦里,11
新東街,,,41之8,富錦里,1
新東街,,,41之6,富錦里,1
新東街,,,43,富錦里,12
新東街,45,,2,富錦里,17
新東街,45,,4,富錦里,17
新東街,45,,6,富錦里,17
新東街,45,,8,富錦里,17
新東街,45,,10,富錦里,17
新東街,45,,12,富錦里,17
新東街,45,,14,富錦里,17
新東街,45,,16,富錦里,17
新東街,45,,18,富錦里,17
新東街,,,47,富錦里,17
新東街,,,49,富錦里,17
新東街,51,,1,富錦里,17
新東街,51,,2,富錦里,19
新東街,51,,3,富錦里,17
新東街,51,,4,富錦里,19
新東街,51,,5,富錦里,17
新東街,51,,6,富錦里,19
新東街,51,,7,富錦里,17
新東街,51,,8,富錦里,19
新東街,51,,9,富錦里,17
新東街,51,,10,富錦里,19
新東街,51,,11,富錦里,17
新東街,51,,12,富錦里,19
新東街,51,,13,富錦里,17
新東街,51,,15,富錦里,17
新東街,51,,17,富錦里,17
新東街,51,,19,富錦里,18
新東街,51,,21,富錦里,18
新東街,51,,23,富錦里,18
新東街,51,,25,富錦里,18
新東街,51,,27,富錦里,18
新東街,51,,29,富錦里,18
新東街,51,,31,富錦里,18
新東街,51,,33,富錦里,18
新東街,51,,37,富錦里,18
新東街,51,,39,富錦里,18
新東街,51,,41,富錦里,18
新東街,51,,43,富錦里,18
新東街,,,53,富錦里,19
新東街,,,55,富錦里,19
新東街,,,57之2,富錦里,19
新東街,,,57,富錦里,19
新東街,,,57之1,富錦里,19
新東街,,,59,富錦里,19
新東街,65,,1,富錦里,19
新東街,65,,2,富錦里,20
新東街,65,,3,富錦里,19
新東街,65,,4,富錦里,20
新東街,65,,5,富錦里,19
新東街,65,,6,富錦里,20
新東街,65,,7,富錦里,19
新東街,65,,8,富錦里,20
新東街,65,,9,富錦里,19
新東街,65,,10,富錦里,20
新東街,65,,11,富錦里,19
新東街,65,,13,富錦里,19
新東街,,,67,富錦里,20
新東街,,,69,富錦里,20
新東街,,,71,富錦里,20
新東街,,,73,富錦里,20
新東街,,,75,富錦里,20
新東街,,,77,富錦里,20
新東街,,,79,富錦里,20
新東街,,,81,富錦里,20
八德路三段,158,,1之1,復建里,6
八德路三段,158,,1,復建里,6
八德路三段,158,,1之2,復建里,6
八德路三段,158,,3,復建里,6
八德路三段,158,,5,復建里,6
八德路三段,158,7,2,復建里,14
八德路三段,158,7,4,復建里,14
八德路三段,158,7,5,復建里,14
八德路三段,158,7,6,復建里,14
八德路三段,158,7,6之1,復建里,14
八德路三段,158,7,7,復建里,14
八德路三段,158,7,8,復建里,14
八德路三段,158,7,8之1,復建里,14
八德路三段,158,7,9,復建里,14
八德路三段,158,7,10,復建里,14
八德路三段,158,7,11,復建里,14
八德路三段,158,7,12,復建里,14
八德路三段,158,7,14,復建里,14
八德路三段,158,7,17,復建里,14
八德路三段,158,7,18,復建里,14
八德路三段,158,7,20,復建里,14
八德路三段,158,7,22,復建里,14
八德路三段,158,7,23,復建里,14
八德路三段,158,7,24,復建里,14
八德路三段,158,7,25,復建里,14
八德路三段,158,7,27,復建里,14
八德路三段,158,7,29,復建里,14
八德路三段,158,7,37,復建里,14
八德路三段,158,7,39,復建里,14
八德路三段,158,7,41,復建里,14
八德路三段,158,7,43,復建里,14
八德路三段,158,7,45,復建里,14
八德路三段,158,7,47,復建里,14
八德路三段,158,,45,復建里,8
八德路三段,158,,47,復建里,8
八德路三段,158,,53,復建里,9
八德路三段,158,,55,復建里,9
八德路三段,158,,57,復建里,9
八德路三段,158,,59,復建里,9
八德路三段,158,,65,復建里,2
八德路三段,158,,67,復建里,2
八德路三段,158,,69,復建里,2
八德路三段,,,160,復建里,6
八德路三段,,,162之1,復建里,6
八德路三段,,,162,復建里,6
八德路三段,,,164,復建里,6
八德路三段,,,164之1,復建里,6
八德路三段,,,166,復建里,6
八德路三段,,,168,復建里,6
八德路三段,,,168之1,復建里,6
八德路三段,,,170,復建里,6
八德路三段,,,170之1,復建里,6
八德路三段,,,172,復建里,6
八德路三段,,,174,復建里,6
八德路三段,,,176,復建里,6
八德路三段,,,178,復建里,6
八德路三段,,,182,復建里,6
八德路三段,,,182之1,復建里,6
八德路三段,,,184,復建里,6
八德路三段,,,186之2,復建里,6
八德路三段,,,186,復建里,6
八德路三段,,,186之1,復建里,6
八德路三段,,,188,復建里,6
八德路三段,,,190,復建里,6
八德路三段,,,192,復建里,6
八德路三段,,,194,復建里,6
八德路三段,,,198之1,復建里,11
八德路三段,,,198,復建里,11
八德路三段,,,200,復建里,11
八德路三段,,,202,復建里,11
八德路三段,,,206,復建里,11
八德路三段,,,208,復建里,11
八德路三段,,,210,復建里,11
八德路三段,,,212,復建里,11
八德路三段,,,214,復建里,11
八德路三段,,,216,復建里,11
八德路三段,,,218,復建里,11
八德路三段,,,220,復建里,11
八德路三段,,,222,復建里,11
八德路三段,,,224,復建里,11
八德路三段,,,226,復建里,11
八德路三段,,,228,復建里,11
八德路三段,,,230,復建里,11
八德路三段,,,232,復建里,11
八德路三段,,,234,復建里,11
八德路三段,,,236,復建里,11
八德路三段,,,238,復建里,11
八德路三段,,,240,復建里,11
市民大道四段,,,291,復建里,2
市民大道四段,,,301,復建里,1
市民大道四段,,,303,復建里,1
市民大道四段,,,305,復建里,1
市民大道四段,,,307,復建里,1
市民大道四段,,,309,復建里,1
市民大道四段,,,311,復建里,1
光復南路,,,4之2,復建里,11
光復南路,,,4,復建里,11
光復南路,,,4之3,復建里,11
光復南路,,,4之1,復建里,11
光復南路,6,,5,復建里,12
光復南路,6,,7,復建里,12
光復南路,6,,9,復建里,12
光復南路,6,,11,復建里,12
光復南路,6,,13,復建里,12
光復南路,6,,15,復建里,12
光復南路,6,,17,復建里,12
光復南路,6,,19,復建里,12
光復南路,6,,21,復建里,12
光復南路,6,,22,復建里,3
光復南路,6,,23,復建里,12
光復南路,6,,24,復建里,3
光復南路,6,,25,復建里,12
光復南路,6,26,1,復建里,3
光復南路,6,26,2,復建里,3
光復南路,6,26,3,復建里,3
光復南路,6,26,4,復建里,3
光復南路,6,26,5,復建里,3
光復南路,6,26,6,復建里,3
光復南路,6,26,7,復建里,3
光復南路,6,26,8,復建里,3
光復南路,6,26,10,復建里,3
光復南路,6,,27,復建里,12
光復南路,6,,28,復建里,3
光復南路,6,,29,復建里,12
光復南路,6,,30,復建里,3
光復南路,6,,31,復建里,12
光復南路,6,,32之2,復建里,3
光復南路,6,,32,復建里,3
光復南路,6,,32之1,復建里,3
光復南路,6,,33,復建里,12
光復南路,6,,34之1,復建里,3
光復南路,6,,34之3,復建里,3
光復南路,6,,34,復建里,3
光復南路,6,,35,復建里,12
光復南路,6,,36之3,復建里,3
光復南路,6,,36,復建里,3
光復南路,6,,36之1,復建里,3
光復南路,6,,37,復建里,12
光復南路,6,,39,復建里,12
光復南路,6,,40之2,復建里,3
光復南路,6,,40,復建里,3
光復南路,6,,40之1,復建里,3
光復南路,6,,41,復建里,12
光復南路,6,,42,復建里,3
光復南路,6,,43,復建里,12
光復南路,6,,44,復建里,3
光復南路,6,,45,復建里,12
光復南路,6,,46,復建里,3
光復南路,6,,47,復建里,12
光復南路,6,48,1,復建里,3
光復南路,6,48,2,復建里,3
光復南路,6,48,3,復建里,3
光復南路,6,48,4,復建里,3
光復南路,6,48,5,復建里,3
光復南路,6,48,6,復建里,3
光復南路,6,48,7,復建里,3
光復南路,6,,49,復建里,12
光復南路,6,,51,復建里,12
光復南路,6,,53,復建里,12
光復南路,6,,55,復建里,12
光復南路,6,,57,復建里,12
光復南路,22,,11之3,復建里,3
光復南路,22,,11之13,復建里,3
光復南路,22,,11之19,復建里,3
光復南路,22,,11之17,復建里,3
光復南路,22,,11之23,復建里,3
光復南路,22,,11之11,復建里,3
光復南路,22,,11之21,復建里,3
光復南路,22,,11之1,復建里,3
光復南路,22,,11之15,復建里,3
光復南路,22,,11之5,復建里,3
光復南路,22,,11之9,復建里,3
光復南路,22,,11之7,復建里,3
光復南路,22,,13,復建里,3
光復南路,22,,15之1,復建里,3
光復南路,22,,15之2,復建里,3
光復南路,22,,15,復建里,3
光復南路,22,,17,復建里,13
光復南路,22,,18,復建里,4
光復南路,22,,19,復建里,13
光復南路,22,,20,復建里,4
光復南路,22,,21,復建里,13
光復南路,22,,22,復建里,4
光復南路,22,,23,復建里,13
光復南路,22,,24,復建里,4
光復南路,22,,25,復建里,13
光復南路,22,,26,復建里,4
光復南路,22,,27,復建里,13
光復南路,22,,28,復建里,4
光復南路,22,,29,復建里,13
光復南路,22,,30,復建里,4
光復南路,22,,31,復建里,13
光復南路,22,,32,復建里,13
光復南路,22,,34,復建里,13
光復南路,22,,36,復建里,13
光復南路,22,,38,復建里,13
光復南路,32,,2,復建里,7
光復南路,32,,4,復建里,7
光復南路,32,,6,復建里,7
光復南路,32,,8,復建里,7
光復南路,32,,10,復建里,7
光復南路,32,,13,復建里,13
光復南路,32,,15,復建里,13
光復南路,32,16,4,復建里,8
光復南路,32,16,6,復建里,8
光復南路,32,16,13,復建里,9
光復南路,32,16,15,復建里,9
光復南路,32,16,19,復建里,9
光復南路,32,16,21,復建里,9
光復南路,32,,17,復建里,13
光復南路,32,,18,復建里,8
光復南路,32,,19,復建里,13
光復南路,32,,20,復建里,8
光復南路,32,,20之1,復建里,8
光復南路,32,,21,復建里,13
光復南路,32,,22,復建里,8
光復南路,32,,23,復建里,13
光復南路,32,,24,復建里,8
光復南路,32,,25,復建里,13
光復南路,32,,26,復建里,8
光復南路,32,,27,復建里,13
光復南路,32,,28,復建里,8
光復南路,32,,30,復建里,8
光復南路,32,,32,復建里,8
光復南路,32,,34之2,復建里,8
光復南路,32,,34之4,復建里,8
光復南路,32,,34之1,復建里,8
光復南路,32,,34之3,復建里,8
光復南路,32,,34,復建里,8
光復南路,,,34,復建里,11
光復南路,,,36,復建里,11
光復南路,,,38,復建里,11
光復南路,,,40,復建里,11
光復南路,,,42,復建里,11
光復南路,,,44,復建里,11
光復南路,46,,1之1,復建里,7
光復南路,46,,1,復建里,7
光復南路,46,,1之2,復建里,7
光復南路,46,,2,復建里,5
光復南路,46,,6之1,復建里,5
光復南路,46,,6,復建里,5
光復南路,46,,7,復建里,7
光復南路,46,,8,復建里,5
光復南路,46,,8之1,復建里,5
光復南路,46,,8之7,復建里,5
光復南路,46,,9,復建里,7
光復南路,46,,10,復建里,5
光復南路,46,,11,復建里,7
光復南路,46,,12,復建里,5
光復南路,46,,14,復建里,5
光復南路,46,,18,復建里,5
光復南路,46,,19,復建里,8
光復南路,46,,20,復建里,5
光復南路,46,,21,復建里,8
光復南路,46,,22,復建里,5
光復南路,46,,23,復建里,8
光復南路,46,,24,復建里,5
光復南路,46,,25,復建里,8
光復南路,46,,26之2,復建里,5
光復南路,46,,26,復建里,5
光復南路,46,,26之1,復建里,5
光復南路,46,,27,復建里,8
光復南路,46,,28,復建里,5
光復南路,46,,29之1,復建里,8
光復南路,46,,29之2,復建里,8
光復南路,46,,29,復建里,8
光復南路,46,,30之1,復建里,5
光復南路,46,,30,復建里,5
光復南路,46,,30之2,復建里,5
光復南路,46,,31之1,復建里,8
光復南路,46,,31,復建里,8
光復南路,,,46,復建里,11
光復南路,,,48之1,復建里,11
光復南路,,,48,復建里,11
光復南路,,,50,復建里,9
光復南路,,,52,復建里,9
光復南路,,,54,復建里,9
光復南路,,,56,復建里,9
光復南路,58,,2,復建里,10
光復南路,58,,2之1,復建里,10
光復南路,58,,3,復建里,9
光復南路,58,,4,復建里,10
光復南路,58,,4之1,復建里,10
光復南路,58,,5,復建里,9
光復南路,58,,6之1,復建里,10
光復南路,58,,6,復建里,10
光復南路,58,,7,復建里,9
光復南路,58,,8,復建里,10
光復南路,58,,8之1,復建里,10
光復南路,58,,8之2,復建里,10
光復南路,58,,9,復建里,9
光復南路,58,,10,復建里,10
光復南路,58,,11,復建里,9
光復南路,58,,12,復建里,10
光復南路,58,,13,復建里,9
光復南路,58,,14,復建里,10
光復南路,58,,15,復建里,9
光復南路,58,,15之3,復建里,9
光復南路,58,,15之2,復建里,9
光復南路,58,,15之1,復建里,9
光復南路,58,,16,復建里,10
光復南路,58,,17,復建里,9
光復南路,58,,18,復建里,10
光復南路,58,,19,復建里,9
光復南路,58,,20,復建里,10
光復南路,58,,21之1,復建里,9
光復南路,58,,21,復建里,9
光復南路,58,,21之2,復建里,9
光復南路,58,,21之3,復建里,9
光復南路,58,,21之6,復建里,9
光復南路,58,,21之8,復建里,9
光復南路,58,,22,復建里,10
光復南路,58,,22之1,復建里,10
光復南路,58,,24,復建里,10
光復南路,58,,24之1,復建里,10
光復南路,58,,26,復建里,10
光復南路,58,,26之1,復建里,10
光復南路,,,58,復建里,5
光復南路,,,60,復建里,5
光復南路,,,62,復建里,5
光復南路,66,,2,復建里,5
光復南路,66,,4,復建里,1
光復南路,66,,6,復建里,1
光復南路,66,,8,復建里,1
光復南路,66,,10,復建里,1
光復南路,66,,12,復建里,1
光復南路,66,,14,復建里,1
光復南路,66,,19,復建里,1
光復南路,66,,21,復建里,1
光復南路,66,,23,復建里,1
光復南路,66,,25,復建里,2
光復南路,66,,26,復建里,2
光復南路,66,,28,復建里,2
光復南路,66,,30,復建里,2
光復南路,66,,32,復建里,2
光復南路,66,,33,復建里,2
光復南路,66,,34,復建里,2
光復南路,66,,35,復建里,2
光復南路,66,,36,復建里,2
光復南路,66,,37,復建里,2
光復南路,66,,39,復建里,2
光復南路,66,,41,復建里,2
光復南路,66,,43,復建里,2
光復南路,66,,45,復建里,2
光復南路,66,,47,復建里,2
光復南路,66,,49,復建里,2
光復南路,66,,50,復建里,2
光復南路,66,,51之1,復建里,2
光復南路,66,,51,復建里,2
光復南路,66,,52,復建里,2
光復南路,66,,53,復建里,2
光復南路,66,,54,復建里,2
光復南路,66,,55,復建里,2
光復南路,66,,55之2,復建里,2
光復南路,66,,55之1,復建里,2
光復南路,66,,55之4,復建里,2
光復南路,66,,55之3,復建里,2
光復南路,66,,55之7,復建里,2
光復南路,66,,55之6,復建里,2
光復南路,66,,55之8,復建里,2
光復南路,66,,55之5,復建里,2
光復南路,66,,57,復建里,2
光復南路,66,,59之1,復建里,2
光復南路,66,,59,復建里,2
光復南路,66,,61,復建里,2
光復南路,66,,63,復建里,2
光復南路,,,66,復建里,5
光復南路,,,68,復建里,5
八德路四段,,,2,復盛里,1
八德路四段,,,2之1,復盛里,1
八德路四段,,,6,復盛里,1
八德路四段,,,8,復盛里,1
八德路四段,,,10,復盛里,1
八德路四段,,,12,復盛里,1
八德路四段,,,14,復盛里,1
八德路四段,,,16,復盛里,1
八德路四段,,,18,復盛里,1
八德路四段,,,20,復盛里,1
八德路四段,,,22之2,復盛里,1
八德路四段,,,22之1,復盛里,1
八德路四段,,,22之3,復盛里,1
八德路四段,,,22,復盛里,1
八德路四段,,,24,復盛里,1
八德路四段,,,26,復盛里,1
八德路四段,,,28,復盛里,1
八德路四段,,,30,復盛里,1
八德路四段,,,32,復盛里,1
八德路四段,36,,2,復盛里,3
八德路四段,36,,2之1,復盛里,3
八德路四段,36,,4,復盛里,3
八德路四段,36,,6,復盛里,3
八德路四段,36,,8,復盛里,3
八德路四段,36,,10,復盛里,3
八德路四段,36,,12,復盛里,3
八德路四段,36,,14,復盛里,3
八德路四段,36,,16,復盛里,3
八德路四段,36,,18,復盛里,3
八德路四段,36,,20,復盛里,3
八德路四段,36,,22,復盛里,3
八德路四段,36,,28,復盛里,6
八德路四段,36,,30,復盛里,6
八德路四段,36,,32,復盛里,6
八德路四段,36,,33,復盛里,15
八德路四段,36,,34,復盛里,6
八德路四段,36,,35,復盛里,15
八德路四段,36,,36,復盛里,6
八德路四段,36,,38,復盛里,6
八德路四段,36,,40,復盛里,6
八德路四段,36,,42,復盛里,6
八德路四段,36,,46,復盛里,16
八德路四段,36,,48,復盛里,16
八德路四段,36,,50,復盛里,16
八德路四段,36,,52,復盛里,16
八德路四段,36,,54,復盛里,16
八德路四段,36,,56,復盛里,16
八德路四段,36,,58,復盛里,16
八德路四段,36,,60,復盛里,16
八德路四段,,,38,復盛里,10
八德路四段,,,40,復盛里,10
八德路四段,,,42,復盛里,10
八德路四段,,,44,復盛里,10
八德路四段,,,46,復盛里,10
八德路四段,,,48,復盛里,10
八德路四段,,,50,復盛里,10
八德路四段,,,52,復盛里,10
八德路四段,,,54,復盛里,10
八德路四段,,,56,復盛里,10
八德路四段,,,68,復盛里,10
八德路四段,,,70,復盛里,10
八德路四段,72,,2之1,復盛里,10
八德路四段,72,,2之2,復盛里,10
八德路四段,72,,2之3,復盛里,10
八德路四段,72,,2,復盛里,10
八德路四段,72,,4之3,復盛里,10
八德路四段,72,,4之2,復盛里,10
八德路四段,72,,4,復盛里,10
八德路四段,72,,4之1,復盛里,10
八德路四段,72,10,1,復盛里,13
八德路四段,72,10,2,復盛里,12
八德路四段,72,10,3,復盛里,13
八德路四段,72,10,4,復盛里,12
八德路四段,72,10,5,復盛里,13
八德路四段,72,10,6,復盛里,12
八德路四段,72,10,7,復盛里,13
八德路四段,72,10,8,復盛里,12
八德路四段,72,10,9,復盛里,13
八德路四段,72,10,10,復盛里,12
八德路四段,72,10,11,復盛里,13
八德路四段,72,10,12,復盛里,12
八德路四段,72,10,14,復盛里,12
八德路四段,72,10,15,復盛里,13
八德路四段,72,10,16,復盛里,12
八德路四段,72,10,17,復盛里,13
八德路四段,72,12,1,復盛里,14
八德路四段,72,12,2,復盛里,13
八德路四段,72,12,3,復盛里,14
八德路四段,72,12,4,復盛里,13
八德路四段,72,12,5,復盛里,14
八德路四段,72,12,6,復盛里,13
八德路四段,72,12,7,復盛里,14
八德路四段,72,12,8,復盛里,13
八德路四段,72,12,9,復盛里,14
八德路四段,72,12,10,復盛里,13
八德路四段,72,12,11,復盛里,14
八德路四段,72,12,12,復盛里,13
八德路四段,72,12,14,復盛里,13
八德路四段,72,12,15,復盛里,14
八德路四段,72,12,16,復盛里,13
八德路四段,72,12,17,復盛里,14
八德路四段,72,12,19,復盛里,14
八德路四段,72,14,1,復盛里,15
八德路四段,72,14,2,復盛里,14
八德路四段,72,14,3,復盛里,15
八德路四段,72,14,4,復盛里,14
八德路四段,72,14,5,復盛里,15
八德路四段,72,14,6,復盛里,14
八德路四段,72,14,7,復盛里,15
八德路四段,72,14,8,復盛里,14
八德路四段,72,14,9,復盛里,15
八德路四段,72,14,10,復盛里,14
八德路四段,72,14,11,復盛里,15
八德路四段,72,14,12,復盛里,14
八德路四段,72,16,1,復盛里,16
八德路四段,72,16,2,復盛里,15
八德路四段,72,16,3,復盛里,16
八德路四段,72,16,4,復盛里,15
八德路四段,72,16,5,復盛里,16
八德路四段,72,16,6,復盛里,15
八德路四段,72,16,7,復盛里,16
八德路四段,72,16,8,復盛里,15
八德路四段,72,16,9,復盛里,16
八德路四段,72,16,10,復盛里,15
八德路四段,72,16,11,復盛里,16
八德路四段,72,16,12,復盛里,15
八德路四段,72,16,14,復盛里,15
八德路四段,72,16,15,復盛里,16
八德路四段,72,16,16,復盛里,15
八德路四段,72,16,17,復盛里,16
八德路四段,72,16,19,復盛里,16
八德路四段,72,16,21,復盛里,16
八德路四段,,,74,復盛里,17
八德路四段,,,76,復盛里,17
八德路四段,,,78,復盛里,17
八德路四段,,,80,復盛里,17
八德路四段,,,86,復盛里,17
八德路四段,,,88,復盛里,17
八德路四段,,,90,復盛里,17
八德路四段,,,92,復盛里,17
八德路四段,,,94,復盛里,17
八德路四段,,,96,復盛里,17
八德路四段,,,98,復盛里,17
八德路四段,,,100,復盛里,17
八德路四段,,,102,復盛里,17
八德路四段,,,104之1,復盛里,17
八德路四段,,,104,復盛里,17
八德路四段,,,104之2,復盛里,17
八德路四段,106,,1,復盛里,17
八德路四段,106,2,1,復盛里,18
八德路四段,106,2,2,復盛里,17
八德路四段,106,2,3,復盛里,18
八德路四段,106,2,4,復盛里,17
八德路四段,106,2,5,復盛里,18
八德路四段,106,2,6,復盛里,17
八德路四段,106,2,7,復盛里,18
八德路四段,106,2,8,復盛里,17
八德路四段,106,2,9,復盛里,18
八德路四段,106,2,10,復盛里,17
八德路四段,106,2,11,復盛里,18
八德路四段,106,2,12,復盛里,17
八德路四段,106,2,13,復盛里,18
八德路四段,106,2,14,復盛里,17
八德路四段,106,2,15,復盛里,18
八德路四段,106,2,16,復盛里,17
八德路四段,106,2,17,復盛里,18
八德路四段,106,2,18,復盛里,17
八德路四段,106,2,19,復盛里,18
八德路四段,106,2,20,復盛里,17
八德路四段,106,,3,復盛里,17
八德路四段,106,4,1,復盛里,19
八德路四段,106,4,2之2,復盛里,18
八德路四段,106,4,2,復盛里,18
八德路四段,106,4,2之1,復盛里,18
八德路四段,106,4,3,復盛里,19
八德路四段,106,4,4,復盛里,18
八德路四段,106,4,5,復盛里,19
八德路四段,106,4,6,復盛里,18
八德路四段,106,4,6之1,復盛里,18
八德路四段,106,4,7,復盛里,19
八德路四段,106,4,8,復盛里,18
八德路四段,106,4,9,復盛里,19
八德路四段,106,4,10,復盛里,18
八德路四段,106,4,11,復盛里,19
八德路四段,106,4,12,復盛里,18
八德路四段,106,4,15,復盛里,19
八德路四段,106,4,17,復盛里,19
八德路四段,106,6,1,復盛里,20
八德路四段,106,6,2之1,復盛里,19
八德路四段,106,6,2,復盛里,19
八德路四段,106,6,3,復盛里,20
八德路四段,106,6,4,復盛里,19
八德路四段,106,6,5,復盛里,20
八德路四段,106,6,6,復盛里,19
八德路四段,106,6,7,復盛里,20
八德路四段,106,6,8,復盛里,19
八德路四段,106,6,9,復盛里,20
八德路四段,106,6,10,復盛里,19
八德路四段,106,6,11,復盛里,20
八德路四段,106,6,12,復盛里,19
八德路四段,106,6,14,復盛里,19
八德路四段,106,6,15,復盛里,20
八德路四段,106,6,16,復盛里,19
八德路四段,106,6,17,復盛里,20
八德路四段,106,8,1,復盛里,21
八德路四段,106,8,2,復盛里,20
八德路四段,106,8,3,復盛里,21
八德路四段,106,8,4,復盛里,20
八德路四段,106,8,5,復盛里,21
八德路四段,106,8,6,復盛里,20
八德路四段,106,8,7,復盛里,21
八德路四段,106,8,8,復盛里,20
八德路四段,106,8,9,復盛里,21
八德路四段,106,8,10,復盛里,20
八德路四段,106,8,11,復盛里,21
八德路四段,106,8,12,復盛里,20
八德路四段,106,8,14,復盛里,20
八德路四段,106,8,15,復盛里,21
八德路四段,106,8,16,復盛里,20
八德路四段,106,10,2,復盛里,21
八德路四段,106,10,4,復盛里,21
八德路四段,106,10,6,復盛里,21
八德路四段,106,10,8,復盛里,21
八德路四段,106,10,9,復盛里,21
八德路四段,106,10,10,復盛里,21
八德路四段,106,10,11,復盛里,21
八德路四段,106,10,12,復盛里,21
八德路四段,106,10,14,復盛里,21
八德路四段,106,10,15,復盛里,21
八德路四段,106,10,17,復盛里,21
八德路四段,,,108,復盛里,17
八德路四段,,,110,復盛里,17
八德路四段,,,112,復盛里,17
八德路四段,,,114,復盛里,17
八德路四段,,,116,復盛里,17
八德路四段,,,118之1,復盛里,17
八德路四段,,,118,復盛里,17
八德路四段,,,118之3,復盛里,17
八德路四段,,,118之2,復盛里,17
八德路四段,,,120,復盛里,17
八德路四段,,,162,復盛里,23
八德路四段,,,166,復盛里,23
八德路四段,,,168,復盛里,23
八德路四段,,,170,復盛里,23
八德路四段,,,172,復盛里,23
八德路四段,,,174,復盛里,23
八德路四段,,,176,復盛里,23
八德路四段,,,178,復盛里,23
八德路四段,,,182,復盛里,23
八德路四段,,,184,復盛里,23
八德路四段,,,186,復盛里,23
八德路四段,,,188,復盛里,23
八德路四段,,,190,復盛里,23
八德路四段,,,192,復盛里,23
八德路四段,,,194,復盛里,23
八德路四段,,,196,復盛里,23
八德路四段,,,198,復盛里,23
八德路四段,,,200,復盛里,23
八德路四段,,,202,復盛里,23
八德路四段,204,,2,復盛里,23
八德路四段,204,,4,復盛里,23
八德路四段,204,5,2,復盛里,22
八德路四段,204,5,4,復盛里,22
八德路四段,204,5,6,復盛里,22
八德路四段,204,5,8,復盛里,22
八德路四段,204,6,1,復盛里,23
八德路四段,204,6,2,復盛里,24
八德路四段,204,6,3,復盛里,23
八德路四段,204,6,4,復盛里,24
八德路四段,204,6,5,復盛里,23
八德路四段,204,6,6,復盛里,24
八德路四段,204,6,7,復盛里,23
八德路四段,204,6,8,復盛里,24
八德路四段,204,6,9,復盛里,23
八德路四段,204,6,10,復盛里,24
八德路四段,204,6,11,復盛里,23
八德路四段,204,6,12,復盛里,24
八德路四段,204,6,13,復盛里,23
八德路四段,204,6,14,復盛里,24
八德路四段,204,6,15,復盛里,23
八德路四段,204,6,16,復盛里,24
八德路四段,204,6,17,復盛里,23
八德路四段,204,6,18,復盛里,24
八德路四段,204,6,19,復盛里,23
八德路四段,204,6,20,復盛里,24
八德路四段,204,6,21,復盛里,23
八德路四段,204,6,22,復盛里,24
八德路四段,204,6,23,復盛里,23
八德路四段,204,6,24,復盛里,24
八德路四段,204,6,25,復盛里,23
八德路四段,204,6,26,復盛里,24
八德路四段,204,7,1,復盛里,22
八德路四段,204,7,2,復盛里,22
八德路四段,204,7,3,復盛里,22
八德路四段,204,7,4,復盛里,22
八德路四段,204,7,5,復盛里,22
八德路四段,204,7,6,復盛里,22
八德路四段,204,7,7,復盛里,22
八德路四段,204,7,8,復盛里,22
八德路四段,204,7,9,復盛里,22
八德路四段,204,7,10,復盛里,22
八德路四段,204,7,11,復盛里,22
八德路四段,204,7,12,復盛里,22
八德路四段,204,7,13,復盛里,22
八德路四段,204,7,14,復盛里,22
八德路四段,204,7,15,復盛里,22
八德路四段,204,7,16,復盛里,22
八德路四段,204,7,17,復盛里,22
八德路四段,204,7,18,復盛里,22
八德路四段,204,7,19,復盛里,22
八德路四段,204,7,20,復盛里,22
八德路四段,204,7,21,復盛里,22
八德路四段,204,7,23,復盛里,22
八德路四段,204,7,25,復盛里,22
八德路四段,204,7,27,復盛里,22
八德路四段,204,,9,復盛里,22
八德路四段,,,206,復盛里,26
八德路四段,,,208,復盛里,26
八德路四段,,,210之1,復盛里,26
八德路四段,,,210,復盛里,26
八德路四段,,,210之2,復盛里,26
八德路四段,,,212,復盛里,26
八德路四段,,,214,復盛里,26
八德路四段,,,216,復盛里,26
八德路四段,,,218,復盛里,26
八德路四段,,,220,復盛里,26
八德路四段,,,222,復盛里,26
八德路四段,,,224,復盛里,26
八德路四段,,,226,復盛里,26
八德路四段,,,228,復盛里,26
八德路四段,,,230,復盛里,26
八德路四段,,,232,復盛里,26
八德路四段,,,234,復盛里,26
市民大道五段,,,1,復盛里,9
市民大道五段,,,3,復盛里,9
市民大道五段,,,5,復盛里,9
市民大道五段,,,7,復盛里,9
市民大道五段,,,9,復盛里,9
市民大道五段,,,17,復盛里,9
市民大道五段,,,19,復盛里,9
市民大道五段,,,29,復盛里,9
市民大道五段,,,31,復盛里,16
市民大道五段,,,33,復盛里,16
市民大道五段,,,33之3,復盛里,16
市民大道五段,,,33之1,復盛里,16
市民大道五段,,,33之2,復盛里,16
市民大道五段,,,35,復盛里,16
市民大道五段,,,37,復盛里,16
市民大道五段,,,59,復盛里,21
市民大道五段,,,61,復盛里,21
市民大道五段,,,63,復盛里,21
市民大道五段,,,65,復盛里,21
市民大道五段,,,67,復盛里,21
市民大道五段,,,69,復盛里,21
市民大道五段,,,99,復盛里,21
市民大道五段,,,99之1,復盛里,21
市民大道五段,,,99之2,復盛里,21
市民大道五段,,,99之3,復盛里,21
市民大道五段,,,99之4,復盛里,21
市民大道五段,,,111,復盛里,25
市民大道五段,,,113,復盛里,25
市民大道五段,,,115,復盛里,25
市民大道五段,,,117,復盛里,25
市民大道五段,,,119,復盛里,25
市民大道五段,,,121,復盛里,25
市民大道五段,,,123,復盛里,25
市民大道五段,,,125,復盛里,25
市民大道五段,,,127,復盛里,25
市民大道五段,,,129,復盛里,25
市民大道五段,,,131,復盛里,25
市民大道五段,,,133,復盛里,25
市民大道五段,,,135,復盛里,25
市民大道五段,,,137,復盛里,25
市民大道五段,,,139,復盛里,25
市民大道五段,,,141,復盛里,25
市民大道五段,,,143,復盛里,25
市民大道五段,,,145,復盛里,25
市民大道五段,,,155,復盛里,22
市民大道五段,,,157,復盛里,22
市民大道五段,,,159,復盛里,22
市民大道五段,,,161,復盛里,22
市民大道五段,,,163,復盛里,22
市民大道五段,,,165,復盛里,22
市民大道五段,,,167,復盛里,22
市民大道五段,,,169,復盛里,22
市民大道五段,,,171,復盛里,22
市民大道五段,,,173,復盛里,22
市民大道五段,,,175,復盛里,22
光復南路,,,1,復盛里,1
光復南路,,,3,復盛里,1
光復南路,,,5,復盛里,1
光復南路,,,7,復盛里,1
光復南路,,,9,復盛里,1
光復南路,13,,2,復盛里,2
光復南路,13,,3,復盛里,1
光復南路,13,,4之1,復盛里,2
光復南路,13,,4之3,復盛里,2
光復南路,13,,4之4,復盛里,2
光復南路,13,,4,復盛里,2
光復南路,13,,4之2,復盛里,2
光復南路,13,,4之5,復盛里,2
光復南路,13,,4之6,復盛里,2
光復南路,13,,5,復盛里,1
光復南路,13,,8,復盛里,2
光復南路,13,,8之1,復盛里,2
光復南路,13,,10,復盛里,2
光復南路,13,,10之1,復盛里,2
光復南路,13,,12,復盛里,2
光復南路,13,,12之1,復盛里,2
光復南路,13,,15,復盛里,1
光復南路,13,,16,復盛里,11
光復南路,13,,17,復盛里,1
光復南路,13,,18,復盛里,11
光復南路,13,,19,復盛里,1
光復南路,13,,20,復盛里,11
光復南路,13,,21,復盛里,1
光復南路,13,,22,復盛里,11
光復南路,13,,23,復盛里,1
光復南路,13,,25,復盛里,1
光復南路,13,,26,復盛里,11
光復南路,13,,27,復盛里,1
光復南路,13,,28,復盛里,11
光復南路,13,,29,復盛里,1
光復南路,13,,30之1,復盛里,11
光復南路,13,,30之2,復盛里,11
光復南路,13,,30,復盛里,11
光復南路,13,,30之3,復盛里,11
光復南路,13,,31,復盛里,10
光復南路,13,,32之2,復盛里,11
光復南路,13,,32之1,復盛里,11
光復南路,13,,32,復盛里,11
光復南路,13,,32之3,復盛里,11
光復南路,13,,33,復盛里,10
光復南路,13,,34之1,復盛里,11
光復南路,13,,34之3,復盛里,11
光復南路,13,,34之2,復盛里,11
光復南路,13,,34,復盛里,11
光復南路,13,,35,復盛里,10
光復南路,13,,36之3,復盛里,11
光復南路,13,,36之1,復盛里,11
光復南路,13,,36,復盛里,11
光復南路,13,,36之2,復盛里,11
光復南路,13,,37,復盛里,10
光復南路,13,,38之2,復盛里,11
光復南路,13,,38之1,復盛里,11
光復南路,13,,38,復盛里,11
光復南路,13,,38之3,復盛里,11
光復南路,13,,39,復盛里,10
光復南路,13,,41,復盛里,10
光復南路,13,,43,復盛里,10
光復南路,13,,45,復盛里,10
光復南路,13,,49之3,復盛里,10
光復南路,13,,49之1,復盛里,10
光復南路,13,,49之2,復盛里,10
光復南路,13,,49,復盛里,10
光復南路,17,,1,復盛里,3
光復南路,17,,2,復盛里,2
光復南路,17,,3,復盛里,3
光復南路,17,,4,復盛里,2
光復南路,17,,5,復盛里,3
光復南路,17,,6,復盛里,2
光復南路,17,,7,復盛里,3
光復南路,17,,8,復盛里,2
光復南路,17,,9,復盛里,3
光復南路,17,,10,復盛里,2
光復南路,17,,11,復盛里,3
光復南路,17,,12,復盛里,2
光復南路,17,,14,復盛里,2
光復南路,17,,16,復盛里,2
光復南路,17,,17,復盛里,3
光復南路,17,,18,復盛里,2
光復南路,17,,19,復盛里,3
光復南路,17,,20,復盛里,2
光復南路,17,,22,復盛里,2
光復南路,17,,24,復盛里,2
光復南路,17,,26,復盛里,2
光復南路,17,,32,復盛里,11
光復南路,17,,34,復盛里,11
光復南路,17,,36,復盛里,11
光復南路,17,,38,復盛里,11
光復南路,17,,39,復盛里,12
光復南路,17,,40,復盛里,11
光復南路,17,,41,復盛里,12
光復南路,17,,42,復盛里,11
光復南路,17,,43,復盛里,12
光復南路,17,,44,復盛里,11
光復南路,17,,45,復盛里,12
光復南路,17,,46,復盛里,11
光復南路,17,,47,復盛里,12
光復南路,17,,48,復盛里,11
光復南路,17,,49,復盛里,12
光復南路,17,,50,復盛里,11
光復南路,17,,51,復盛里,12
光復南路,17,,52,復盛里,11
光復南路,17,,53,復盛里,12
光復南路,,,19,復盛里,4
光復南路,,,21之1,復盛里,4
光復南路,,,21之2,復盛里,4
光復南路,,,21,復盛里,4
光復南路,,,21之4,復盛里,4
光復南路,,,21之3,復盛里,4
光復南路,,,21之5,復盛里,4
光復南路,,,21之6,復盛里,4
光復南路,,,23,復盛里,4
光復南路,,,25之1,復盛里,4
光復南路,,,25,復盛里,4
光復南路,33,,1之1,復盛里,4
光復南路,33,,1,復盛里,4
光復南路,33,,3,復盛里,4
光復南路,33,,5,復盛里,4
光復南路,33,,6,復盛里,5
光復南路,33,,7,復盛里,4
光復南路,33,,7之1,復盛里,4
光復南路,33,,8之1,復盛里,5
光復南路,33,,8,復盛里,5
光復南路,33,,11,復盛里,4
光復南路,33,,12,復盛里,5
光復南路,33,,13,復盛里,4
光復南路,33,,15,復盛里,4
光復南路,33,,16,復盛里,5
光復南路,33,,17,復盛里,4
光復南路,33,,18,復盛里,5
光復南路,33,20,1,復盛里,5
光復南路,33,20,2,復盛里,5
光復南路,33,20,3,復盛里,5
光復南路,33,20,4,復盛里,5
光復南路,33,20,5,復盛里,5
光復南路,33,20,6,復盛里,5
光復南路,33,20,7,復盛里,5
光復南路,33,20,8,復盛里,5
光復南路,33,20,9,復盛里,5
光復南路,33,20,11,復盛里,5
光復南路,33,,22,復盛里,5
光復南路,33,,24,復盛里,5
光復南路,33,,26,復盛里,5
光復南路,33,,28,復盛里,5
光復南路,33,,30,復盛里,5
光復南路,33,,31,復盛里,4
光復南路,33,,32,復盛里,5
光復南路,33,,33,復盛里,4
光復南路,,,35,復盛里,5
光復南路,45,,2之2,復盛里,7
光復南路,45,,2,復盛里,7
光復南路,45,,2之1,復盛里,7
光復南路,45,,6,復盛里,7
光復南路,45,,8,復盛里,7
光復南路,45,,10,復盛里,7
光復南路,45,,11,復盛里,6
光復南路,45,,12,復盛里,7
光復南路,45,,16,復盛里,7
光復南路,45,,18,復盛里,7
光復南路,45,,20,復盛里,7
光復南路,45,,21,復盛里,6
光復南路,45,,22,復盛里,7
光復南路,45,,23,復盛里,6
光復南路,45,,24,復盛里,7
光復南路,45,,25,復盛里,6
光復南路,45,,26,復盛里,7
光復南路,45,,27,復盛里,6
光復南路,45,,28,復盛里,7
光復南路,45,,31,復盛里,6
光復南路,45,,33,復盛里,6
光復南路,45,,35,復盛里,6
光復南路,45,,37,復盛里,6
光復南路,,,49,復盛里,7
光復南路,,,51,復盛里,7
光復南路,,,53,復盛里,7
光復南路,,,55之1,復盛里,7
光復南路,,,55之2,復盛里,7
光復南路,,,55,復盛里,7
光復南路,57,,1之1,復盛里,8
光復南路,57,,1,復盛里,8
光復南路,57,,2之1,復盛里,9
光復南路,57,,2之2,復盛里,9
光復南路,57,,3之1,復盛里,8
光復南路,57,,3,復盛里,8
光復南路,57,,5,復盛里,8
光復南路,57,,6,復盛里,9
光復南路,57,,7,復盛里,8
光復南路,57,,8,復盛里,9
光復南路,57,,9,復盛里,8
光復南路,57,,10,復盛里,9
光復南路,57,,11,復盛里,8
光復南路,57,,12,復盛里,9
光復南路,57,,13,復盛里,8
光復南路,57,,14,復盛里,9
光復南路,57,,15,復盛里,8
光復南路,57,,16,復盛里,9
光復南路,57,,16之1,復盛里,9
光復南路,57,,17,復盛里,8
光復南路,57,,18,復盛里,9
光復南路,57,,19,復盛里,8
光復南路,57,,20,復盛里,9
光復南路,57,,21,復盛里,8
光復南路,57,,23,復盛里,8
光復南路,57,,25,復盛里,8
光復南路,57,,27,復盛里,8
光復南路,57,,29,復盛里,8
光復南路,,,59,復盛里,9
光復南路,,,61,復盛里,9
光復南路,,,63,復盛里,9
光復南路,,,65,復盛里,9
光復南路,,,67,復盛里,9
光復南路,,,69,復盛里,9
光復南路,,,71,復盛里,9
光復南路,,,73,復盛里,9
東寧路,,,9,復盛里,23
東寧路,,,11,復盛里,23
東寧路,,,13,復盛里,23
東寧路,,,15,復盛里,24
東寧路,,,17,復盛里,24
東寧路,,,19,復盛里,24
東興路,,,26,復盛里,26
東興路,,,28,復盛里,26
八德路三段,,,121之3,復勢里,1
八德路三段,,,121之4,復勢里,1
八德路三段,,,121之2,復勢里,1
八德路三段,,,121之1,復勢里,1
八德路三段,,,123,復勢里,1
八德路三段,,,125,復勢里,1
八德路三段,,,127,復勢里,1
八德路三段,,,129,復勢里,1
八德路三段,,,131,復勢里,1
八德路三段,,,133,復勢里,1
八德路三段,,,135,復勢里,1
八德路三段,,,137,復勢里,1
八德路三段,,,139,復勢里,1
八德路三段,,,141,復勢里,1
八德路三段,,,143,復勢里,1
八德路三段,,,145,復勢里,1
八德路三段,,,147,復勢里,1
八德路三段,,,147之1,復勢里,1
八德路三段,155,,1,復勢里,2
八德路三段,155,,2之2,復勢里,4
八德路三段,155,,2之3,復勢里,4
八德路三段,155,,2,復勢里,4
八德路三段,155,,3,復勢里,2
八德路三段,155,4,1之1,復勢里,5
八德路三段,155,4,1之2,復勢里,5
八德路三段,155,4,1,復勢里,5
八德路三段,155,4,2,復勢里,4
八德路三段,155,4,3,復勢里,5
八德路三段,155,4,4,復勢里,4
八德路三段,155,4,5,復勢里,5
八德路三段,155,4,6,復勢里,4
八德路三段,155,4,8,復勢里,4
八德路三段,155,4,10,復勢里,4
八德路三段,155,4,12,復勢里,4
八德路三段,155,4,14,復勢里,4
八德路三段,155,4,15,復勢里,5
八德路三段,155,4,16,復勢里,4
八德路三段,155,4,17,復勢里,5
八德路三段,155,4,19之1,復勢里,5
八德路三段,155,4,19,復勢里,5
八德路三段,155,4,21,復勢里,5
八德路三段,155,4,23,復勢里,5
八德路三段,155,4,25,復勢里,5
八德路三段,155,4,27,復勢里,5
八德路三段,155,4,29之1,復勢里,5
八德路三段,155,4,29,復勢里,5
八德路三段,155,4,31,復勢里,5
八德路三段,155,4,33,復勢里,5
八德路三段,155,4,35,復勢里,5
八德路三段,155,,5,復勢里,2
八德路三段,155,,8,復勢里,7
八德路三段,155,,10,復勢里,7
八德路三段,155,12,1之1,復勢里,7
八德路三段,155,12,1,復勢里,7
八德路三段,155,12,3,復勢里,7
八德路三段,155,12,5,復勢里,7
八德路三段,155,12,7,復勢里,7
八德路三段,155,12,9,復勢里,7
八德路三段,155,20,1,復勢里,7
八德路三段,155,20,2,復勢里,7
八德路三段,155,20,3,復勢里,7
八德路三段,155,20,4,復勢里,7
八德路三段,155,20,5,復勢里,7
八德路三段,155,20,6,復勢里,7
八德路三段,155,20,7,復勢里,7
八德路三段,155,20,8,復勢里,7
八德路三段,155,20,9,復勢里,7
八德路三段,155,20,10,復勢里,7
八德路三段,155,20,11,復勢里,7
八德路三段,155,20,12之1,復勢里,7
八德路三段,155,20,12,復勢里,7
八德路三段,155,20,13,復勢里,7
八德路三段,155,20,15,復勢里,7
八德路三段,155,,21,復勢里,3
八德路三段,155,,22,復勢里,7
八德路三段,155,,23,復勢里,3
八德路三段,155,,24之1,復勢里,8
八德路三段,155,,24,復勢里,8
八德路三段,155,26,1,復勢里,8
八德路三段,155,26,2,復勢里,8
八德路三段,155,26,3,復勢里,8
八德路三段,155,26,4,復勢里,8
八德路三段,155,26,5,復勢里,8
八德路三段,155,26,6,復勢里,8
八德路三段,155,26,7,復勢里,8
八德路三段,155,26,8,復勢里,8
八德路三段,155,26,9,復勢里,8
八德路三段,155,26,10,復勢里,8
八德路三段,155,26,11,復勢里,8
八德路三段,155,26,12,復勢里,8
八德路三段,155,26,13,復勢里,8
八德路三段,155,26,14,復勢里,8
八德路三段,155,26,15,復勢里,8
八德路三段,155,26,16,復勢里,8
八德路三段,155,26,17,復勢里,8
八德路三段,155,26,19,復勢里,8
八德路三段,155,26,21,復勢里,8
八德路三段,155,26,23,復勢里,8
八德路三段,155,,28,復勢里,8
八德路三段,,,157,復勢里,1
八德路三段,,,159,復勢里,1
八德路三段,,,161,復勢里,1
八德路三段,,,163,復勢里,1
八德路三段,,,165,復勢里,1
八德路三段,,,167,復勢里,1
八德路三段,,,169,復勢里,1
八德路三段,,,171,復勢里,1
八德路三段,,,173,復勢里,1
八德路三段,,,177,復勢里,1
八德路三段,,,179,復勢里,1
八德路三段,,,181,復勢里,1
八德路三段,,,183,復勢里,1
八德路三段,,,191,復勢里,1
八德路三段,199,1,1,復勢里,14
八德路三段,199,,1,復勢里,14
八德路三段,199,1,2,復勢里,15
八德路三段,199,1,3,復勢里,14
八德路三段,199,1,4,復勢里,15
八德路三段,199,1,5,復勢里,14
八德路三段,199,1,6,復勢里,15
八德路三段,199,1,7,復勢里,14
八德路三段,199,1,8,復勢里,15
八德路三段,199,1,9,復勢里,14
八德路三段,199,1,10,復勢里,15
八德路三段,199,1,11,復勢里,14
八德路三段,199,1,12,復勢里,15
八德路三段,199,1,14,復勢里,15
八德路三段,199,1,16,復勢里,15
八德路三段,199,1,18,復勢里,15
八德路三段,199,1,20,復勢里,15
八德路三段,199,1,22,復勢里,15
八德路三段,199,1,24,復勢里,15
八德路三段,199,4,2,復勢里,6
八德路三段,199,4,4,復勢里,6
八德路三段,199,4,6,復勢里,6
八德路三段,199,4,8,復勢里,6
八德路三段,199,,5,復勢里,15
八德路三段,199,,6之1,復勢里,6
八德路三段,199,,6,復勢里,6
八德路三段,199,7,1之1,復勢里,15
八德路三段,199,7,1,復勢里,15
八德路三段,199,7,2之1,復勢里,17
八德路三段,199,7,3,復勢里,15
八德路三段,199,7,5,復勢里,15
八德路三段,199,,7,復勢里,6
八德路三段,199,7,7,復勢里,15
八德路三段,199,7,9,復勢里,15
八德路三段,199,,8之1,復勢里,6
八德路三段,199,,8,復勢里,6
八德路三段,199,,9,復勢里,6
八德路三段,199,,10,復勢里,6
八德路三段,199,,10之1,復勢里,6
八德路三段,199,,11,復勢里,16
八德路三段,199,,12之1,復勢里,6
八德路三段,199,,12,復勢里,6
八德路三段,199,,13,復勢里,16
八德路三段,199,,15,復勢里,16
八德路三段,199,,17,復勢里,16
八德路三段,199,,19之2,復勢里,16
八德路三段,199,,19之3,復勢里,16
八德路三段,199,,19之4,復勢里,16
八德路三段,199,,19,復勢里,16
八德路三段,199,,19之1,復勢里,16
八德路三段,199,,19之5,復勢里,16
八德路三段,199,,21之1,復勢里,16
八德路三段,199,,21,復勢里,16
八德路三段,199,,21之2,復勢里,16
八德路三段,199,,21之3,復勢里,16
八德路三段,199,,21之4,復勢里,16
八德路三段,199,,23,復勢里,16
八德路三段,199,,25,復勢里,16
八德路三段,199,,27,復勢里,16
八德路三段,199,,29,復勢里,16
八德路三段,,,205,復勢里,13
八德路三段,,,207,復勢里,13
八德路三段,,,209,復勢里,13
八德路三段,,,211之1,復勢里,13
八德路三段,,,211,復勢里,13
八德路三段,,,211之2,復勢里,13
八德路三段,,,213之1,復勢里,13
八德路三段,,,213,復勢里,13
八德路三段,,,213之2,復勢里,13
八德路三段,,,215,復勢里,13
八德路三段,,,217,復勢里,13
八德路三段,,,219,復勢里,13
八德路三段,,,221之1,復勢里,13
八德路三段,,,221,復勢里,13
八德路三段,,,223,復勢里,13
八德路三段,,,225,復勢里,13
八德路三段,,,227,復勢里,13
八德路三段,,,229,復勢里,13
八德路三段,,,231,復勢里,13
八德路三段,,,233,復勢里,13
八德路三段,,,233之2,復勢里,13
八德路三段,,,233之1,復勢里,13
八德路三段,,,235,復勢里,13
八德路三段,,,237,復勢里,13
八德路三段,,,239,復勢里,13
八德路三段,,,241,復勢里,13
八德路三段,,,243,復勢里,13
八德路三段,,,245,復勢里,13
八德路三段,,,247,復勢里,13
八德路三段,,,249,復勢里,13
八德路三段,,,251,復勢里,13
光復北路,,,2,復勢里,14
光復北路,,,4,復勢里,14
光復北路,,,6,復勢里,14
光復北路,,,6之3,復勢里,14
光復北路,,,6之5,復勢里,14
光復北路,,,6之1,復勢里,14
光復北路,,,6之4,復勢里,14
光復北路,,,6之2,復勢里,14
光復北路,,,6之6,復勢里,14
光復北路,,,6之7,復勢里,14
光復北路,,,6之8,復勢里,14
光復北路,,,8,復勢里,14
光復北路,,,10,復勢里,14
光復北路,,,12,復勢里,13
光復北路,,,16,復勢里,13
光復北路,26,,3,復勢里,15
光復北路,26,,5,復勢里,15
光復北路,26,,7,復勢里,15
光復北路,26,,8,復勢里,14
光復北路,26,,9,復勢里,15
光復北路,26,,10,復勢里,14
光復北路,26,,11,復勢里,15
光復北路,26,,12,復勢里,14
光復北路,26,,14,復勢里,14
光復北路,26,,16,復勢里,14
光復北路,26,,18,復勢里,14
光復北路,26,,20,復勢里,14
光復北路,26,,22,復勢里,14
光復北路,,,28,復勢里,15
光復北路,,,30,復勢里,15
光復北路,,,32,復勢里,15
光復北路,,,34,復勢里,15
光復北路,,,36,復勢里,15
光復北路,,,38,復勢里,15
光復北路,,,42,復勢里,15
光復北路,,,46,復勢里,15
光復北路,,,48,復勢里,15
光復北路,60,3,2,復勢里,15
光復北路,60,3,6,復勢里,15
光復北路,60,3,8,復勢里,15
光復北路,60,3,10,復勢里,15
光復北路,60,,5,復勢里,15
光復北路,60,,7,復勢里,15
光復北路,60,,9,復勢里,15
光復北路,60,,11,復勢里,15
光復北路,60,,13,復勢里,15
光復北路,60,,15,復勢里,15
光復北路,60,,17,復勢里,15
光復北路,60,,19之11,復勢里,17
光復北路,60,,19之3,復勢里,17
光復北路,60,,19之4,復勢里,17
光復北路,60,,19之10,復勢里,17
光復北路,60,,19之1,復勢里,17
光復北路,60,,19,復勢里,15
光復北路,60,,19之2,復勢里,17
光復北路,60,,19之7,復勢里,17
光復北路,60,,19之5,復勢里,17
光復北路,60,,19之9,復勢里,17
光復北路,60,,19之6,復勢里,17
光復北路,60,,19之8,復勢里,17
光復北路,60,,20之1,復勢里,18
光復北路,60,,20,復勢里,18
光復北路,60,,21,復勢里,9
光復北路,60,,22,復勢里,9
光復北路,60,,23,復勢里,9
光復北路,60,,24,復勢里,9
光復北路,60,,25,復勢里,9
光復北路,60,,26,復勢里,9
光復北路,60,,27,復勢里,9
光復北路,60,,28,復勢里,9
光復北路,60,,29,復勢里,9
光復北路,60,,30,復勢里,9
光復北路,60,,31,復勢里,9
光復北路,60,,32,復勢里,9
光復北路,60,,33,復勢里,9
光復北路,60,,34,復勢里,9
光復北路,60,,35,復勢里,9
光復北路,60,,36,復勢里,9
光復北路,60,,37,復勢里,9
光復北路,60,,38,復勢里,9
光復北路,60,,39,復勢里,9
光復北路,60,,40,復勢里,9
光復北路,60,,41,復勢里,9
光復北路,60,,42,復勢里,9
光復北路,60,,43,復勢里,9
光復北路,60,,46,復勢里,9
光復北路,,,66,復勢里,18
光復北路,,,68,復勢里,18
光復北路,80,,1,復勢里,18
光復北路,80,,3,復勢里,18
光復北路,80,,12,復勢里,18
光復北路,80,,14,復勢里,18
光復北路,80,,16,復勢里,18
光復北路,80,,25,復勢里,18
光復北路,80,,27,復勢里,18
光復北路,80,,29,復勢里,18
光復北路,80,,31,復勢里,18
光復北路,80,,33,復勢里,18
光復北路,80,,35,復勢里,18
光復北路,80,,37,復勢里,18
光復北路,80,,39,復勢里,18
光復北路,80,,41,復勢里,18
光復北路,80,,43,復勢里,18
光復北路,,,82,復勢里,18
光復北路,,,96,復勢里,18
光復北路,,,98,復勢里,18
光復北路,100,,4,復勢里,19
光復北路,100,,5,復勢里,19
光復北路,100,,6,復勢里,19
光復北路,100,,7,復勢里,19
光復北路,100,,8,復勢里,19
光復北路,100,,10,復勢里,19
光復北路,100,,11,復勢里,19
光復北路,100,,12,復勢里,19
光復北路,100,,13,復勢里,19
光復北路,100,,14,復勢里,19
光復北路,100,,16,復勢里,19
光復北路,100,,18,復勢里,19
光復北路,100,,19,復勢里,19
光復北路,100,,20,復勢里,19
光復北路,100,,21,復勢里,19
光復北路,100,,22,復勢里,19
光復北路,100,,23,復勢里,19
光復北路,100,,24,復勢里,19
光復北路,100,,25,復勢里,19
光復北路,100,,26,復勢里,19
光復北路,100,,27,復勢里,19
光復北路,100,,29,復勢里,19
光復北路,100,,31,復勢里,19
光復北路,100,,33,復勢里,19
光復北路,,,102,復勢里,18
光復北路,,,112,復勢里,20
光復北路,120,,2,復勢里,20
光復北路,120,,5,復勢里,20
光復北路,120,,6,復勢里,20
光復北路,120,,7,復勢里,20
光復北路,120,,8,復勢里,20
光復北路,120,,14,復勢里,20
光復北路,120,,16,復勢里,20
光復北路,120,,17,復勢里,20
光復北路,120,,18,復勢里,20
光復北路,120,,19,復勢里,20
光復北路,120,,20,復勢里,20
光復北路,120,,22,復勢里,20
光復北路,120,,24,復勢里,20
光復北路,120,,26,復勢里,20
光復北路,120,,28,復勢里,20
光復北路,120,,29,復勢里,20
光復北路,120,,29之1,復勢里,20
光復北路,120,,30,復勢里,20
光復北路,120,,31,復勢里,20
光復北路,120,,32,復勢里,20
光復北路,120,,34,復勢里,20
南京東路四段,120,9,14,復勢里,12
南京東路四段,120,9,16,復勢里,12
南京東路四段,120,9,18,復勢里,12
南京東路四段,120,9,20,復勢里,12
南京東路四段,120,9,22,復勢里,12
南京東路四段,120,9,23,復勢里,12
南京東路四段,120,9,24,復勢里,12
南京東路四段,120,9,25,復勢里,12
南京東路四段,120,9,26,復勢里,12
南京東路四段,120,9,27,復勢里,12
南京東路四段,120,9,28,復勢里,12
南京東路四段,120,9,29,復勢里,12
南京東路四段,120,9,30,復勢里,12
南京東路四段,120,9,32,復勢里,12
南京東路四段,120,,11,復勢里,12
南京東路四段,120,19,6,復勢里,11
南京東路四段,120,19,8,復勢里,11
南京東路四段,120,19,10,復勢里,11
南京東路四段,120,19,11,復勢里,11
南京東路四段,120,19,12,復勢里,11
南京東路四段,120,19,13,復勢里,11
南京東路四段,120,19,14,復勢里,11
南京東路四段,120,19,15,復勢里,11
南京東路四段,120,19,16,復勢里,11
南京東路四段,120,19,17,復勢里,11
南京東路四段,120,19,18,復勢里,11
南京東路四段,120,19,19,復勢里,11
南京東路四段,120,19,20,復勢里,11
南京東路四段,120,19,21,復勢里,11
南京東路四段,120,19,22,復勢里,11
南京東路四段,120,19,23,復勢里,11
南京東路四段,120,19,24,復勢里,11
南京東路四段,120,19,25,復勢里,11
南京東路四段,120,19,27,復勢里,11
南京東路四段,120,,26,復勢里,3
南京東路四段,120,,27,復勢里,3
南京東路四段,120,,28,復勢里,3
南京東路四段,120,29,5,復勢里,10
南京東路四段,120,29,7,復勢里,10
南京東路四段,120,29,9,復勢里,10
南京東路四段,120,29,10,復勢里,10
南京東路四段,120,29,11,復勢里,10
南京東路四段,120,29,12,復勢里,10
南京東路四段,120,29,13,復勢里,10
南京東路四段,120,29,14,復勢里,10
南京東路四段,120,29,15,復勢里,10
南京東路四段,120,29,16,復勢里,10
南京東路四段,120,29,17,復勢里,10
南京東路四段,120,29,18,復勢里,10
南京東路四段,120,29,19,復勢里,10
南京東路四段,120,29,20,復勢里,10
南京東路四段,120,29,21,復勢里,10
南京東路四段,120,29,22,復勢里,10
南京東路四段,120,29,23,復勢里,10
南京東路四段,120,29,24,復勢里,10
南京東路四段,120,29,25,復勢里,10
南京東路四段,120,29,26,復勢里,10
南京東路四段,120,29,27,復勢里,10
南京東路四段,120,29,28,復勢里,10
南京東路四段,120,29,29,復勢里,10
南京東路四段,120,29,30,復勢里,10
南京東路四段,120,29,32,復勢里,10
南京東路四段,120,,30,復勢里,3
南京東路四段,120,,31,復勢里,10
南京東路四段,120,,32,復勢里,3
南京東路四段,,,126,復勢里,12
南京東路四段,,,130,復勢里,12
南京東路四段,,,132,復勢里,12
南京東路四段,,,150,復勢里,12
南京東路四段,,,152,復勢里,12
南京東路四段,,,156,復勢里,12
南京東路四段,158,,1,復勢里,12
南京東路四段,158,,3,復勢里,12
南京東路四段,158,,6,復勢里,20
南京東路四段,158,,8,復勢里,20
南京東路四段,158,,9,復勢里,11
南京東路四段,,,160之1,復勢里,21
南京東路四段,,,160,復勢里,21
南京東路四段,,,162,復勢里,21
南京東路四段,,,162之1,復勢里,21
南京東路四段,,,164,復勢里,21
南京東路四段,,,166,復勢里,21
南京東路四段,,,168,復勢里,21
南京東路四段,,,170,復勢里,21
南京東路四段,,,172,復勢里,21
南京東路四段,,,174,復勢里,21
南京東路四段,,,176,復勢里,21
南京東路四段,,,178,復勢里,21
南京東路四段,,,180,復勢里,21
南京東路四段,,,182,復勢里,21
南京東路四段,,,186之1,復勢里,21
南京東路四段,,,186,復勢里,21
寧安街,1,,1,復勢里,2
寧安街,1,,2,復勢里,2
寧安街,1,,3,復勢里,2
寧安街,1,,4,復勢里,2
寧安街,1,,5,復勢里,2
寧安街,1,,6,復勢里,2
寧安街,1,,7,復勢里,2
寧安街,1,,8,復勢里,2
寧安街,1,,9,復勢里,2
寧安街,1,,10,復勢里,2
寧安街,1,,11,復勢里,2
寧安街,1,,12,復勢里,2
寧安街,3,,1,復勢里,2
寧安街,3,,2,復勢里,2
寧安街,3,,3,復勢里,2
寧安街,3,,4,復勢里,2
寧安街,3,,5,復勢里,2
寧安街,3,,6,復勢里,2
寧安街,3,,7,復勢里,2
寧安街,3,,8,復勢里,2
寧安街,3,,9,復勢里,2
寧安街,3,,10,復勢里,2
寧安街,3,,11,復勢里,2
寧安街,3,,12,復勢里,2
寧安街,5,,1,復勢里,3
寧安街,5,,2,復勢里,3
寧安街,5,,3,復勢里,3
寧安街,5,,4,復勢里,3
寧安街,5,,5,復勢里,3
寧安街,,,5之1,復勢里,3
寧安街,5,,6,復勢里,3
寧安街,5,,7,復勢里,3
寧安街,5,,8,復勢里,3
寧安街,5,,10,復勢里,3
寧安街,5,,12,復勢里,3
寧安街,7,,1,復勢里,3
寧安街,7,,2,復勢里,3
寧安街,7,,3,復勢里,3
寧安街,7,,4,復勢里,3
寧安街,7,,5,復勢里,3
寧安街,7,,6,復勢里,3
寧安街,7,,7,復勢里,3
寧安街,7,,8,復勢里,3
寧安街,9,,2,復勢里,3
寧安街,9,,4,復勢里,3
寧安街,9,,6,復勢里,3
寧安街,9,,8,復勢里,3
八德路三段,106,,21,復源里,1
八德路三段,106,,23,復源里,1
八德路三段,106,,25,復源里,1
八德路三段,106,,27,復源里,1
八德路三段,106,,29,復源里,1
八德路三段,106,,31,復源里,1
八德路三段,106,,33,復源里,1
八德路三段,106,,43,復源里,5
八德路三段,106,,45之1,復源里,5
八德路三段,106,,45,復源里,5
八德路三段,106,,46之1,復源里,3
八德路三段,106,,46之2,復源里,3
八德路三段,106,,46之3,復源里,3
八德路三段,106,,46,復源里,3
八德路三段,106,,48,復源里,3
八德路三段,106,,50,復源里,3
八德路三段,106,,52,復源里,3
八德路三段,106,,54,復源里,3
八德路三段,106,,55,復源里,10
八德路三段,106,,56,復源里,3
八德路三段,106,,57,復源里,8
八德路三段,106,,58,復源里,3
八德路三段,106,,59,復源里,8
八德路三段,106,,60,復源里,3
八德路三段,106,,61,復源里,8
八德路三段,106,,62,復源里,3
八德路三段,106,,63,復源里,8
八德路三段,106,,65,復源里,8
八德路三段,106,,65之1,復源里,8
八德路三段,106,,66,復源里,3
八德路三段,106,,67,復源里,8
八德路三段,106,,68,復源里,3
八德路三段,106,,69,復源里,8
八德路三段,106,,70,復源里,3
八德路三段,106,,72,復源里,3
八德路三段,106,,74,復源里,3
八德路三段,106,,76,復源里,3
八德路三段,106,,78之1,復源里,3
八德路三段,106,,78,復源里,3
八德路三段,106,,86,復源里,3
八德路三段,106,,88,復源里,3
八德路三段,106,,90,復源里,3
八德路三段,106,,92,復源里,3
八德路三段,106,,94,復源里,3
八德路三段,106,,96,復源里,4
八德路三段,106,,98,復源里,4
八德路三段,106,,100,復源里,4
八德路三段,106,,102,復源里,4
八德路三段,106,,104,復源里,4
八德路三段,106,,106,復源里,4
八德路三段,106,,108,復源里,4
八德路三段,106,,110,復源里,4
八德路三段,106,,112,復源里,4
八德路三段,106,,114,復源里,4
八德路三段,106,,116,復源里,4
八德路三段,106,,118,復源里,4
八德路三段,106,,120,復源里,4
八德路三段,,,124,復源里,11
八德路三段,,,126,復源里,11
八德路三段,,,128,復源里,11
八德路三段,,,130,復源里,11
八德路三段,,,132,復源里,11
八德路三段,,,134,復源里,11
八德路三段,,,136,復源里,11
八德路三段,,,138,復源里,11
八德路三段,,,140,復源里,11
八德路三段,,,142,復源里,11
八德路三段,,,144,復源里,11
八德路三段,,,146,復源里,11
八德路三段,,,148,復源里,11
八德路三段,,,150,復源里,11
八德路三段,,,152,復源里,11
八德路三段,,,154,復源里,11
八德路三段,,,156,復源里,11
八德路三段,158,2,2,復源里,11
八德路三段,158,,4之4,復源里,11
八德路三段,158,,4,復源里,11
八德路三段,158,,6,復源里,11
八德路三段,158,,6之4,復源里,11
八德路三段,158,8,1,復源里,11
八德路三段,158,8,3,復源里,11
八德路三段,158,8,5,復源里,11
八德路三段,158,8,7,復源里,11
八德路三段,158,8,8,復源里,11
八德路三段,158,8,9,復源里,11
八德路三段,158,8,10,復源里,12
八德路三段,158,8,12,復源里,12
八德路三段,158,8,16,復源里,12
八德路三段,158,8,18,復源里,12
八德路三段,158,8,20,復源里,12
八德路三段,158,8,22,復源里,12
八德路三段,158,8,24,復源里,12
八德路三段,158,8,26,復源里,12
八德路三段,158,8,28之2,復源里,12
八德路三段,158,8,28,復源里,12
八德路三段,158,8,28之1,復源里,12
八德路三段,158,8,28之5,復源里,12
八德路三段,158,8,28之3,復源里,12
八德路三段,158,8,28之4,復源里,12
八德路三段,158,8,30,復源里,12
八德路三段,158,,10,復源里,11
八德路三段,158,,12,復源里,11
八德路三段,158,,14,復源里,11
八德路三段,158,,16,復源里,11
八德路三段,158,,18,復源里,11
八德路三段,158,20,1,復源里,2
八德路三段,158,20,1之1,復源里,2
八德路三段,158,20,1之2,復源里,2
八德路三段,158,20,1之3,復源里,2
八德路三段,158,20,3,復源里,2
八德路三段,158,20,5,復源里,2
八德路三段,158,20,6,復源里,11
八德路三段,158,20,7,復源里,2
八德路三段,158,20,9,復源里,2
八德路三段,158,20,10,復源里,12
八德路三段,158,20,11,復源里,2
八德路三段,158,20,12,復源里,12
八德路三段,158,20,13,復源里,2
八德路三段,158,20,14,復源里,12
八德路三段,158,20,15,復源里,2
八德路三段,158,20,16,復源里,12
八德路三段,158,20,17,復源里,2
八德路三段,158,20,18,復源里,12
八德路三段,158,20,19,復源里,2
八德路三段,158,20,20,復源里,12
八德路三段,158,20,21,復源里,2
八德路三段,158,20,22,復源里,12
八德路三段,158,20,23,復源里,2
八德路三段,158,20,24,復源里,12
八德路三段,158,20,25,復源里,2
八德路三段,158,20,26,復源里,12
八德路三段,158,20,27,復源里,2
八德路三段,158,20,28,復源里,12
八德路三段,158,20,30,復源里,12
八德路三段,158,20,34,復源里,13
八德路三段,158,20,36,復源里,13
八德路三段,158,20,38,復源里,13
八德路三段,158,20,40,復源里,13
八德路三段,158,20,42,復源里,13
八德路三段,158,20,46,復源里,13
八德路三段,158,20,48,復源里,13
八德路三段,158,20,50,復源里,13
八德路三段,158,20,52,復源里,13
八德路三段,158,20,54之1,復源里,12
八德路三段,158,20,54,復源里,12
八德路三段,158,20,56,復源里,12
八德路三段,158,,22,復源里,1
八德路三段,158,,46,復源里,5
八德路三段,158,,50,復源里,5
八德路三段,158,,52,復源里,5
八德路三段,158,,60,復源里,10
八德路三段,158,,64,復源里,7
八德路三段,158,,66,復源里,7
八德路三段,158,,68,復源里,8
八德路三段,158,,70,復源里,8
八德路三段,158,,72,復源里,8
市民大道四段,,,247,復源里,4
市民大道四段,,,249,復源里,4
市民大道四段,,,251,復源里,4
市民大道四段,,,253,復源里,4
市民大道四段,,,257,復源里,7
市民大道四段,,,259,復源里,7
市民大道四段,,,261,復源里,7
市民大道四段,,,263,復源里,7
市民大道四段,,,265,復源里,7
市民大道四段,,,267,復源里,7
市民大道四段,,,269,復源里,7
市民大道四段,,,271,復源里,7
市民大道四段,,,275,復源里,7
光復南路,22,,33,復源里,1
光復南路,22,,35,復源里,1
光復南路,22,,37,復源里,1
光復南路,22,,39,復源里,1
光復南路,22,,40,復源里,14
光復南路,22,,41,復源里,1
光復南路,22,,42,復源里,14
光復南路,22,,43,復源里,1
光復南路,22,,44,復源里,14
光復南路,22,,45,復源里,1
光復南路,22,,46,復源里,14
光復南路,22,,47,復源里,1
光復南路,32,,29,復源里,14
光復南路,32,,31,復源里,14
光復南路,32,,33,復源里,14
光復南路,32,,35,復源里,14
光復南路,32,,38,復源里,5
光復南路,32,,40之2,復源里,5
光復南路,32,,40之3,復源里,5
光復南路,32,,40之1,復源里,5
光復南路,32,,40,復源里,5
光復南路,32,,42,復源里,5
光復南路,32,,44之3,復源里,5
光復南路,32,,44,復源里,5
光復南路,32,,44之5,復源里,5
光復南路,32,,44之1,復源里,5
光復南路,32,,44之2,復源里,5
光復南路,32,,44之4,復源里,5
光復南路,32,,44之6,復源里,5
光復南路,32,,46之1,復源里,5
光復南路,32,,46,復源里,5
光復南路,32,,46之3,復源里,5
光復南路,32,,46之4,復源里,5
光復南路,46,,32,復源里,6
光復南路,46,,34,復源里,6
光復南路,46,,34之2,復源里,6
光復南路,46,,34之3,復源里,6
光復南路,46,,34之4,復源里,6
光復南路,46,,34之1,復源里,6
光復南路,46,,35之1,復源里,6
光復南路,46,,35,復源里,6
光復南路,46,,36之2,復源里,6
光復南路,46,,36,復源里,6
光復南路,46,,37之1,復源里,6
光復南路,46,,39,復源里,6
光復南路,46,,41之1,復源里,6
光復南路,46,,41,復源里,6
光復南路,46,,43之3,復源里,6
光復南路,46,,43之1,復源里,6
光復南路,46,,43,復源里,6
光復南路,46,,43之2,復源里,6
光復南路,46,,51,復源里,6
光復南路,46,,53,復源里,6
光復南路,58,,28,復源里,9
光復南路,58,,29,復源里,10
光復南路,58,,30,復源里,9
光復南路,58,,31,復源里,10
光復南路,58,,32,復源里,9
光復南路,58,,33,復源里,10
光復南路,58,,34,復源里,9
光復南路,58,,35,復源里,10
光復南路,58,,36,復源里,9
光復南路,58,,37之1,復源里,10
光復南路,58,,37,復源里,10
光復南路,58,,38,復源里,9
光復南路,58,,40,復源里,9
光復南路,58,,42,復源里,9
光復南路,58,,44,復源里,9
光復南路,58,,46,復源里,9
光復南路,58,,48,復源里,9
光復南路,58,,50,復源里,9
光復南路,66,,56,復源里,7
光復南路,66,,58,復源里,7
光復南路,66,,60,復源里,7
光復南路,66,,62,復源里,7
光復南路,66,,64,復源里,7
光復南路,66,,66,復源里,7
光復南路,66,,68,復源里,7
光復南路,66,,70,復源里,7
光復南路,66,,72,復源里,7
光復南路,66,,74,復源里,7
光復南路,66,,75,復源里,8
光復南路,66,,76,復源里,7
光復南路,66,,77,復源里,8
光復南路,66,,78,復源里,7
光復南路,66,,79,復源里,8
光復南路,66,,81,復源里,8
光復南路,66,,83,復源里,8
光復南路,66,,85,復源里,8
光復南路,66,,87,復源里,8
光復南路,66,,89,復源里,8
光復南路,66,,91,復源里,8
光復南路,66,,93,復源里,8
光復南路,66,,95,復源里,8
光復南路,66,,97,復源里,8
光復南路,66,,99,復源里,8
光復南路,66,,101,復源里,8
八德路三段,,,2之1,敦化里,1
八德路三段,,,2,敦化里,1
八德路三段,,,2之2,敦化里,1
八德路三段,8,,3,敦化里,1
八德路三段,8,,5,敦化里,1
八德路三段,8,,21,敦化里,7
八德路三段,8,,23,敦化里,7
八德路三段,8,,25,敦化里,7
八德路三段,8,,29,敦化里,8
八德路三段,8,,31,敦化里,8
八德路三段,8,,37,敦化里,10
八德路三段,8,,50,敦化里,13
八德路三段,8,,52,敦化里,13
八德路三段,,,10之1,敦化里,3
八德路三段,,,10,敦化里,3
八德路三段,,,10之2,敦化里,3
八德路三段,12,4,1,敦化里,3
八德路三段,12,4,3之1,敦化里,3
八德路三段,12,4,3,敦化里,3
八德路三段,12,4,5,敦化里,3
八德路三段,12,4,5之1,敦化里,3
八德路三段,12,4,7,敦化里,3
八德路三段,12,4,9,敦化里,3
八德路三段,12,4,11,敦化里,3
八德路三段,12,4,13,敦化里,3
八德路三段,12,4,15,敦化里,3
八德路三段,12,5,2,敦化里,15
八德路三段,12,5,6,敦化里,15
八德路三段,12,5,8,敦化里,15
八德路三段,12,5,10,敦化里,15
八德路三段,12,5,14,敦化里,15
八德路三段,12,5,15,敦化里,15
八德路三段,12,5,16,敦化里,15
八德路三段,12,5,17,敦化里,15
八德路三段,12,5,18,敦化里,15
八德路三段,12,5,20,敦化里,15
八德路三段,12,5,22,敦化里,15
八德路三段,12,5,24,敦化里,15
八德路三段,12,5,26,敦化里,15
八德路三段,12,5,28,敦化里,15
八德路三段,12,5,30,敦化里,15
八德路三段,12,5,33,敦化里,15
八德路三段,12,5,38,敦化里,15
八德路三段,12,5,40,敦化里,15
八德路三段,12,5,42,敦化里,15
八德路三段,12,5,44,敦化里,15
八德路三段,12,5,45,敦化里,15
八德路三段,12,5,46,敦化里,15
八德路三段,12,5,47,敦化里,15
八德路三段,12,5,48,敦化里,15
八德路三段,12,,6,敦化里,3
八德路三段,12,,6之1,敦化里,3
八德路三段,12,7,1,敦化里,17
八德路三段,12,7,2,敦化里,17
八德路三段,12,7,3,敦化里,17
八德路三段,12,7,4,敦化里,17
八德路三段,12,7,5,敦化里,17
八德路三段,12,7,6,敦化里,17
八德路三段,12,7,7,敦化里,17
八德路三段,12,7,8,敦化里,17
八德路三段,12,7,9,敦化里,17
八德路三段,12,7,10,敦化里,17
八德路三段,12,7,12,敦化里,17
八德路三段,12,7,14,敦化里,17
八德路三段,12,7,20,敦化里,18
八德路三段,12,7,21,敦化里,18
八德路三段,12,7,22,敦化里,18
八德路三段,12,7,24,敦化里,18
八德路三段,12,7,26,敦化里,18
八德路三段,12,7,27,敦化里,18
八德路三段,12,7,28,敦化里,18
八德路三段,12,7,29,敦化里,18
八德路三段,12,7,30,敦化里,18
八德路三段,12,7,31,敦化里,18
八德路三段,12,7,32,敦化里,18
八德路三段,12,7,33,敦化里,18
八德路三段,12,7,35,敦化里,18
八德路三段,12,7,37,敦化里,18
八德路三段,12,,8,敦化里,4
八德路三段,12,,9,敦化里,19
八德路三段,12,,10,敦化里,4
八德路三段,12,,11,敦化里,19
八德路三段,12,,12,敦化里,4
八德路三段,12,,13,敦化里,19
八德路三段,12,,14,敦化里,4
八德路三段,12,,15之1,敦化里,19
八德路三段,12,,15,敦化里,19
八德路三段,12,16,1,敦化里,5
八德路三段,12,16,2,敦化里,4
八德路三段,12,16,3,敦化里,5
八德路三段,12,16,4,敦化里,4
八德路三段,12,16,5,敦化里,5
八德路三段,12,16,6之1,敦化里,4
八德路三段,12,16,6,敦化里,4
八德路三段,12,16,7,敦化里,5
八德路三段,12,16,8,敦化里,4
八德路三段,12,16,9,敦化里,5
八德路三段,12,16,10,敦化里,4
八德路三段,12,16,12,敦化里,4
八德路三段,12,16,13,敦化里,5
八德路三段,12,16,15,敦化里,5
八德路三段,12,,16,敦化里,4
八德路三段,12,16,16,敦化里,4
八德路三段,12,16,17,敦化里,5
八德路三段,12,16,19,敦化里,5
八德路三段,12,16,21,敦化里,5
八德路三段,12,17,1,敦化里,19
八德路三段,12,17,2,敦化里,20
八德路三段,12,17,3,敦化里,19
八德路三段,12,17,4,敦化里,20
八德路三段,12,17,5,敦化里,19
八德路三段,12,17,6,敦化里,20
八德路三段,12,17,7,敦化里,19
八德路三段,12,17,8,敦化里,20
八德路三段,12,17,9,敦化里,19
八德路三段,12,17,10,敦化里,20
八德路三段,12,17,11,敦化里,19
八德路三段,12,17,12,敦化里,20
八德路三段,12,17,13,敦化里,19
八德路三段,12,17,14,敦化里,20
八德路三段,12,17,15,敦化里,19
八德路三段,12,17,16,敦化里,20
八德路三段,12,17,17,敦化里,19
八德路三段,12,17,18,敦化里,20
八德路三段,12,17,19,敦化里,19
八德路三段,12,17,20,敦化里,20
八德路三段,12,17,21,敦化里,19
八德路三段,12,17,22,敦化里,20
八德路三段,12,17,23,敦化里,19
八德路三段,12,17,24,敦化里,20
八德路三段,12,17,25,敦化里,19
八德路三段,12,17,26,敦化里,20
八德路三段,12,17,27,敦化里,19
八德路三段,12,17,29,敦化里,19
八德路三段,12,17,31,敦化里,19
八德路三段,12,17,33,敦化里,19
八德路三段,12,17,35之1,敦化里,29
八德路三段,12,17,35之2,敦化里,29
八德路三段,12,17,35之3,敦化里,29
八德路三段,12,17,35之4,敦化里,29
八德路三段,12,17,35,敦化里,19
八德路三段,12,17,37之1,敦化里,29
八德路三段,12,17,37,敦化里,29
八德路三段,12,17,39,敦化里,29
八德路三段,12,17,41,敦化里,29
八德路三段,12,17,41之1,敦化里,29
八德路三段,12,,19,敦化里,20
八德路三段,12,20,1,敦化里,6
八德路三段,12,20,3,敦化里,6
八德路三段,12,20,5,敦化里,6
八德路三段,12,20,6,敦化里,7
八德路三段,12,20,7,敦化里,6
八德路三段,12,20,8,敦化里,7
八德路三段,12,20,9,敦化里,6
八德路三段,12,20,10,敦化里,7
八德路三段,12,20,11,敦化里,6
八德路三段,12,20,12,敦化里,7
八德路三段,12,20,13,敦化里,6
八德路三段,12,20,14,敦化里,7
八德路三段,12,20,15,敦化里,6
八德路三段,12,20,16,敦化里,7
八德路三段,12,20,17,敦化里,6
八德路三段,12,20,18,敦化里,7
八德路三段,12,20,19,敦化里,6
八德路三段,12,,21,敦化里,20
八德路三段,12,51,1,敦化里,21
八德路三段,12,51,2,敦化里,22
八德路三段,12,51,3,敦化里,21
八德路三段,12,51,5,敦化里,21
八德路三段,12,51,6,敦化里,22
八德路三段,12,51,7,敦化里,21
八德路三段,12,51,9,敦化里,21
八德路三段,12,51,10,敦化里,22
八德路三段,12,51,11,敦化里,21
八德路三段,12,51,12,敦化里,22
八德路三段,12,51,15,敦化里,21
八德路三段,12,51,16,敦化里,22
八德路三段,12,51,17,敦化里,21
八德路三段,12,51,19,敦化里,21
八德路三段,12,51,20,敦化里,22
八德路三段,12,51,21,敦化里,21
八德路三段,12,51,22之1,敦化里,22
八德路三段,12,51,22,敦化里,22
八德路三段,12,51,23,敦化里,21
八德路三段,12,51,24,敦化里,22
八德路三段,12,51,25,敦化里,21
八德路三段,12,51,27,敦化里,21
八德路三段,12,51,30,敦化里,22
八德路三段,12,51,31,敦化里,21
八德路三段,12,51,32,敦化里,22
八德路三段,12,51,33,敦化里,21
八德路三段,12,51,33之3,敦化里,21
八德路三段,12,51,34,敦化里,22
八德路三段,12,51,35,敦化里,30
八德路三段,12,51,36,敦化里,22
八德路三段,12,51,37,敦化里,30
八德路三段,12,51,44,敦化里,16
八德路三段,12,51,44之1,敦化里,16
八德路三段,12,51,44之2,敦化里,16
八德路三段,12,51,46,敦化里,16
八德路三段,12,51,48,敦化里,16
八德路三段,12,51,50,敦化里,16
八德路三段,12,52,1,敦化里,9
八德路三段,12,52,2之1,敦化里,8
八德路三段,12,52,2,敦化里,8
八德路三段,12,52,3,敦化里,9
八德路三段,12,52,4,敦化里,8
八德路三段,12,52,5,敦化里,9
八德路三段,12,52,6,敦化里,8
八德路三段,12,52,7,敦化里,9
八德路三段,12,52,8,敦化里,8
八德路三段,12,52,9,敦化里,9
八德路三段,12,52,10,敦化里,8
八德路三段,12,52,11,敦化里,9
八德路三段,12,52,12,敦化里,8
八德路三段,12,52,13,敦化里,9
八德路三段,12,52,14,敦化里,8
八德路三段,12,52,15,敦化里,9
八德路三段,12,52,16,敦化里,8
八德路三段,12,52,18,敦化里,8
八德路三段,12,52,28,敦化里,9
八德路三段,12,52,30,敦化里,9
八德路三段,12,52,34,敦化里,9
八德路三段,12,53,1,敦化里,23
八德路三段,12,53,1之1,敦化里,23
八德路三段,12,53,3,敦化里,23
八德路三段,12,53,4,敦化里,24
八德路三段,12,53,5,敦化里,23
八德路三段,12,53,6,敦化里,24
八德路三段,12,53,7,敦化里,23
八德路三段,12,53,8,敦化里,24
八德路三段,12,53,10,敦化里,24
八德路三段,12,53,12,敦化里,24
八德路三段,12,53,14,敦化里,24
八德路三段,12,53,15,敦化里,23
八德路三段,12,53,16,敦化里,24
八德路三段,12,53,17,敦化里,23
八德路三段,12,53,18,敦化里,24
八德路三段,12,53,19,敦化里,23
八德路三段,12,53,20,敦化里,24
八德路三段,12,53,21,敦化里,23
八德路三段,12,53,22,敦化里,24
八德路三段,12,53,23,敦化里,23
八德路三段,12,53,24,敦化里,24
八德路三段,12,53,25,敦化里,23
八德路三段,12,53,26,敦化里,24
八德路三段,12,53,27,敦化里,23
八德路三段,12,53,28,敦化里,24
八德路三段,12,53,29,敦化里,23
八德路三段,12,53,30,敦化里,24
八德路三段,12,53,32,敦化里,24
八德路三段,12,53,34,敦化里,24
八德路三段,12,53,36,敦化里,24
八德路三段,12,53,38,敦化里,24
八德路三段,12,,55之16,敦化里,25
八德路三段,12,,55,敦化里,24
八德路三段,12,,55之3,敦化里,24
八德路三段,12,,55之1,敦化里,24
八德路三段,12,,55之20,敦化里,25
八德路三段,12,,55之2,敦化里,24
八德路三段,12,,55之21,敦化里,25
八德路三段,12,,55之19,敦化里,25
八德路三段,12,,55之11,敦化里,25
八德路三段,12,,55之15,敦化里,25
八德路三段,12,,55之4,敦化里,24
八德路三段,12,,55之12,敦化里,25
八德路三段,12,,55之17,敦化里,25
八德路三段,12,,55之18,敦化里,25
八德路三段,12,,55之14,敦化里,25
八德路三段,12,,55之10,敦化里,24
八德路三段,12,,55之13,敦化里,25
八德路三段,12,,55之7,敦化里,24
八德路三段,12,,55之6,敦化里,24
八德路三段,12,,55之5,敦化里,24
八德路三段,12,,55之9,敦化里,24
八德路三段,12,,55之8,敦化里,24
八德路三段,12,57,2之1,敦化里,27
八德路三段,12,57,2,敦化里,27
八德路三段,12,57,3,敦化里,25
八德路三段,12,57,4,敦化里,27
八德路三段,12,57,5,敦化里,25
八德路三段,12,57,6,敦化里,27
八德路三段,12,57,7,敦化里,25
八德路三段,12,57,8,敦化里,27
八德路三段,12,57,9,敦化里,25
八德路三段,12,57,10,敦化里,27
八德路三段,12,57,11,敦化里,25
八德路三段,12,57,12,敦化里,27
八德路三段,12,57,13,敦化里,25
八德路三段,12,57,14,敦化里,27
八德路三段,12,57,15,敦化里,25
八德路三段,12,57,16,敦化里,27
八德路三段,12,57,17,敦化里,25
八德路三段,12,57,18,敦化里,27
八德路三段,12,57,19,敦化里,25
八德路三段,12,57,20,敦化里,27
八德路三段,12,57,21,敦化里,26
八德路三段,12,57,22,敦化里,27
八德路三段,12,57,23,敦化里,26
八德路三段,12,57,25,敦化里,26
八德路三段,12,57,27,敦化里,26
八德路三段,12,57,29,敦化里,26
八德路三段,12,57,31,敦化里,26
八德路三段,12,57,32,敦化里,27
八德路三段,12,57,33,敦化里,26
八德路三段,12,57,34,敦化里,27
八德路三段,12,57,35,敦化里,26
八德路三段,12,57,36,敦化里,27
八德路三段,12,57,37,敦化里,26
八德路三段,12,57,38,敦化里,27
八德路三段,12,57,39之1,敦化里,26
八德路三段,12,57,39之2,敦化里,26
八德路三段,12,57,39之3,敦化里,26
八德路三段,12,57,39,敦化里,26
八德路三段,12,57,39之5,敦化里,26
八德路三段,12,57,40之3,敦化里,16
八德路三段,12,57,40,敦化里,16
八德路三段,12,57,40之1,敦化里,16
八德路三段,12,57,40之2,敦化里,16
八德路三段,12,57,40之5,敦化里,16
八德路三段,12,57,41,敦化里,26
八德路三段,12,57,40之7,敦化里,16
八德路三段,12,57,40之6,敦化里,16
八德路三段,12,57,42,敦化里,16
八德路三段,12,,59,敦化里,25
八德路三段,12,,60,敦化里,10
八德路三段,12,,61,敦化里,25
八德路三段,12,62,1,敦化里,10
八德路三段,12,62,2,敦化里,10
八德路三段,12,62,3,敦化里,10
八德路三段,12,62,4,敦化里,10
八德路三段,12,62,5,敦化里,10
八德路三段,12,62,6,敦化里,10
八德路三段,12,62,7,敦化里,10
八德路三段,12,62,8,敦化里,10
八德路三段,12,62,9,敦化里,10
八德路三段,12,62,10,敦化里,10
八德路三段,12,62,11,敦化里,10
八德路三段,12,62,13,敦化里,10
八德路三段,12,62,15,敦化里,10
八德路三段,12,63,2,敦化里,28
八德路三段,12,63,8,敦化里,28
八德路三段,12,63,10,敦化里,28
八德路三段,12,63,11,敦化里,27
八德路三段,12,63,13,敦化里,27
八德路三段,12,63,15,敦化里,27
八德路三段,12,63,17,敦化里,27
八德路三段,12,63,23,敦化里,27
八德路三段,12,63,25,敦化里,27
八德路三段,12,63,26,敦化里,28
八德路三段,12,63,27,敦化里,27
八德路三段,12,63,28,敦化里,28
八德路三段,12,63,29,敦化里,27
八德路三段,12,63,30,敦化里,28
八德路三段,12,63,31,敦化里,27
八德路三段,12,63,32,敦化里,28
八德路三段,12,63,33,敦化里,27
八德路三段,12,63,34,敦化里,28
八德路三段,12,63,35,敦化里,27
八德路三段,12,63,36,敦化里,28
八德路三段,12,63,37,敦化里,27
八德路三段,12,63,38,敦化里,28
八德路三段,12,63,39,敦化里,27
八德路三段,12,63,40,敦化里,28
八德路三段,12,63,41,敦化里,27
八德路三段,12,,65,敦化里,25
八德路三段,12,66,1,敦化里,11
八德路三段,12,66,2,敦化里,11
八德路三段,12,66,3之1,敦化里,11
八德路三段,12,66,3,敦化里,11
八德路三段,12,66,4,敦化里,11
八德路三段,12,66,5,敦化里,11
八德路三段,12,66,6,敦化里,11
八德路三段,12,66,8,敦化里,11
八德路三段,12,66,10,敦化里,11
八德路三段,12,66,12,敦化里,11
八德路三段,12,66,14,敦化里,11
八德路三段,12,66,15,敦化里,11
八德路三段,12,66,16,敦化里,11
八德路三段,12,66,17,敦化里,11
八德路三段,12,66,18,敦化里,11
八德路三段,12,66,20,敦化里,11
八德路三段,12,66,21,敦化里,11
八德路三段,12,66,22,敦化里,11
八德路三段,12,66,23,敦化里,11
八德路三段,12,66,24,敦化里,11
八德路三段,12,66,25,敦化里,11
八德路三段,12,66,26,敦化里,11
八德路三段,12,66,28,敦化里,11
八德路三段,12,66,30,敦化里,11
八德路三段,12,66,32,敦化里,11
八德路三段,12,,68,敦化里,12
八德路三段,12,70,1,敦化里,12
八德路三段,12,70,2,敦化里,12
八德路三段,12,70,3,敦化里,12
八德路三段,12,70,4,敦化里,12
八德路三段,12,70,5,敦化里,12
八德路三段,12,70,6,敦化里,12
八德路三段,12,70,8,敦化里,12
八德路三段,12,70,10,敦化里,12
八德路三段,12,70,12,敦化里,12
八德路三段,12,70,14,敦化里,12
八德路三段,12,70,15,敦化里,12
八德路三段,12,70,16,敦化里,12
八德路三段,12,70,17,敦化里,12
八德路三段,12,70,18,敦化里,12
八德路三段,12,70,19,敦化里,12
八德路三段,12,,74,敦化里,13
八德路三段,12,,76,敦化里,13
八德路三段,,,20之1,敦化里,14
八德路三段,,,20,敦化里,14
八德路三段,,,20之2,敦化里,14
八德路三段,,,30,敦化里,14
八德路三段,,,32,敦化里,14
八德路三段,,,34,敦化里,14
八德路三段,,,36,敦化里,14
八德路三段,74,,2,敦化里,14
八德路三段,74,,6,敦化里,14
八德路三段,74,,8,敦化里,14
八德路三段,74,,10,敦化里,14
八德路三段,74,,12,敦化里,14
八德路三段,74,14,1,敦化里,29
八德路三段,74,14,3,敦化里,29
八德路三段,74,14,5,敦化里,29
八德路三段,74,14,9,敦化里,29
八德路三段,74,14,10,敦化里,14
八德路三段,74,14,11,敦化里,29
八德路三段,74,14,12,敦化里,14
八德路三段,74,14,13,敦化里,29
八德路三段,74,14,14,敦化里,14
八德路三段,74,14,15之1,敦化里,29
八德路三段,74,14,15,敦化里,29
八德路三段,74,14,16,敦化里,14
八德路三段,74,14,17,敦化里,29
八德路三段,74,14,18,敦化里,14
八德路三段,74,14,19,敦化里,29
八德路三段,74,14,20,敦化里,14
八德路三段,74,14,21,敦化里,29
八德路三段,74,14,22,敦化里,14
八德路三段,74,14,23,敦化里,29
八德路三段,74,14,25,敦化里,29
八德路三段,74,14,27,敦化里,29
八德路三段,74,14,29,敦化里,29
八德路三段,74,14,31,敦化里,29
八德路三段,74,14,33,敦化里,29
八德路三段,74,14,35,敦化里,29
八德路三段,74,14,37,敦化里,29
八德路三段,74,14,37之1,敦化里,29
八德路三段,74,14,39,敦化里,29
八德路三段,74,14,43,敦化里,29
八德路三段,74,,16,敦化里,30
八德路三段,74,,18,敦化里,30
八德路三段,74,,20,敦化里,30
八德路三段,74,,22,敦化里,30
八德路三段,74,,24,敦化里,30
八德路三段,74,,26,敦化里,30
八德路三段,74,,28,敦化里,30
八德路三段,74,,30,敦化里,30
八德路三段,74,,32,敦化里,30
八德路三段,74,,34,敦化里,30
八德路三段,74,,36,敦化里,30
八德路三段,74,,38,敦化里,30
八德路三段,74,,40,敦化里,30
八德路三段,74,,42,敦化里,30
八德路三段,74,,44,敦化里,30
八德路三段,74,,46,敦化里,30
八德路三段,74,,48,敦化里,30
八德路三段,74,,50,敦化里,30
八德路三段,74,,52,敦化里,30
八德路三段,74,,54,敦化里,30
八德路三段,74,,56,敦化里,30
八德路三段,74,,58,敦化里,30
八德路三段,74,,60,敦化里,30
八德路三段,74,,62,敦化里,30
八德路三段,74,,64之1,敦化里,30
八德路三段,74,,64,敦化里,30
八德路三段,74,,66,敦化里,30
八德路三段,74,,74,敦化里,16
八德路三段,74,,76,敦化里,16
八德路三段,74,,78,敦化里,16
八德路三段,74,,80,敦化里,16
八德路三段,74,,82,敦化里,16
八德路三段,74,,84,敦化里,16
八德路三段,74,,86,敦化里,16
八德路三段,74,,88,敦化里,16
八德路三段,74,,90,敦化里,16
八德路三段,74,,92,敦化里,16
八德路三段,74,,94,敦化里,16
八德路三段,74,,96,敦化里,16
市民大道四段,,,121,敦化里,13
市民大道四段,,,123,敦化里,13
市民大道四段,,,127,敦化里,13
市民大道四段,,,129,敦化里,13
市民大道四段,,,131,敦化里,13
市民大道四段,,,133,敦化里,13
市民大道四段,,,135,敦化里,13
市民大道四段,,,137,敦化里,13
市民大道四段,,,139,敦化里,13
市民大道四段,,,141,敦化里,13
市民大道四段,,,145,敦化里,28
市民大道四段,,,147,敦化里,28
市民大道四段,,,149,敦化里,28
市民大道四段,,,151,敦化里,28
市民大道四段,,,153,敦化里,28
市民大道四段,,,155,敦化里,28
市民大道四段,,,157,敦化里,28
市民大道四段,,,159,敦化里,28
市民大道四段,,,161,敦化里,28
市民大道四段,,,163,敦化里,28
市民大道四段,,,169,敦化里,28
市民大道四段,,,171,敦化里,28
市民大道四段,,,173,敦化里,28
市民大道四段,,,175,敦化里,28
市民大道四段,,,177,敦化里,28
市民大道四段,,,179,敦化里,28
市民大道四段,,,181,敦化里,28
市民大道四段,,,183,敦化里,28
市民大道四段,,,185,敦化里,28
敦化南路一段,,,1,敦化里,1
敦化南路一段,,,3,敦化里,1
敦化南路一段,,,5,敦化里,1
敦化南路一段,,,7,敦化里,1
敦化南路一段,,,7之1,敦化里,1
敦化南路一段,,,21之2,敦化里,1
敦化南路一段,,,21之3,敦化里,1
敦化南路一段,,,21之1,敦化里,1
敦化南路一段,,,21之4,敦化里,1
敦化南路一段,,,21,敦化里,1
敦化南路一段,,,25,敦化里,1
敦化南路一段,,,57之3,敦化里,2
敦化南路一段,,,57之2,敦化里,2
敦化南路一段,,,57,敦化里,2
敦化南路一段,,,57之4,敦化里,2
敦化南路一段,,,57之1,敦化里,2
敦化南路一段,,,57之7,敦化里,2
敦化南路一段,,,57之8,敦化里,2
敦化南路一段,,,57之5,敦化里,2
敦化南路一段,,,57之6,敦化里,2
敦化南路一段,,,63,敦化里,13
敦化南路一段,,,67,敦化里,13
敦化南路一段,,,69,敦化里,13
敦化南路一段,,,77,敦化里,13
八德路四段,,,423,慈祐里,13
八德路四段,,,425,慈祐里,13
八德路四段,,,427,慈祐里,13
八德路四段,,,429,慈祐里,13
八德路四段,,,431,慈祐里,13
八德路四段,,,433,慈祐里,13
八德路四段,,,435,慈祐里,13
八德路四段,,,439,慈祐里,13
八德路四段,,,443,慈祐里,13
八德路四段,,,445之1,慈祐里,13
八德路四段,,,445,慈祐里,13
八德路四段,,,447,慈祐里,13
八德路四段,,,449,慈祐里,13
八德路四段,,,451之1,慈祐里,13
八德路四段,,,451,慈祐里,13
八德路四段,453,,3,慈祐里,12
八德路四段,453,,6之1,慈祐里,13
八德路四段,453,,7,慈祐里,12
八德路四段,453,,8,慈祐里,13
八德路四段,453,,8之1,慈祐里,13
八德路四段,453,,10,慈祐里,13
八德路四段,453,,12,慈祐里,13
八德路四段,453,,14,慈祐里,13
八德路四段,453,,16,慈祐里,13
八德路四段,,,455,慈祐里,12
八德路四段,,,457,慈祐里,12
八德路四段,,,458,慈祐里,14
八德路四段,,,459,慈祐里,12
八德路四段,,,460,慈祐里,14
八德路四段,,,461,慈祐里,12
八德路四段,,,462,慈祐里,14
八德路四段,,,463,慈祐里,12
八德路四段,,,464,慈祐里,14
八德路四段,,,465,慈祐里,12
八德路四段,,,466,慈祐里,14
八德路四段,,,468,慈祐里,14
八德路四段,,,471,慈祐里,12
八德路四段,,,472,慈祐里,14
八德路四段,,,473,慈祐里,12
八德路四段,,,474,慈祐里,14
八德路四段,,,475,慈祐里,12
八德路四段,,,476,慈祐里,14
八德路四段,,,478,慈祐里,14
八德路四段,,,478之1,慈祐里,14
八德路四段,,,480,慈祐里,14
八德路四段,,,482,慈祐里,14
八德路四段,,,486,慈祐里,14
八德路四段,,,488,慈祐里,14
八德路四段,,,490,慈祐里,14
八德路四段,,,492,慈祐里,14
八德路四段,,,494,慈祐里,14
八德路四段,,,496,慈祐里,14
八德路四段,,,498之1,慈祐里,14
八德路四段,,,498,慈祐里,14
八德路四段,,,498之2,慈祐里,14
八德路四段,,,498之3,慈祐里,14
八德路四段,,,500,慈祐里,14
八德路四段,,,502,慈祐里,14
八德路四段,,,504,慈祐里,14
八德路四段,,,506,慈祐里,14
八德路四段,,,508,慈祐里,14
八德路四段,,,510,慈祐里,14
八德路四段,,,512之1,慈祐里,14
八德路四段,,,512,慈祐里,14
八德路四段,,,512之4,慈祐里,14
八德路四段,,,512之3,慈祐里,14
八德路四段,,,514,慈祐里,14
八德路四段,,,516,慈祐里,14
八德路四段,,,520,慈祐里,14
八德路四段,,,530,慈祐里,15
八德路四段,,,565,慈祐里,8
八德路四段,,,571,慈祐里,8
八德路四段,,,573,慈祐里,8
八德路四段,,,575之1,慈祐里,8
八德路四段,,,577之1,慈祐里,8
八德路四段,,,579,慈祐里,8
八德路四段,,,580,慈祐里,14
八德路四段,,,581,慈祐里,8
八德路四段,,,583,慈祐里,8
八德路四段,,,585,慈祐里,8
八德路四段,,,587,慈祐里,8
八德路四段,,,589,慈祐里,8
八德路四段,,,591,慈祐里,8
八德路四段,,,595,慈祐里,8
八德路四段,,,597,慈祐里,8
八德路四段,,,598之4,慈祐里,15
八德路四段,,,598,慈祐里,15
八德路四段,,,598之3,慈祐里,15
八德路四段,,,598之1,慈祐里,15
八德路四段,,,598之2,慈祐里,15
八德路四段,,,598之5,慈祐里,15
八德路四段,,,598之6,慈祐里,15
八德路四段,,,600,慈祐里,15
八德路四段,,,602,慈祐里,15
八德路四段,,,603,慈祐里,8
八德路四段,,,604,慈祐里,15
八德路四段,,,604之18,慈祐里,15
八德路四段,,,604之13,慈祐里,15
八德路四段,,,604之17,慈祐里,15
八德路四段,,,604之23,慈祐里,15
八德路四段,,,604之21,慈祐里,15
八德路四段,,,604之4,慈祐里,15
八德路四段,,,604之5,慈祐里,15
八德路四段,,,604之1,慈祐里,15
八德路四段,,,604之20,慈祐里,15
八德路四段,,,604之11,慈祐里,15
八德路四段,,,604之12,慈祐里,15
八德路四段,,,604之22,慈祐里,15
八德路四段,,,604之10,慈祐里,15
八德路四段,,,604之3,慈祐里,15
八德路四段,,,604之24,慈祐里,15
八德路四段,,,604之16,慈祐里,15
八德路四段,,,604之14,慈祐里,15
八德路四段,,,604之2,慈祐里,15
八德路四段,,,604之19,慈祐里,15
八德路四段,,,604之15,慈祐里,15
八德路四段,,,604之9,慈祐里,15
八德路四段,,,604之7,慈祐里,15
八德路四段,,,604之8,慈祐里,15
八德路四段,,,604之6,慈祐里,15
八德路四段,,,605,慈祐里,8
八德路四段,,,606,慈祐里,15
八德路四段,,,607,慈祐里,8
八德路四段,,,608,慈祐里,15
八德路四段,,,610,慈祐里,15
八德路四段,,,611,慈祐里,17
八德路四段,,,612,慈祐里,15
八德路四段,,,613,慈祐里,17
八德路四段,,,615,慈祐里,17
八德路四段,,,616,慈祐里,15
八德路四段,,,617,慈祐里,17
八德路四段,,,618,慈祐里,15
八德路四段,,,618之1,慈祐里,15
八德路四段,,,619,慈祐里,17
八德路四段,,,620之1,慈祐里,15
八德路四段,,,620,慈祐里,15
八德路四段,,,621之1,慈祐里,17
八德路四段,,,621,慈祐里,17
八德路四段,,,622,慈祐里,15
八德路四段,,,623,慈祐里,17
八德路四段,624,,2,慈祐里,15
八德路四段,624,,4,慈祐里,15
八德路四段,,,625,慈祐里,17
八德路四段,,,626,慈祐里,16
八德路四段,,,627,慈祐里,17
八德路四段,,,629,慈祐里,17
八德路四段,,,631,慈祐里,17
八德路四段,,,633,慈祐里,17
八德路四段,,,635,慈祐里,17
八德路四段,,,636之1,慈祐里,16
八德路四段,,,636之2,慈祐里,16
八德路四段,,,636,慈祐里,16
八德路四段,,,638,慈祐里,16
八德路四段,,,640,慈祐里,16
八德路四段,,,641,慈祐里,17
八德路四段,,,642,慈祐里,16
八德路四段,,,643,慈祐里,17
八德路四段,,,646,慈祐里,16
八德路四段,,,647,慈祐里,17
八德路四段,,,649,慈祐里,17
八德路四段,,,650之1,慈祐里,22
八德路四段,,,650之2,慈祐里,22
八德路四段,,,650之3,慈祐里,22
八德路四段,,,650,慈祐里,22
八德路四段,,,651,慈祐里,17
八德路四段,,,653,慈祐里,17
八德路四段,,,654,慈祐里,23
八德路四段,,,655,慈祐里,17
八德路四段,,,656之1,慈祐里,23
八德路四段,,,656,慈祐里,23
八德路四段,,,657,慈祐里,17
八德路四段,,,658,慈祐里,23
八德路四段,,,659,慈祐里,17
八德路四段,,,660,慈祐里,23
八德路四段,,,661,慈祐里,17
八德路四段,,,663,慈祐里,17
八德路四段,,,665,慈祐里,17
八德路四段,,,666,慈祐里,18
八德路四段,,,666之1,慈祐里,18
八德路四段,,,667,慈祐里,17
八德路四段,,,668,慈祐里,18
八德路四段,,,669,慈祐里,17
八德路四段,,,670,慈祐里,18
八德路四段,,,672之3,慈祐里,18
八德路四段,,,672之4,慈祐里,18
八德路四段,,,672之2,慈祐里,18
八德路四段,,,672,慈祐里,18
八德路四段,,,672之5,慈祐里,18
八德路四段,,,672之1,慈祐里,18
八德路四段,,,672之6,慈祐里,18
八德路四段,673,,6,慈祐里,17
八德路四段,673,,8,慈祐里,17
八德路四段,673,,10,慈祐里,17
八德路四段,,,674,慈祐里,18
八德路四段,,,676,慈祐里,18
八德路四段,,,678,慈祐里,18
八德路四段,,,678之2,慈祐里,18
八德路四段,,,678之1,慈祐里,18
八德路四段,,,678之5,慈祐里,18
八德路四段,,,678之3,慈祐里,18
八德路四段,,,678之4,慈祐里,18
八德路四段,,,678之10,慈祐里,18
八德路四段,,,678之7,慈祐里,18
八德路四段,,,678之8,慈祐里,18
八德路四段,,,678之9,慈祐里,18
八德路四段,,,678之6,慈祐里,18
八德路四段,,,679,慈祐里,21
八德路四段,,,680,慈祐里,18
八德路四段,,,683,慈祐里,21
八德路四段,,,685,慈祐里,21
八德路四段,,,686,慈祐里,18
八德路四段,,,687,慈祐里,21
八德路四段,,,687之1,慈祐里,21
八德路四段,,,688,慈祐里,18
八德路四段,,,689,慈祐里,21
八德路四段,,,689之1,慈祐里,21
八德路四段,,,690,慈祐里,18
八德路四段,,,691,慈祐里,21
八德路四段,,,691之1,慈祐里,21
八德路四段,,,692,慈祐里,18
八德路四段,,,694,慈祐里,18
八德路四段,,,697,慈祐里,21
八德路四段,,,699之1,慈祐里,20
八德路四段,,,699,慈祐里,20
八德路四段,,,699之3,慈祐里,20
八德路四段,,,699之2,慈祐里,20
八德路四段,,,705,慈祐里,20
八德路四段,,,707,慈祐里,20
八德路四段,709,,1,慈祐里,20
八德路四段,709,,2之3,慈祐里,20
八德路四段,709,,2之5,慈祐里,20
八德路四段,709,,2之2,慈祐里,20
八德路四段,709,,2之1,慈祐里,20
八德路四段,709,,2之4,慈祐里,20
八德路四段,709,,2,慈祐里,20
八德路四段,709,,2之7,慈祐里,20
八德路四段,709,,2之6,慈祐里,20
八德路四段,709,,3,慈祐里,20
八德路四段,709,,5,慈祐里,20
八德路四段,709,,6,慈祐里,20
八德路四段,709,,7,慈祐里,20
八德路四段,709,,9,慈祐里,20
八德路四段,709,,11,慈祐里,20
八德路四段,709,,12,慈祐里,20
八德路四段,709,,13,慈祐里,20
八德路四段,709,,15,慈祐里,20
八德路四段,709,,17,慈祐里,20
八德路四段,709,,19,慈祐里,20
八德路四段,709,,19之3,慈祐里,20
八德路四段,709,,19之1,慈祐里,20
八德路四段,709,,19之2,慈祐里,20
八德路四段,709,,23,慈祐里,20
八德路四段,709,,25,慈祐里,20
八德路四段,709,,27,慈祐里,20
八德路四段,,,711之1,慈祐里,20
八德路四段,,,711,慈祐里,20
八德路四段,,,713,慈祐里,20
八德路四段,,,715,慈祐里,20
八德路四段,,,717,慈祐里,20
八德路四段,,,721,慈祐里,20
八德路四段,,,723,慈祐里,20
八德路四段,,,725,慈祐里,20
八德路四段,,,729,慈祐里,20
八德路四段,,,731,慈祐里,20
八德路四段,,,733,慈祐里,20
八德路四段,,,735,慈祐里,20
八德路四段,,,737,慈祐里,20
八德路四段,,,739,慈祐里,20
八德路四段,,,741之1,慈祐里,20
八德路四段,,,741,慈祐里,20
八德路四段,,,742,慈祐里,20
八德路四段,,,743,慈祐里,20
八德路四段,,,745,慈祐里,20
八德路四段,,,746,慈祐里,20
八德路四段,,,747,慈祐里,20
八德路四段,,,749,慈祐里,20
八德路四段,,,755,慈祐里,20
八德路四段,,,757,慈祐里,20
八德路四段,,,758,慈祐里,20
八德路四段,759,,2,慈祐里,4
八德路四段,,,760,慈祐里,20
八德路四段,,,761,慈祐里,3
八德路四段,,,762,慈祐里,20
八德路四段,763,,1,慈祐里,19
八德路四段,763,,3,慈祐里,19
八德路四段,,,765,慈祐里,19
八德路四段,,,767,慈祐里,3
八德路四段,,,769,慈祐里,19
八德路四段,,,771,慈祐里,19
八德路四段,,,773,慈祐里,19
八德路四段,,,775,慈祐里,19
八德路四段,,,777,慈祐里,3
八德路四段,,,779,慈祐里,3
八德路四段,,,781,慈祐里,3
八德路四段,,,783,慈祐里,3
八德路四段,,,785,慈祐里,3
八德路四段,,,787,慈祐里,3
八德路四段,,,789,慈祐里,3
八德路四段,,,789之1,慈祐里,3
八德路四段,,,791,慈祐里,3
八德路四段,,,793,慈祐里,3
八德路四段,,,795,慈祐里,2
八德路四段,,,795之3,慈祐里,2
八德路四段,,,795之1,慈祐里,2
八德路四段,,,795之2,慈祐里,2
八德路四段,,,797之3,慈祐里,2
八德路四段,,,797,慈祐里,2
八德路四段,,,797之2,慈祐里,2
八德路四段,,,797之1,慈祐里,2
八德路四段,,,801,慈祐里,2
八德路四段,,,803,慈祐里,2
八德路四段,,,805,慈祐里,2
八德路四段,,,807,慈祐里,2
八德路四段,,,809,慈祐里,2
八德路四段,,,811,慈祐里,2
八德路四段,,,813,慈祐里,2
八德路四段,,,815,慈祐里,2
八德路四段,,,817,慈祐里,2
八德路四段,819,,1,慈祐里,2
八德路四段,819,,3,慈祐里,2
八德路四段,819,,4之2,慈祐里,2
八德路四段,819,,4,慈祐里,2
八德路四段,819,,4之1,慈祐里,2
八德路四段,819,,4之3,慈祐里,2
八德路四段,,,821,慈祐里,2
八德路四段,,,823,慈祐里,2
八德路四段,,,825,慈祐里,2
八德路四段,,,827,慈祐里,2
八德路四段,829,,1,慈祐里,1
八德路四段,829,,3,慈祐里,1
八德路四段,829,,5,慈祐里,1
八德路四段,829,,7,慈祐里,1
八德路四段,829,,9,慈祐里,1
八德路四段,829,,11,慈祐里,1
八德路四段,829,,13,慈祐里,1
八德路四段,829,,15,慈祐里,1
八德路四段,829,,17,慈祐里,1
八德路四段,829,,18,慈祐里,1
八德路四段,829,,19,慈祐里,1
八德路四段,829,,20,慈祐里,1
八德路四段,829,,22,慈祐里,1
八德路四段,829,,24,慈祐里,1
八德路四段,829,,25,慈祐里,1
八德路四段,829,,26,慈祐里,1
八德路四段,829,,27,慈祐里,1
八德路四段,829,,28,慈祐里,1
八德路四段,829,,29,慈祐里,1
八德路四段,,,831,慈祐里,1
八德路四段,,,833,慈祐里,1
八德路四段,,,835,慈祐里,1
八德路四段,,,837,慈祐里,1
八德路四段,,,839,慈祐里,1
八德路四段,,,841,慈祐里,1
八德路四段,,,843,慈祐里,1
八德路四段,,,845,慈祐里,1
八德路四段,,,847,慈祐里,1
市民大道六段,,,57,慈祐里,15
市民大道六段,,,59,慈祐里,15
市民大道六段,,,67,慈祐里,16
市民大道六段,,,101,慈祐里,18
市民大道六段,,,103,慈祐里,18
市民大道六段,,,105,慈祐里,18
市民大道六段,,,107,慈祐里,18
市民大道六段,,,109,慈祐里,18
市民大道六段,,,111,慈祐里,18
市民大道六段,,,113,慈祐里,18
市民大道六段,,,115,慈祐里,18
市民大道六段,,,117,慈祐里,18
市民大道六段,,,121,慈祐里,18
市民大道六段,,,131,慈祐里,18
市民大道六段,,,133,慈祐里,18
市民大道六段,,,135,慈祐里,18
市民大道六段,,,139,慈祐里,18
市民大道六段,,,151,慈祐里,20
松河街,,,2,慈祐里,11
松河街,,,3,慈祐里,11
松河街,,,14,慈祐里,9
松河街,,,16,慈祐里,9
松河街,,,18,慈祐里,9
松河街,,,20,慈祐里,9
松河街,,,22,慈祐里,9
松河街,,,24,慈祐里,9
松河街,,,26,慈祐里,9
松河街,,,28,慈祐里,9
松河街,,,38,慈祐里,7
松河街,,,46,慈祐里,7
松河街,,,70,慈祐里,7
松河街,,,76,慈祐里,7
松河街,,,78,慈祐里,7
松河街,,,80,慈祐里,7
松河街,,,82,慈祐里,7
松河街,,,92,慈祐里,6
松河街,,,96,慈祐里,6
松河街,,,98,慈祐里,6
松河街,,,100,慈祐里,6
松河街,,,106,慈祐里,6
松河街,,,110,慈祐里,6
松河街,,,112,慈祐里,6
松河街,,,116,慈祐里,6
松河街,,,128,慈祐里,6
松河街,,,130,慈祐里,6
松河街,,,134,慈祐里,6
松河街,,,136,慈祐里,6
松河街,,,146,慈祐里,6
松河街,,,158,慈祐里,5
松河街,,,160,慈祐里,5
松河街,,,168,慈祐里,5
松河街,,,180之1,慈祐里,4
松河街,,,180,慈祐里,4
松河街,,,182,慈祐里,4
松河街,,,184,慈祐里,4
松河街,,,186,慈祐里,4
松河街,,,188,慈祐里,4
松河街,,,190,慈祐里,4
松河街,,,192,慈祐里,4
松河街,,,194,慈祐里,4
松河街,,,196,慈祐里,4
松河街,,,198,慈祐里,4
松河街,,,200,慈祐里,4
松河街,,,206,慈祐里,4
松河街,,,212,慈祐里,19
松河街,,,214,慈祐里,19
松河街,,,216,慈祐里,19
松河街,,,218,慈祐里,19
松河街,,,230,慈祐里,3
松河街,,,232,慈祐里,3
松河街,,,234,慈祐里,3
松河街,,,236,慈祐里,3
松河街,,,238,慈祐里,3
松河街,,,240,慈祐里,2
松河街,,,242,慈祐里,2
松河街,,,244,慈祐里,2
松河街,,,246,慈祐里,2
松河街,,,248,慈祐里,2
松河街,,,250,慈祐里,2
松河街,,,258,慈祐里,2
松河街,,,260,慈祐里,2
松河街,,,262,慈祐里,2
松河街,,,264,慈祐里,1
松河街,,,266,慈祐里,1
虎林街,,,1,慈祐里,18
虎林街,,,3,慈祐里,18
南京東路五段,,,388,慈祐里,11
南京東路五段,,,390,慈祐里,11
南京東路五段,,,392,慈祐里,11
基隆路一段,,,1之1,慈祐里,13
基隆路一段,,,1,慈祐里,13
塔悠路,,,1,慈祐里,10
塔悠路,,,2,慈祐里,12
塔悠路,,,3,慈祐里,10
塔悠路,,,5,慈祐里,10
塔悠路,,,6,慈祐里,12
塔悠路,,,8,慈祐里,12
塔悠路,,,10,慈祐里,12
塔悠路,,,12之1,慈祐里,12
塔悠路,,,12之2,慈祐里,12
塔悠路,,,12,慈祐里,12
塔悠路,,,13,慈祐里,10
塔悠路,,,15,慈祐里,10
塔悠路,,,16,慈祐里,12
塔悠路,,,17,慈祐里,10
塔悠路,18,,1,慈祐里,12
塔悠路,18,,5,慈祐里,12
塔悠路,18,,7,慈祐里,12
塔悠路,18,,9之1,慈祐里,12
塔悠路,18,,9,慈祐里,12
塔悠路,18,,13,慈祐里,12
塔悠路,18,,22,慈祐里,12
塔悠路,18,,26,慈祐里,12
塔悠路,18,,28,慈祐里,12
塔悠路,,,19,慈祐里,10
塔悠路,,,20,慈祐里,12
塔悠路,,,21,慈祐里,10
塔悠路,,,25,慈祐里,11
塔悠路,,,27,慈祐里,11
塔悠路,,,28,慈祐里,12
塔悠路,,,29,慈祐里,11
塔悠路,,,31,慈祐里,11
塔悠路,,,32,慈祐里,12
塔悠路,,,33,慈祐里,11
塔悠路,,,34,慈祐里,12
塔悠路,,,35,慈祐里,11
塔悠路,,,36,慈祐里,12
塔悠路,,,37,慈祐里,11
塔悠路,,,39,慈祐里,11
塔悠路,,,40,慈祐里,12
塔悠路,,,41,慈祐里,11
塔悠路,,,43,慈祐里,11
塔悠路,,,45,慈祐里,11
饒河街,,,30,慈祐里,8
饒河街,,,32,慈祐里,8
饒河街,,,33,慈祐里,9
饒河街,,,34,慈祐里,8
饒河街,,,35,慈祐里,9
饒河街,,,36,慈祐里,8
饒河街,,,37,慈祐里,9
饒河街,,,38,慈祐里,8
饒河街,,,39,慈祐里,9
饒河街,,,40,慈祐里,8
饒河街,,,41,慈祐里,9
饒河街,,,42,慈祐里,8
饒河街,,,43,慈祐里,9
饒河街,,,44,慈祐里,8
饒河街,,,45,慈祐里,9
饒河街,,,46,慈祐里,8
饒河街,,,47,慈祐里,9
饒河街,,,48,慈祐里,8
饒河街,,,49,慈祐里,9
饒河街,,,50,慈祐里,8
饒河街,,,51,慈祐里,9
饒河街,,,52,慈祐里,8
饒河街,,,53,慈祐里,9
饒河街,,,54,慈祐里,8
饒河街,,,55,慈祐里,9
饒河街,,,56,慈祐里,8
饒河街,,,57,慈祐里,9
饒河街,,,58,慈祐里,8
饒河街,,,60,慈祐里,8
饒河街,61,1,1,慈祐里,7
饒河街,61,1,2,慈祐里,7
饒河街,61,1,3,慈祐里,7
饒河街,61,1,4,慈祐里,7
饒河街,61,1,5,慈祐里,7
饒河街,61,1,6,慈祐里,7
饒河街,61,1,7,慈祐里,7
饒河街,61,1,8,慈祐里,7
饒河街,61,1,9,慈祐里,7
饒河街,61,,2,慈祐里,9
饒河街,61,12,2之1,慈祐里,9
饒河街,61,12,2,慈祐里,9
饒河街,61,12,4,慈祐里,9
饒河街,61,12,9,慈祐里,9
饒河街,61,12,10,慈祐里,9
饒河街,61,12,11,慈祐里,9
饒河街,61,12,12,慈祐里,9
饒河街,61,12,13之1,慈祐里,9
饒河街,61,12,13,慈祐里,9
饒河街,61,12,14,慈祐里,9
饒河街,61,12,15,慈祐里,9
饒河街,61,12,17,慈祐里,9
饒河街,61,12,18,慈祐里,9
饒河街,61,12,19,慈祐里,9
饒河街,61,12,21,慈祐里,9
饒河街,,,62,慈祐里,8
饒河街,,,63,慈祐里,7
饒河街,,,64,慈祐里,8
饒河街,,,65,慈祐里,7
饒河街,,,66,慈祐里,8
饒河街,,,67,慈祐里,7
饒河街,,,68,慈祐里,8
饒河街,,,69,慈祐里,7
饒河街,,,70,慈祐里,8
饒河街,,,71,慈祐里,7
饒河街,,,72,慈祐里,8
饒河街,,,73,慈祐里,7
饒河街,,,75,慈祐里,7
饒河街,,,76,慈祐里,8
饒河街,,,77,慈祐里,7
饒河街,,,78,慈祐里,8
饒河街,,,79,慈祐里,7
饒河街,,,80,慈祐里,8
饒河街,,,81,慈祐里,7
饒河街,,,82,慈祐里,8
饒河街,,,83,慈祐里,7
饒河街,,,84,慈祐里,8
饒河街,,,85,慈祐里,7
饒河街,,,86,慈祐里,8
饒河街,,,87,慈祐里,7
饒河街,,,88,慈祐里,8
饒河街,,,90,慈祐里,8
饒河街,,,91,慈祐里,7
饒河街,,,92,慈祐里,8
饒河街,,,93,慈祐里,7
饒河街,,,95,慈祐里,7
饒河街,97,,1,慈祐里,7
饒河街,97,,1之1,慈祐里,7
饒河街,97,,3,慈祐里,7
饒河街,97,,5,慈祐里,7
饒河街,,,99,慈祐里,7
饒河街,,,101,慈祐里,7
饒河街,,,102,慈祐里,8
饒河街,,,103,慈祐里,7
饒河街,,,104,慈祐里,8
饒河街,,,105,慈祐里,7
饒河街,,,106,慈祐里,17
饒河街,,,107之2,慈祐里,7
饒河街,,,107,慈祐里,7
饒河街,,,107之1,慈祐里,7
饒河街,,,108,慈祐里,17
饒河街,,,109,慈祐里,7
饒河街,,,110,慈祐里,17
饒河街,,,111,慈祐里,7
饒河街,,,112,慈祐里,17
饒河街,,,113,慈祐里,7
饒河街,,,114,慈祐里,17
饒河街,115,,1,慈祐里,7
饒河街,,,116,慈祐里,17
饒河街,,,117,慈祐里,7
饒河街,,,118,慈祐里,17
饒河街,,,119,慈祐里,7
饒河街,,,120,慈祐里,17
饒河街,,,121,慈祐里,7
饒河街,,,122,慈祐里,17
饒河街,,,123,慈祐里,7
饒河街,,,123之1,慈祐里,7
饒河街,,,124,慈祐里,17
饒河街,,,125,慈祐里,7
饒河街,,,126,慈祐里,17
饒河街,,,127,慈祐里,7
饒河街,,,128,慈祐里,17
饒河街,,,129,慈祐里,7
饒河街,,,130,慈祐里,17
饒河街,,,131,慈祐里,7
饒河街,,,132,慈祐里,17
饒河街,,,133,慈祐里,7
饒河街,,,134,慈祐里,17
饒河街,,,136之1,慈祐里,17
饒河街,,,136,慈祐里,17
饒河街,,,137,慈祐里,6
饒河街,,,138,慈祐里,17
饒河街,,,139,慈祐里,6
饒河街,,,140,慈祐里,17
饒河街,,,141,慈祐里,6
饒河街,,,142,慈祐里,17
饒河街,,,143,慈祐里,6
饒河街,,,144,慈祐里,17
饒河街,,,145,慈祐里,6
饒河街,,,146,慈祐里,17
饒河街,,,147,慈祐里,6
饒河街,,,148,慈祐里,17
饒河街,,,149,慈祐里,6
饒河街,,,150,慈祐里,17
饒河街,,,151,慈祐里,6
饒河街,,,152,慈祐里,17
饒河街,,,153,慈祐里,6
饒河街,,,154,慈祐里,17
饒河街,,,155,慈祐里,6
饒河街,,,156,慈祐里,17
饒河街,,,157,慈祐里,6
饒河街,,,158,慈祐里,17
饒河街,,,159,慈祐里,6
饒河街,,,160,慈祐里,17
饒河街,,,161,慈祐里,6
饒河街,,,162,慈祐里,17
饒河街,,,163,慈祐里,6
饒河街,,,164,慈祐里,21
饒河街,,,165,慈祐里,6
饒河街,,,166,慈祐里,21
饒河街,,,166之1,慈祐里,21
饒河街,,,167,慈祐里,6
饒河街,,,168,慈祐里,21
饒河街,,,169,慈祐里,6
饒河街,,,170,慈祐里,21
饒河街,,,171,慈祐里,6
饒河街,,,172,慈祐里,21
饒河街,,,173,慈祐里,6
饒河街,,,174,慈祐里,21
饒河街,,,175,慈祐里,6
饒河街,,,176,慈祐里,21
饒河街,,,177,慈祐里,6
饒河街,,,178,慈祐里,21
饒河街,,,179之1,慈祐里,6
饒河街,,,179,慈祐里,6
饒河街,,,180,慈祐里,20
饒河街,,,181,慈祐里,6
饒河街,,,182,慈祐里,20
饒河街,,,183,慈祐里,6
饒河街,,,184,慈祐里,20
饒河街,,,185,慈祐里,6
饒河街,,,186,慈祐里,20
饒河街,,,187,慈祐里,6
饒河街,,,188,慈祐里,20
饒河街,,,189,慈祐里,6
饒河街,,,190,慈祐里,20
饒河街,,,191,慈祐里,5
饒河街,,,192,慈祐里,20
饒河街,,,194,慈祐里,20
饒河街,,,196,慈祐里,20
饒河街,,,197,慈祐里,5
饒河街,,,198,慈祐里,20
饒河街,,,198之1,慈祐里,20
饒河街,,,199,慈祐里,5
饒河街,,,200,慈祐里,20
饒河街,,,201,慈祐里,5
饒河街,,,202,慈祐里,20
饒河街,,,203,慈祐里,5
饒河街,,,204,慈祐里,20
饒河街,,,205,慈祐里,5
饒河街,,,206,慈祐里,20
饒河街,,,207,慈祐里,5
饒河街,,,208,慈祐里,20
饒河街,,,209,慈祐里,5
饒河街,,,210,慈祐里,20
饒河街,,,211,慈祐里,5
饒河街,,,212,慈祐里,20
饒河街,,,213,慈祐里,5
饒河街,,,214,慈祐里,20
饒河街,,,215,慈祐里,5
饒河街,,,216,慈祐里,20
饒河街,,,217,慈祐里,5
饒河街,,,218,慈祐里,20
饒河街,,,219,慈祐里,5
饒河街,,,220,慈祐里,20
饒河街,221,,1,慈祐里,4
饒河街,221,,5,慈祐里,4
饒河街,,,221,慈祐里,5
饒河街,,,222,慈祐里,20
饒河街,,,224,慈祐里,20
饒河街,,,225,慈祐里,4
饒河街,,,226,慈祐里,20
饒河街,,,227,慈祐里,4
饒河街,,,229,慈祐里,4
饒河街,,,231,慈祐里,4
饒河街,,,233,慈祐里,4
饒河街,,,235,慈祐里,4
饒河街,,,237,慈祐里,4
饒河街,,,239,慈祐里,4
饒河街,,,241,慈祐里,4
饒河街,,,243,慈祐里,4
饒河街,,,245,慈祐里,4
饒河街,,,247,慈祐里,4
饒河街,,,249,慈祐里,4
饒河街,,,251,慈祐里,4
饒河街,,,253,慈祐里,4
饒河街,,,255,慈祐里,4
民生東路五段,,,197,新東里,15
民生東路五段,,,197之2,新東里,15
民生東路五段,,,197之3,新東里,15
民生東路五段,,,197之1,新東里,15
民生東路五段,,,199,新東里,16
民生東路五段,,,201,新東里,16
民生東路五段,,,203,新東里,16
民生東路五段,,,205,新東里,16
民生東路五段,,,207,新東里,16
民生東路五段,,,209,新東里,16
民生東路五段,,,211,新東里,16
民生東路五段,,,213,新東里,16
民生東路五段,,,215,新東里,16
民生東路五段,,,217,新東里,16
民生東路五段,,,217之1,新東里,16
民生東路五段,,,219之1,新東里,17
民生東路五段,,,219,新東里,17
民生東路五段,,,221,新東里,17
民生東路五段,,,221之1,新東里,17
民生東路五段,,,223之2,新東里,17
民生東路五段,,,223,新東里,17
民生東路五段,,,223之1,新東里,17
民生東路五段,,,227,新東里,1
民生東路五段,,,227之1,新東里,1
民生東路五段,,,229之1,新東里,1
民生東路五段,,,229,新東里,1
民生東路五段,,,231,新東里,1
民生東路五段,,,233,新東里,1
民生東路五段,,,234,新東里,14
民生東路五段,,,235,新東里,1
民生東路五段,,,236,新東里,14
民生東路五段,,,237,新東里,1
民生東路五段,,,238,新東里,14
民生東路五段,,,239之1,新東里,2
民生東路五段,,,239,新東里,2
民生東路五段,,,240,新東里,14
民生東路五段,,,241之1,新東里,2
民生東路五段,,,241,新東里,2
民生東路五段,,,242,新東里,14
民生東路五段,,,243,新東里,2
民生東路五段,,,243之1,新東里,2
民生東路五段,,,244,新東里,14
民生東路五段,,,245,新東里,2
民生東路五段,,,245之1,新東里,2
民生東路五段,,,246,新東里,14
民生東路五段,,,247,新東里,2
民生東路五段,,,247之1,新東里,2
民生東路五段,,,248,新東里,14
民生東路五段,,,249,新東里,2
民生東路五段,,,250,新東里,14
民生東路五段,,,251,新東里,2
民生東路五段,,,252,新東里,14
民生東路五段,,,254,新東里,14
民生東路五段,,,256,新東里,14
民生東路五段,,,258,新東里,14
民生東路五段,260,,1,新東里,13
民生東路五段,260,,3,新東里,13
民生東路五段,260,,5,新東里,13
民生東路五段,260,,15,新東里,12
民生東路五段,260,,16,新東里,5
民生東路五段,260,,17,新東里,12
民生東路五段,260,,18,新東里,5
民生東路五段,260,,21,新東里,11
民生東路五段,260,,22,新東里,7
民生東路五段,260,,23,新東里,11
民生東路五段,260,,24,新東里,7
民生東路五段,260,,25,新東里,9
民生東路五段,260,,27,新東里,9
民生東路五段,260,,29,新東里,9
民生東路五段,260,,31,新東里,9
民生東路五段,260,,33,新東里,9
民生東路五段,,,262,新東里,3
民生東路五段,,,264,新東里,3
民生東路五段,,,266,新東里,3
民生東路五段,,,268,新東里,3
民生東路五段,,,270,新東里,3
民生東路五段,,,272,新東里,3
民生東路五段,,,274,新東里,3
民生東路五段,,,276,新東里,3
民生東路五段,,,278,新東里,3
民生東路五段,,,280,新東里,3
延壽街,,,3,新東里,8
延壽街,,,5,新東里,8
延壽街,,,7,新東里,8
延壽街,,,9,新東里,8
延壽街,,,11,新東里,8
延壽街,,,13之2,新東里,8
延壽街,,,13,新東里,8
延壽街,,,13之1,新東里,8
延壽街,,,15,新東里,8
延壽街,,,17,新東里,8
延壽街,,,35,新東里,8
延壽街,,,81,新東里,9
延壽街,,,83,新東里,9
延壽街,,,85,新東里,9
延壽街,,,87,新東里,9
延壽街,,,89,新東里,9
延壽街,,,91,新東里,9
延壽街,,,93,新東里,9
延壽街,,,95,新東里,9
延壽街,,,97,新東里,9
延壽街,,,99,新東里,9
南京東路五段,,,415,新東里,19
塔悠路,,,81,新東里,19
塔悠路,,,83,新東里,19
塔悠路,,,85,新東里,19
塔悠路,,,87,新東里,19
塔悠路,,,89,新東里,19
塔悠路,,,91,新東里,19
塔悠路,,,93,新東里,19
塔悠路,,,95,新東里,19
塔悠路,,,97之2,新東里,19
塔悠路,,,97之1,新東里,19
塔悠路,,,97,新東里,19
塔悠路,,,97之3,新東里,19
塔悠路,,,99,新東里,19
塔悠路,,,101,新東里,19
塔悠路,,,103,新東里,19
塔悠路,,,105,新東里,19
塔悠路,,,155,新東里,19
塔悠路,,,157,新東里,19
塔悠路,,,159,新東里,19
塔悠路,,,161,新東里,19
塔悠路,,,163,新東里,19
塔悠路,,,165,新東里,19
塔悠路,,,167,新東里,19
塔悠路,,,169,新東里,19
塔悠路,,,171,新東里,19
塔悠路,,,173,新東里,19
塔悠路,,,175,新東里,19
塔悠路,,,177,新東里,19
塔悠路,,,179,新東里,19
塔悠路,,,189,新東里,18
塔悠路,,,191,新東里,18
塔悠路,,,191之1,新東里,18
塔悠路,,,193,新東里,18
塔悠路,,,195之3,新東里,18
塔悠路,,,195之2,新東里,18
塔悠路,,,195之1,新東里,18
塔悠路,,,195,新東里,18
塔悠路,,,201,新東里,18
塔悠路,,,203,新東里,18
塔悠路,,,205,新東里,18
塔悠路,,,206,新東里,8
塔悠路,,,207,新東里,18
塔悠路,,,208,新東里,8
塔悠路,,,209,新東里,18
塔悠路,210,,1,新東里,8
塔悠路,210,,3,新東里,8
塔悠路,210,,5,新東里,8
塔悠路,210,,6,新東里,8
塔悠路,210,,7,新東里,8
塔悠路,210,,8,新東里,8
塔悠路,210,,10,新東里,8
塔悠路,210,,12,新東里,8
塔悠路,210,,14,新東里,8
塔悠路,,,211,新東里,18
塔悠路,,,212,新東里,8
塔悠路,,,214,新東里,8
塔悠路,,,215,新東里,18
塔悠路,,,216,新東里,6
塔悠路,,,217,新東里,18
塔悠路,,,218,新東里,6
塔悠路,,,219,新東里,18
塔悠路,,,220,新東里,6
塔悠路,,,221,新東里,18
塔悠路,,,222,新東里,6
塔悠路,,,224,新東里,6
塔悠路,,,225,新東里,18
塔悠路,,,226,新東里,6
塔悠路,,,227,新東里,18
塔悠路,,,229,新東里,18
塔悠路,,,231,新東里,18
塔悠路,,,233,新東里,18
塔悠路,,,235,新東里,18
塔悠路,,,237,新東里,18
塔悠路,,,275,新東里,18
塔悠路,,,277,新東里,18
塔悠路,,,279,新東里,18
塔悠路,,,281,新東里,18
塔悠路,,,283,新東里,18
塔悠路,,,285,新東里,18
塔悠路,,,287,新東里,18
塔悠路,,,289,新東里,18
塔悠路,,,291,新東里,18
塔悠路,,,293,新東里,18
塔悠路,,,295,新東里,18
塔悠路,,,297,新東里,18
塔悠路,,,299,新東里,18
塔悠路,,,301,新東里,18
塔悠路,,,303,新東里,18
塔悠路,,,305,新東里,18
塔悠路,,,307,新東里,18
塔悠路,,,309,新東里,18
塔悠路,,,311,新東里,18
塔悠路,,,313,新東里,18
塔悠路,,,315,新東里,18
塔悠路,,,317,新東里,18
塔悠路,,,319,新東里,18
塔悠路,,,321,新東里,18
塔悠路,,,323,新東里,18
塔悠路,,,325,新東里,18
塔悠路,,,327,新東里,18
塔悠路,,,329,新東里,18
塔悠路,,,331,新東里,18
塔悠路,,,333,新東里,18
塔悠路,,,335,新東里,18
塔悠路,,,351,新東里,18
新東街,30,,1,新東里,15
新東街,6,,1,新東里,10
新東街,6,,2,新東里,9
新東街,6,,3,新東里,10
新東街,6,,4,新東里,9
新東街,6,,5,新東里,10
新東街,6,,6,新東里,9
新東街,6,,7,新東里,10
新東街,6,,8,新東里,9
新東街,6,,10,新東里,9
新東街,6,,12,新東里,9
新東街,6,,14,新東里,9
新東街,6,,15,新東里,10
新東街,6,,16,新東里,9
新東街,6,,17,新東里,10
新東街,6,,19,新東里,10
新東街,6,,21,新東里,10
新東街,,,8,新東里,10
新東街,,,10,新東里,10
新東街,12,,1,新東里,11
新東街,12,,2,新東里,10
新東街,12,,3,新東里,11
新東街,12,,4,新東里,10
新東街,12,,5,新東里,11
新東街,12,,6,新東里,10
新東街,12,,7,新東里,11
新東街,12,,8,新東里,10
新東街,12,,9,新東里,11
新東街,12,,11,新東里,11
新東街,12,,13,新東里,11
新東街,12,,13之1,新東里,11
新東街,12,,15,新東里,11
新東街,12,,16,新東里,10
新東街,12,,18,新東里,10
新東街,12,,19,新東里,7
新東街,12,,20,新東里,10
新東街,12,,21,新東里,7
新東街,12,,22,新東里,10
新東街,12,,23,新東里,7
新東街,12,,25,新東里,7
新東街,12,,27,新東里,7
新東街,12,,29,新東里,7
新東街,12,,29之1,新東里,7
新東街,12,,31,新東里,7
新東街,12,,33,新東里,7
新東街,12,,35,新東里,7
新東街,12,,36,新東里,8
新東街,12,,37,新東里,7
新東街,12,,38,新東里,8
新東街,12,,39之1,新東里,7
新東街,12,,39,新東里,7
新東街,12,,40,新東里,8
新東街,12,,41,新東里,7
新東街,12,,41之1,新東里,7
新東街,12,,42,新東里,8
新東街,12,,43,新東里,6
新東街,12,,45,新東里,6
新東街,,,14,新東里,11
新東街,16,,1,新東里,12
新東街,16,,2,新東里,11
新東街,16,,3,新東里,12
新東街,16,,4,新東里,11
新東街,16,,5,新東里,12
新東街,16,,6,新東里,11
新東街,16,,7,新東里,12
新東街,16,,8,新東里,11
新東街,16,,9,新東里,12
新東街,16,,10,新東里,11
新東街,16,,11,新東里,12
新東街,16,,12,新東里,11
新東街,16,,13,新東里,12
新東街,16,,14,新東里,11
新東街,16,,15,新東里,12
新東街,,,16,新東里,11
新東街,16,,16,新東里,11
新東街,16,,19,新東里,5
新東街,16,,20,新東里,7
新東街,16,,21,新東里,5
新東街,16,,22,新東里,7
新東街,16,,23,新東里,5
新東街,16,,24,新東里,7
新東街,16,,25,新東里,5
新東街,16,,26,新東里,7
新東街,16,,27,新東里,5
新東街,16,,29,新東里,5
新東街,16,,30,新東里,7
新東街,16,,31,新東里,5
新東街,16,,41,新東里,6
新東街,16,,43,新東里,6
新東街,16,,45,新東里,6
新東街,16,,47,新東里,6
新東街,16,,48,新東里,6
新東街,16,,49,新東里,6
新東街,16,,50,新東里,6
新東街,,,18之1,新東里,12
新東街,,,18,新東里,12
新東街,20,,1,新東里,13
新東街,20,,2,新東里,12
新東街,20,,3之1,新東里,13
新東街,20,,3,新東里,13
新東街,20,,4,新東里,12
新東街,20,,5,新東里,13
新東街,20,,6,新東里,12
新東街,20,,7,新東里,13
新東街,20,,8,新東里,12
新東街,20,,9,新東里,13
新東街,20,,10,新東里,12
新東街,20,,11,新東里,13
新東街,20,,12,新東里,12
新東街,20,,13,新東里,13
新東街,20,,14,新東里,12
新東街,20,,15,新東里,13
新東街,20,,16,新東里,12
新東街,20,,17,新東里,13
新東街,20,,19,新東里,13
新東街,20,,20,新東里,5
新東街,,,20,新東里,12
新東街,20,,21,新東里,13
新東街,20,,22,新東里,5
新東街,20,,23,新東里,13
新東街,20,,24,新東里,5
新東街,20,,25,新東里,13
新東街,20,,26,新東里,5
新東街,20,,27,新東里,4
新東街,20,,28,新東里,5
新東街,20,,29,新東里,4
新東街,20,,30,新東里,5
新東街,20,,31,新東里,4
新東街,20,,32,新東里,5
新東街,20,,33,新東里,4
新東街,20,,34之1,新東里,6
新東街,20,,34,新東里,6
新東街,20,,35,新東里,4
新東街,20,,36,新東里,6
新東街,20,,36之1,新東里,6
新東街,20,,37,新東里,4
新東街,20,,39,新東里,4
新東街,20,,41,新東里,4
新東街,20,,42,新東里,6
新東街,20,,43,新東里,4
新東街,20,,44,新東里,6
新東街,20,,45,新東里,4
新東街,20,,46,新東里,6
新東街,20,,48,新東里,6
新東街,20,,50,新東里,6
新東街,26,,1之1,新東里,14
新東街,26,,1,新東里,14
新東街,26,,2,新東里,13
新東街,26,,3之1,新東里,14
新東街,26,,3,新東里,14
新東街,26,,4之1,新東里,13
新東街,26,,4,新東里,13
新東街,26,,5,新東里,14
新東街,26,,6,新東里,13
新東街,26,,7,新東里,14
新東街,26,,8,新東里,13
新東街,26,,9,新東里,14
新東街,26,,10,新東里,13
新東街,26,,11,新東里,14
新東街,26,,12,新東里,13
新東街,26,,13之1,新東里,14
新東街,26,,13,新東里,14
新東街,26,,14,新東里,13
新東街,26,,15,新東里,14
新東街,26,,16,新東里,13
新東街,26,,17,新東里,14
新東街,26,,18,新東里,13
新東街,26,,19,新東里,14
新東街,26,,20,新東里,13
新東街,26,,27,新東里,3
新東街,26,,28,新東里,4
新東街,26,,29,新東里,3
新東街,26,,30,新東里,4
新東街,26,,31,新東里,3
新東街,26,,32,新東里,4
新東街,26,,33,新東里,3
新東街,26,,34,新東里,4
新東街,26,,35,新東里,3
新東街,26,,36,新東里,4
新東街,26,,37,新東里,3
新東街,26,,38,新東里,4
新東街,26,,39,新東里,3
新東街,26,,40,新東里,4
新東街,26,,41,新東里,3
新東街,26,,42,新東里,4
新東街,26,,43,新東里,3
新東街,26,,44,新東里,4
新東街,26,,45,新東里,3
新東街,26,,46,新東里,4
新東街,,,28之4,新東里,15
新東街,,,28之1,新東里,15
新東街,,,28之3,新東里,15
新東街,,,28之2,新東里,15
新東街,,,28,新東里,15
新東街,30,,6,新東里,15
新東街,30,,8,新東里,16
新東街,30,,10,新東里,16
新東街,30,,12,新東里,16
新東街,30,,14,新東里,16
新東街,30,,16,新東里,16
新東街,30,,18,新東里,16
新東街,30,,20,新東里,16
新東街,30,,22,新東里,16
新東街,30,,24,新東里,16
新東街,30,,26,新東里,17
新東街,30,,26之1,新東里,17
新東街,30,,28,新東里,17
新東街,,,30之1,新東里,15
新東街,30,,30,新東里,17
新東街,,,30,新東里,15
新東街,30,,32,新東里,17
新東街,30,,34,新東里,1
新東街,30,,34之1,新東里,1
新東街,30,,36,新東里,1
新東街,30,,38,新東里,2
新東街,30,,40,新東里,2
新東街,30,,42之2,新東里,2
新東街,30,,42,新東里,2
新東街,30,,42之1,新東里,2
新東街,30,,44之1,新東里,2
新東街,30,,44,新東里,2
撫遠街,,,230,新東里,2
撫遠街,,,232,新東里,2
撫遠街,,,234,新東里,2
三民路,180,,44,新益里,14
三民路,180,,46,新益里,14
三民路,180,,48,新益里,14
三民路,180,,49,新益里,13
三民路,180,,50,新益里,14
三民路,180,,51,新益里,13
三民路,180,,52,新益里,14
三民路,180,,53,新益里,13
三民路,180,,54,新益里,14
三民路,180,,55,新益里,13
三民路,180,,56,新益里,14
三民路,180,,67之1,新益里,13
三民路,180,,67,新益里,13
三民路,180,,69之1,新益里,13
三民路,180,,69,新益里,13
三民路,180,,71,新益里,13
三民路,180,,71之1,新益里,13
民生東路五段,,,253,新益里,12
民生東路五段,,,255,新益里,12
民生東路五段,,,257,新益里,12
民權東路五段,,,50,新益里,13
民權東路五段,,,52,新益里,13
民權東路五段,,,54,新益里,13
民權東路五段,,,56,新益里,13
民權東路五段,,,58之1,新益里,13
民權東路五段,,,58,新益里,13
民權東路五段,,,60,新益里,13
民權東路五段,,,60之1,新益里,13
民權東路五段,,,62,新益里,13
民權東路五段,,,62之1,新益里,13
民權東路五段,,,68,新益里,1
民權東路五段,,,70,新益里,1
民權東路五段,,,72,新益里,1
民權東路五段,,,74,新益里,1
民權東路五段,,,76,新益里,1
民權東路五段,,,78,新益里,1
民權東路五段,,,80,新益里,1
民權東路五段,,,82,新益里,1
民權東路五段,,,84,新益里,1
民權東路五段,,,86,新益里,1
民權東路五段,,,88,新益里,1
民權東路五段,,,90,新益里,1
民權東路五段,,,92,新益里,1
民權東路五段,,,96,新益里,1
民權東路五段,,,98,新益里,1
民權東路五段,,,100,新益里,1
民權東路五段,,,102,新益里,1
民權東路五段,104,,2,新益里,1
民權東路五段,104,,4,新益里,1
富錦街,,,528之1,新益里,18
富錦街,,,528,新益里,18
富錦街,,,529,新益里,17
富錦街,,,530,新益里,18
富錦街,,,530之1,新益里,18
富錦街,,,531,新益里,17
富錦街,,,532,新益里,18
富錦街,,,533,新益里,17
富錦街,,,534,新益里,18
富錦街,535,,1,新益里,17
富錦街,535,,2,新益里,17
富錦街,535,,3,新益里,17
富錦街,535,,4,新益里,17
富錦街,535,,5,新益里,17
富錦街,535,,7,新益里,17
富錦街,,,536,新益里,18
富錦街,,,537,新益里,17
富錦街,,,538,新益里,18
富錦街,,,539,新益里,17
富錦街,,,540,新益里,18
富錦街,,,541,新益里,17
富錦街,,,542,新益里,18
富錦街,,,543,新益里,17
富錦街,,,545,新益里,17
富錦街,,,546,新益里,6
富錦街,,,548,新益里,6
富錦街,,,550,新益里,6
富錦街,,,552,新益里,6
富錦街,562,,1,新益里,5
富錦街,562,,3,新益里,5
富錦街,562,,5,新益里,5
富錦街,562,,7,新益里,5
富錦街,562,,9,新益里,5
富錦街,562,,11,新益里,5
富錦街,562,,13,新益里,5
富錦街,,,565,新益里,4
富錦街,,,567,新益里,4
富錦街,,,569,新益里,4
富錦街,,,570,新益里,5
富錦街,571,,1,新益里,4
富錦街,571,,2,新益里,4
富錦街,571,,3,新益里,4
富錦街,571,,4,新益里,4
富錦街,571,,5,新益里,4
富錦街,571,,6,新益里,4
富錦街,571,,7,新益里,4
富錦街,571,,8,新益里,4
富錦街,571,,9,新益里,4
富錦街,571,,10,新益里,4
富錦街,571,,11,新益里,4
富錦街,571,,12,新益里,4
富錦街,571,,14,新益里,4
富錦街,571,,16,新益里,4
富錦街,571,,18,新益里,4
富錦街,572,,1,新益里,5
富錦街,572,,2,新益里,5
富錦街,572,,3,新益里,5
富錦街,572,,4,新益里,5
富錦街,572,,5,新益里,5
富錦街,572,,6,新益里,5
富錦街,572,,7,新益里,5
富錦街,572,,8,新益里,5
富錦街,572,,9,新益里,5
富錦街,572,,10,新益里,5
富錦街,572,,11,新益里,5
富錦街,572,,12,新益里,5
富錦街,572,,13,新益里,5
富錦街,572,,14,新益里,5
富錦街,574,,1,新益里,2
富錦街,574,,2,新益里,3
富錦街,574,,3,新益里,2
富錦街,574,,4,新益里,3
富錦街,574,,5,新益里,2
富錦街,574,,6,新益里,3
富錦街,574,,8,新益里,3
富錦街,574,,9,新益里,2
富錦街,574,,10,新益里,3
富錦街,574,,11,新益里,2
富錦街,574,,12,新益里,3
富錦街,,,574,新益里,3
富錦街,,,576,新益里,2
富錦街,,,578,新益里,2
富錦街,581,,1,新益里,3
富錦街,581,,3,新益里,3
富錦街,581,,4,新益里,2
富錦街,581,,5,新益里,3
富錦街,581,,6,新益里,2
富錦街,581,,7,新益里,3
富錦街,581,,8,新益里,2
富錦街,581,,9,新益里,3
富錦街,581,,10,新益里,2
富錦街,581,,11,新益里,3
富錦街,581,,12,新益里,2
富錦街,581,,13,新益里,3
富錦街,581,,14,新益里,2
富錦街,581,,15,新益里,3
富錦街,581,,16,新益里,2
富錦街,581,,17,新益里,3
富錦街,581,,18,新益里,2
富錦街,581,,19,新益里,3
富錦街,581,,20,新益里,2
富錦街,581,,22,新益里,2
富錦街,581,,24,新益里,2
富錦街,,,583,新益里,2
富錦街,,,585,新益里,2
塔悠路,,,288,新益里,12
塔悠路,,,290,新益里,12
塔悠路,,,292,新益里,12
塔悠路,,,294,新益里,12
塔悠路,,,296,新益里,12
塔悠路,,,298之1,新益里,12
塔悠路,,,298之2,新益里,12
塔悠路,,,298,新益里,12
塔悠路,,,300,新益里,12
塔悠路,,,302,新益里,12
塔悠路,,,306,新益里,11
塔悠路,,,308,新益里,11
塔悠路,,,310,新益里,11
塔悠路,,,312,新益里,11
塔悠路,,,316,新益里,10
塔悠路,,,318,新益里,10
塔悠路,,,320,新益里,10
塔悠路,,,326,新益里,7
新東街,,,38,新益里,18
新東街,,,38之1,新益里,18
新東街,,,40之1,新益里,18
新東街,,,40,新益里,18
新東街,,,48,新益里,17
新東街,,,50,新益里,17
新東街,,,52,新益里,17
新東街,54,,1,新益里,16
新東街,54,,3,新益里,16
新東街,54,,5,新益里,16
新東街,54,,7,新益里,16
新東街,54,,9,新益里,16
新東街,54,,10,新益里,17
新東街,54,,11,新益里,16
新東街,54,,12,新益里,17
新東街,54,,14,新益里,17
新東街,54,,18,新益里,17
新東街,,,56,新益里,16
新東街,,,58,新益里,16
新東街,60,,1,新益里,15
新東街,60,,2,新益里,16
新東街,60,,3,新益里,15
新東街,60,,4,新益里,16
新東街,60,,5,新益里,15
新東街,60,,6,新益里,16
新東街,60,,7,新益里,15
新東街,60,,7之1,新益里,15
新東街,60,,8,新益里,16
新東街,60,,9,新益里,15
新東街,60,,10,新益里,16
新東街,60,,11,新益里,15
新東街,60,,12,新益里,16
新東街,60,,14,新益里,16
新東街,60,,15,新益里,15
新東街,60,,16,新益里,16
新東街,60,,17,新益里,15
新東街,60,,18,新益里,16
新東街,,,62,新益里,15
新東街,,,64,新益里,15
新東街,66,,1之1,新益里,14
新東街,66,,1,新益里,14
新東街,66,,2,新益里,15
新東街,66,,3,新益里,14
新東街,66,,4,新益里,15
新東街,66,,5,新益里,14
新東街,66,,6,新益里,15
新東街,66,,7,新益里,14
新東街,66,,8,新益里,15
新東街,66,,9,新益里,14
新東街,66,,10,新益里,15
新東街,66,,11,新益里,14
新東街,66,,12,新益里,15
新東街,66,,13,新益里,14
新東街,66,,16,新益里,15
新東街,66,,18,新益里,15
撫遠街,,,187,新益里,12
撫遠街,,,189,新益里,12
撫遠街,,,189之1,新益里,12
撫遠街,,,189之2,新益里,12
撫遠街,,,191,新益里,12
撫遠街,,,191之1,新益里,12
撫遠街,,,193,新益里,12
撫遠街,,,193之1,新益里,12
撫遠街,195,,1,新益里,12
撫遠街,195,,3,新益里,12
撫遠街,195,,5,新益里,12
撫遠街,195,,6,新益里,12
撫遠街,195,,7,新益里,12
撫遠街,195,,8,新益里,12
撫遠街,195,,9,新益里,12
撫遠街,,,197,新益里,12
撫遠街,,,199,新益里,12
撫遠街,,,201,新益里,12
撫遠街,,,203,新益里,12
撫遠街,,,205,新益里,12
撫遠街,,,207,新益里,12
撫遠街,211,,1,新益里,11
撫遠街,211,,2,新益里,12
撫遠街,211,,3,新益里,11
撫遠街,211,,4,新益里,12
撫遠街,211,,5,新益里,11
撫遠街,211,,6,新益里,12
撫遠街,211,,7,新益里,11
撫遠街,211,,8,新益里,12
撫遠街,211,,9,新益里,11
撫遠街,211,,10,新益里,12
撫遠街,211,,11,新益里,11
撫遠街,211,,12,新益里,12
撫遠街,211,,13,新益里,11
撫遠街,211,,41,新益里,11
撫遠街,211,,43,新益里,11
撫遠街,211,,45,新益里,11
撫遠街,211,,47,新益里,11
撫遠街,211,,49,新益里,11
撫遠街,211,,51,新益里,11
撫遠街,,,247,新益里,11
撫遠街,,,247之1,新益里,11
撫遠街,,,247之2,新益里,11
撫遠街,249,,1,新益里,10
撫遠街,249,,2,新益里,11
撫遠街,249,,3,新益里,10
撫遠街,249,,4,新益里,11
撫遠街,249,,5,新益里,10
撫遠街,249,,6,新益里,11
撫遠街,249,,7,新益里,10
撫遠街,249,,8,新益里,11
撫遠街,249,,9,新益里,10
撫遠街,249,,10,新益里,11
撫遠街,249,,11,新益里,10
撫遠街,249,,12,新益里,11
撫遠街,249,,13,新益里,10
撫遠街,249,,14,新益里,11
撫遠街,249,,15,新益里,10
撫遠街,249,,16,新益里,11
撫遠街,249,,17,新益里,10
撫遠街,249,,18,新益里,11
撫遠街,249,,19,新益里,10
撫遠街,249,,20,新益里,11
撫遠街,249,,21,新益里,10
撫遠街,249,,23,新益里,10
撫遠街,249,,25,新益里,10
撫遠街,249,,27,新益里,10
撫遠街,249,,29,新益里,10
撫遠街,249,,31,新益里,10
撫遠街,249,,33,新益里,10
撫遠街,,,251,新益里,9
撫遠街,,,253,新益里,9
撫遠街,255,,1之1,新益里,8
撫遠街,255,,1,新益里,8
撫遠街,255,,2,新益里,9
撫遠街,255,,3,新益里,8
撫遠街,255,,4,新益里,9
撫遠街,255,,5,新益里,8
撫遠街,255,,6,新益里,9
撫遠街,255,,7,新益里,8
撫遠街,255,,8,新益里,9
撫遠街,255,,9,新益里,8
撫遠街,255,,10,新益里,9
撫遠街,255,,11,新益里,8
撫遠街,255,,12,新益里,9
撫遠街,255,,13,新益里,8
撫遠街,255,,13之1,新益里,8
撫遠街,255,,14,新益里,9
撫遠街,255,,15,新益里,8
撫遠街,255,,16,新益里,9
撫遠街,255,,17,新益里,8
撫遠街,255,,18,新益里,9
撫遠街,255,,19,新益里,8
撫遠街,255,,20,新益里,9
撫遠街,255,,21,新益里,8
撫遠街,255,,22,新益里,9
撫遠街,255,,23,新益里,8
撫遠街,255,,24,新益里,9
撫遠街,255,,25,新益里,8
撫遠街,255,,26,新益里,9
撫遠街,255,,27,新益里,8
撫遠街,255,,28,新益里,9
撫遠街,255,,29,新益里,8
撫遠街,255,,31,新益里,8
撫遠街,,,257,新益里,8
撫遠街,,,257之1,新益里,8
撫遠街,,,259,新益里,7
撫遠街,,,259之2,新益里,7
撫遠街,,,259之1,新益里,7
撫遠街,261,,2,新益里,7
撫遠街,261,,4,新益里,7
撫遠街,261,,6,新益里,7
撫遠街,261,,8,新益里,7
撫遠街,261,,10,新益里,7
撫遠街,261,,12,新益里,7
撫遠街,261,,12之1,新益里,7
撫遠街,261,,14,新益里,7
撫遠街,261,,16,新益里,7
撫遠街,261,,18,新益里,7
撫遠街,261,,20,新益里,7
撫遠街,261,,22,新益里,7
撫遠街,261,,24,新益里,7
撫遠街,261,,26,新益里,7
撫遠街,261,,28,新益里,7
撫遠街,261,,30,新益里,7
撫遠街,261,,32,新益里,7
撫遠街,261,,34,新益里,7
撫遠街,300,,2,新益里,18
撫遠街,300,,4,新益里,18
撫遠街,300,,6,新益里,18
撫遠街,300,,8,新益里,18
撫遠街,300,,10,新益里,18
撫遠街,300,,12,新益里,18
撫遠街,300,,14,新益里,18
撫遠街,300,,16,新益里,18
撫遠街,,,302,新益里,18
撫遠街,,,304,新益里,18
撫遠街,,,306,新益里,17
撫遠街,,,331之4,新益里,6
撫遠街,,,331之3,新益里,6
撫遠街,,,331,新益里,6
撫遠街,,,331之1,新益里,6
撫遠街,,,331之2,新益里,6
撫遠街,,,335,新益里,4
撫遠街,,,337,新益里,4
撫遠街,,,339,新益里,4
撫遠街,,,348,新益里,14
撫遠街,,,348之1,新益里,14
撫遠街,,,350,新益里,14
撫遠街,,,350之1,新益里,14
撫遠街,,,352,新益里,13
撫遠街,,,354,新益里,13
撫遠街,,,356,新益里,13
撫遠街,,,358,新益里,13
撫遠街,,,360,新益里,13
撫遠街,,,362,新益里,13
八德路四段,245,13,1,新聚里,11
八德路四段,245,13,2,新聚里,11
八德路四段,245,13,4,新聚里,11
八德路四段,245,13,5,新聚里,11
八德路四段,245,13,6,新聚里,11
八德路四段,245,13,7,新聚里,11
八德路四段,245,13,9,新聚里,11
八德路四段,245,13,10,新聚里,11
八德路四段,245,13,12,新聚里,11
八德路四段,245,13,13,新聚里,11
八德路四段,245,13,15,新聚里,11
八德路四段,245,,17,新聚里,11
八德路四段,245,,27,新聚里,17
八德路四段,245,,29,新聚里,17
八德路四段,245,,31,新聚里,17
八德路四段,245,,33,新聚里,17
八德路四段,245,,35,新聚里,17
八德路四段,245,,37,新聚里,17
八德路四段,,,246,新聚里,2
八德路四段,,,247,新聚里,11
八德路四段,,,248,新聚里,2
八德路四段,,,249,新聚里,11
八德路四段,,,250,新聚里,2
八德路四段,,,251,新聚里,11
八德路四段,,,252,新聚里,2
八德路四段,,,253,新聚里,11
八德路四段,,,254,新聚里,2
八德路四段,,,255,新聚里,11
八德路四段,,,256,新聚里,2
八德路四段,,,257,新聚里,11
八德路四段,,,258,新聚里,2
八德路四段,,,259,新聚里,11
八德路四段,,,260,新聚里,2
八德路四段,,,261,新聚里,11
八德路四段,,,262,新聚里,2
八德路四段,,,263,新聚里,11
八德路四段,,,264,新聚里,2
八德路四段,,,265,新聚里,11
八德路四段,,,266,新聚里,1
八德路四段,,,268,新聚里,1
八德路四段,,,270,新聚里,1
八德路四段,,,272,新聚里,1
八德路四段,,,274,新聚里,1
八德路四段,,,276,新聚里,1
八德路四段,,,277,新聚里,28
八德路四段,,,277之1,新聚里,28
八德路四段,,,278,新聚里,1
八德路四段,,,279,新聚里,28
八德路四段,,,280,新聚里,1
八德路四段,,,281,新聚里,28
八德路四段,,,282,新聚里,1
八德路四段,,,283,新聚里,28
八德路四段,,,284,新聚里,1
八德路四段,,,285,新聚里,28
八德路四段,,,286,新聚里,1
八德路四段,,,287,新聚里,28
八德路四段,,,288,新聚里,1
八德路四段,,,289之3,新聚里,28
八德路四段,,,289,新聚里,28
八德路四段,,,289之2,新聚里,28
八德路四段,,,289之4,新聚里,28
八德路四段,,,289之1,新聚里,28
八德路四段,,,289之5,新聚里,28
八德路四段,,,290,新聚里,1
八德路四段,,,292,新聚里,1
八德路四段,,,293,新聚里,23
八德路四段,,,294,新聚里,1
八德路四段,295,18,2,新聚里,28
八德路四段,295,18,4,新聚里,28
八德路四段,295,18,6,新聚里,28
八德路四段,295,18,8,新聚里,28
八德路四段,295,18,10,新聚里,28
八德路四段,295,18,12,新聚里,28
八德路四段,295,18,14,新聚里,28
八德路四段,295,18,16,新聚里,28
八德路四段,295,18,18,新聚里,28
八德路四段,295,18,20,新聚里,28
八德路四段,,,295,新聚里,23
八德路四段,,,296,新聚里,1
八德路四段,,,297,新聚里,23
八德路四段,,,298,新聚里,1
八德路四段,,,299,新聚里,23
八德路四段,,,300,新聚里,1
八德路四段,,,301,新聚里,23
八德路四段,,,302,新聚里,1
八德路四段,,,303,新聚里,23
八德路四段,,,305,新聚里,23
八德路四段,,,306,新聚里,1
八德路四段,,,307,新聚里,23
八德路四段,,,309,新聚里,23
八德路四段,,,311,新聚里,23
八德路四段,,,312,新聚里,1
八德路四段,,,312之3,新聚里,1
八德路四段,,,312之2,新聚里,1
八德路四段,,,312之4,新聚里,1
八德路四段,,,312之1,新聚里,1
八德路四段,,,313,新聚里,23
八德路四段,,,314,新聚里,1
八德路四段,,,315,新聚里,23
八德路四段,,,316,新聚里,1
八德路四段,,,317,新聚里,23
八德路四段,,,318,新聚里,1
八德路四段,,,319,新聚里,23
八德路四段,,,320,新聚里,1
八德路四段,,,321,新聚里,23
八德路四段,,,322,新聚里,1
八德路四段,,,323,新聚里,23
八德路四段,,,324,新聚里,1
八德路四段,,,326,新聚里,1
八德路四段,,,328,新聚里,1
八德路四段,,,330,新聚里,1
八德路四段,,,332,新聚里,1
八德路四段,,,334,新聚里,1
八德路四段,,,335,新聚里,16
八德路四段,,,336,新聚里,1
八德路四段,,,337,新聚里,16
八德路四段,,,338,新聚里,1
八德路四段,,,339,新聚里,16
八德路四段,,,340,新聚里,1
八德路四段,,,341,新聚里,16
八德路四段,,,342,新聚里,1
八德路四段,,,343,新聚里,16
八德路四段,,,344,新聚里,1
八德路四段,,,345,新聚里,16
八德路四段,,,346,新聚里,1
八德路四段,,,347,新聚里,16
八德路四段,,,348,新聚里,1
八德路四段,,,349,新聚里,16
八德路四段,,,350,新聚里,1
八德路四段,,,351,新聚里,16
八德路四段,,,352,新聚里,1
八德路四段,,,353,新聚里,16
八德路四段,,,354,新聚里,1
八德路四段,,,355,新聚里,16
八德路四段,,,356,新聚里,1
八德路四段,,,357,新聚里,16
八德路四段,,,358,新聚里,1
八德路四段,,,359,新聚里,16
八德路四段,,,360,新聚里,1
八德路四段,,,361,新聚里,16
八德路四段,,,362,新聚里,1
八德路四段,,,363,新聚里,16
八德路四段,,,364,新聚里,1
八德路四段,,,366,新聚里,1
八德路四段,,,368,新聚里,1
八德路四段,389,,1,新聚里,16
八德路四段,389,,2,新聚里,9
八德路四段,389,,3,新聚里,16
八德路四段,389,,4,新聚里,9
八德路四段,389,,5,新聚里,16
八德路四段,389,,6,新聚里,9
八德路四段,389,,7,新聚里,16
八德路四段,389,,8,新聚里,9
八德路四段,389,,9,新聚里,16
八德路四段,389,,10,新聚里,9
八德路四段,389,,18,新聚里,9
八德路四段,389,,20,新聚里,9
八德路四段,389,,22,新聚里,9
八德路四段,389,,24,新聚里,9
八德路四段,389,,26,新聚里,9
八德路四段,389,,28,新聚里,9
八德路四段,389,,29之2,新聚里,13
八德路四段,389,,29之1,新聚里,13
八德路四段,389,,29,新聚里,13
八德路四段,389,,30,新聚里,9
八德路四段,389,,31之2,新聚里,13
八德路四段,389,,31,新聚里,13
八德路四段,389,,31之1,新聚里,13
八德路四段,389,,32,新聚里,9
八德路四段,389,,34,新聚里,9
八德路四段,389,,36,新聚里,9
八德路四段,389,,38,新聚里,9
八德路四段,,,391,新聚里,9
八德路四段,,,391之1,新聚里,9
八德路四段,,,391之2,新聚里,9
八德路四段,,,393,新聚里,9
八德路四段,,,393之2,新聚里,9
八德路四段,,,393之1,新聚里,9
八德路四段,,,395之2,新聚里,9
八德路四段,,,395之3,新聚里,9
八德路四段,,,395,新聚里,9
八德路四段,,,395之1,新聚里,9
八德路四段,,,397之3,新聚里,9
八德路四段,,,397,新聚里,9
八德路四段,,,397之2,新聚里,9
八德路四段,,,397之1,新聚里,9
八德路四段,,,399,新聚里,9
八德路四段,,,399之1,新聚里,9
八德路四段,,,399之2,新聚里,9
八德路四段,,,401之2,新聚里,9
八德路四段,,,401,新聚里,9
八德路四段,,,401之1,新聚里,9
八德路四段,,,403之3,新聚里,3
八德路四段,,,403之4,新聚里,3
八德路四段,,,403,新聚里,3
八德路四段,,,403之1,新聚里,3
八德路四段,,,403之2,新聚里,3
八德路四段,,,403之7,新聚里,3
八德路四段,,,403之6,新聚里,3
八德路四段,,,403之5,新聚里,3
市民大道五段,,,191,新聚里,2
市民大道五段,,,193,新聚里,2
市民大道五段,,,195,新聚里,2
市民大道五段,,,197,新聚里,2
市民大道五段,,,199,新聚里,2
市民大道五段,,,201,新聚里,2
東興路,,,1,新聚里,26
東興路,2,,1,新聚里,17
東興路,2,,2,新聚里,17
東興路,2,,3,新聚里,17
東興路,2,,5,新聚里,17
東興路,2,,6,新聚里,17
東興路,2,,7,新聚里,17
東興路,2,,8,新聚里,17
東興路,2,,9,新聚里,17
東興路,2,,10,新聚里,17
東興路,2,,11,新聚里,17
東興路,2,,15,新聚里,17
東興路,2,,17,新聚里,17
東興路,,,3,新聚里,26
東興路,,,5,新聚里,26
東興路,,,6,新聚里,17
東興路,,,7,新聚里,26
東興路,,,8,新聚里,17
東興路,,,9,新聚里,26
東興路,,,11,新聚里,26
東興路,,,12,新聚里,17
東興路,,,13之1,新聚里,26
東興路,,,13,新聚里,26
東興路,,,14,新聚里,11
東興路,15,,1,新聚里,26
東興路,15,,2,新聚里,26
東興路,15,,3,新聚里,26
東興路,,,16,新聚里,11
東興路,,,17,新聚里,26
東興路,,,18,新聚里,11
東興路,,,19,新聚里,26
東興路,,,21,新聚里,26
東興路,,,23,新聚里,26
東興路,,,25,新聚里,28
東興路,,,27,新聚里,2
東興路,,,29,新聚里,2
東興路,,,31,新聚里,2
東興路,,,33,新聚里,2
南京東路五段,,,196,新聚里,30
南京東路五段,,,198,新聚里,30
南京東路五段,,,200,新聚里,30
南京東路五段,,,202之1,新聚里,29
南京東路五段,,,202,新聚里,29
南京東路五段,,,206,新聚里,29
南京東路五段,,,208,新聚里,29
南京東路五段,,,210,新聚里,29
南京東路五段,,,212,新聚里,29
南京東路五段,,,222,新聚里,29
南京東路五段,,,222之1,新聚里,29
南京東路五段,,,230之5,新聚里,25
南京東路五段,,,230之3,新聚里,25
南京東路五段,,,230,新聚里,25
南京東路五段,,,230之4,新聚里,25
南京東路五段,,,230之2,新聚里,25
南京東路五段,,,230之1,新聚里,25
南京東路五段,,,232,新聚里,24
南京東路五段,,,234之5,新聚里,24
南京東路五段,,,234之1,新聚里,24
南京東路五段,,,234之2,新聚里,24
南京東路五段,,,234之3,新聚里,24
南京東路五段,,,234,新聚里,24
南京東路五段,,,234之4,新聚里,24
南京東路五段,250,2,1之2,新聚里,18
南京東路五段,250,2,1,新聚里,18
南京東路五段,250,2,1之3,新聚里,18
南京東路五段,250,2,1之1,新聚里,18
南京東路五段,250,2,2,新聚里,20
南京東路五段,250,2,3之1,新聚里,18
南京東路五段,250,2,3,新聚里,18
南京東路五段,250,2,4,新聚里,20
南京東路五段,250,2,5,新聚里,18
南京東路五段,250,2,5之1,新聚里,18
南京東路五段,250,2,6,新聚里,20
南京東路五段,250,2,7之1,新聚里,18
南京東路五段,250,2,7,新聚里,18
南京東路五段,250,2,8,新聚里,20
南京東路五段,250,2,9之1,新聚里,18
南京東路五段,250,2,9,新聚里,18
南京東路五段,250,2,10,新聚里,20
南京東路五段,250,2,11,新聚里,18
南京東路五段,250,2,11之1,新聚里,18
南京東路五段,250,2,12,新聚里,20
南京東路五段,250,2,12之2,新聚里,20
南京東路五段,250,2,12之1,新聚里,20
南京東路五段,250,2,13,新聚里,18
南京東路五段,250,2,13之1,新聚里,18
南京東路五段,250,2,14,新聚里,20
南京東路五段,250,2,15之1,新聚里,18
南京東路五段,250,2,15,新聚里,18
南京東路五段,250,2,16之1,新聚里,20
南京東路五段,250,2,16之5,新聚里,20
南京東路五段,250,2,16之2,新聚里,20
南京東路五段,250,2,16之3,新聚里,20
南京東路五段,250,2,16,新聚里,20
南京東路五段,250,2,17之1,新聚里,18
南京東路五段,250,2,17,新聚里,18
南京東路五段,250,2,18,新聚里,13
南京東路五段,250,2,19之1,新聚里,18
南京東路五段,250,2,19,新聚里,18
南京東路五段,250,2,20,新聚里,13
南京東路五段,250,2,21,新聚里,12
南京東路五段,250,2,22,新聚里,13
南京東路五段,250,2,23,新聚里,12
南京東路五段,250,2,24,新聚里,13
南京東路五段,250,2,25,新聚里,12
南京東路五段,250,2,25之1,新聚里,12
南京東路五段,250,2,26,新聚里,13
南京東路五段,250,2,27,新聚里,12
南京東路五段,250,2,27之1,新聚里,12
南京東路五段,250,2,28,新聚里,13
南京東路五段,250,2,29之1,新聚里,12
南京東路五段,250,2,29,新聚里,12
南京東路五段,250,2,30,新聚里,6
南京東路五段,250,2,31之1,新聚里,12
南京東路五段,250,2,31,新聚里,12
南京東路五段,250,2,32,新聚里,6
南京東路五段,250,2,33之1,新聚里,12
南京東路五段,250,2,33,新聚里,12
南京東路五段,250,2,35,新聚里,12
南京東路五段,250,2,35之1,新聚里,12
南京東路五段,250,2,37,新聚里,12
南京東路五段,250,2,37之1,新聚里,12
南京東路五段,250,2,39之1,新聚里,12
南京東路五段,250,2,39,新聚里,12
南京東路五段,250,2,41,新聚里,12
南京東路五段,250,2,43,新聚里,12
南京東路五段,250,,3之1,新聚里,26
南京東路五段,250,,3之2,新聚里,26
南京東路五段,250,,3,新聚里,26
南京東路五段,250,,3之4,新聚里,26
南京東路五段,250,,3之3,新聚里,26
南京東路五段,250,,3之8,新聚里,26
南京東路五段,250,,3之5,新聚里,26
南京東路五段,250,,3之6,新聚里,26
南京東路五段,250,,3之7,新聚里,26
南京東路五段,250,,4,新聚里,20
南京東路五段,250,,5之1,新聚里,26
南京東路五段,250,,5之4,新聚里,26
南京東路五段,250,,5之2,新聚里,26
南京東路五段,250,,5,新聚里,26
南京東路五段,250,,5之3,新聚里,26
南京東路五段,250,,5之9,新聚里,26
南京東路五段,250,,5之7,新聚里,26
南京東路五段,250,,5之5,新聚里,26
南京東路五段,250,,5之6,新聚里,26
南京東路五段,250,,5之8,新聚里,26
南京東路五段,250,,6,新聚里,20
南京東路五段,250,,8,新聚里,20
南京東路五段,250,,9,新聚里,27
南京東路五段,250,,9之2,新聚里,27
南京東路五段,250,,9之3,新聚里,27
南京東路五段,250,,9之1,新聚里,27
南京東路五段,250,,9之4,新聚里,27
南京東路五段,250,,9之5,新聚里,27
南京東路五段,250,,9之7,新聚里,27
南京東路五段,250,,9之6,新聚里,27
南京東路五段,250,,9之8,新聚里,27
南京東路五段,250,,9之9,新聚里,27
南京東路五段,250,,10,新聚里,20
南京東路五段,250,,11之3,新聚里,27
南京東路五段,250,,11之2,新聚里,27
南京東路五段,250,,11之4,新聚里,27
南京東路五段,250,,11,新聚里,27
南京東路五段,250,,11之1,新聚里,27
南京東路五段,250,,11之5,新聚里,27
南京東路五段,250,,11之6,新聚里,27
南京東路五段,250,,11之8,新聚里,27
南京東路五段,250,,11之7,新聚里,27
南京東路五段,250,,12之1,新聚里,20
南京東路五段,250,,12,新聚里,20
南京東路五段,250,,16,新聚里,20
南京東路五段,250,18,1,新聚里,20
南京東路五段,250,18,2之1,新聚里,21
南京東路五段,250,18,2,新聚里,21
南京東路五段,250,18,3,新聚里,20
南京東路五段,250,18,4之1,新聚里,21
南京東路五段,250,18,4,新聚里,21
南京東路五段,250,18,5,新聚里,20
南京東路五段,250,18,6之1,新聚里,21
南京東路五段,250,18,6,新聚里,21
南京東路五段,250,18,7,新聚里,20
南京東路五段,250,18,8之1,新聚里,21
南京東路五段,250,18,8,新聚里,21
南京東路五段,250,18,9,新聚里,20
南京東路五段,250,18,10,新聚里,21
南京東路五段,250,18,10之1,新聚里,21
南京東路五段,250,18,11之3,新聚里,20
南京東路五段,250,18,11之2,新聚里,20
南京東路五段,250,18,11之1,新聚里,20
南京東路五段,250,18,11之4,新聚里,20
南京東路五段,250,18,11,新聚里,20
南京東路五段,250,18,12之2,新聚里,21
南京東路五段,250,18,12,新聚里,21
南京東路五段,250,18,12之1,新聚里,21
南京東路五段,250,18,13之1,新聚里,20
南京東路五段,250,18,13,新聚里,20
南京東路五段,250,18,14之1,新聚里,21
南京東路五段,250,18,14,新聚里,21
南京東路五段,250,18,15,新聚里,20
南京東路五段,250,18,15之3,新聚里,20
南京東路五段,250,18,15之2,新聚里,20
南京東路五段,250,18,15之1,新聚里,20
南京東路五段,250,18,16,新聚里,21
南京東路五段,250,18,16之1,新聚里,21
南京東路五段,250,18,17,新聚里,13
南京東路五段,250,18,17之1,新聚里,13
南京東路五段,250,18,18,新聚里,21
南京東路五段,250,18,18之1,新聚里,21
南京東路五段,250,18,19,新聚里,13
南京東路五段,250,18,20之1,新聚里,21
南京東路五段,250,18,20,新聚里,21
南京東路五段,250,18,21,新聚里,13
南京東路五段,250,18,23,新聚里,13
南京東路五段,250,18,25,新聚里,13
南京東路五段,250,18,26,新聚里,14
南京東路五段,250,18,27,新聚里,13
南京東路五段,250,18,28,新聚里,14
南京東路五段,250,18,30,新聚里,14
南京東路五段,250,18,32,新聚里,14
南京東路五段,250,18,34,新聚里,14
南京東路五段,250,18,36,新聚里,14
南京東路五段,250,18,38,新聚里,14
南京東路五段,250,18,40,新聚里,14
南京東路五段,250,18,42,新聚里,14
南京東路五段,250,18,44,新聚里,14
南京東路五段,250,18,46,新聚里,14
南京東路五段,250,36,1之1,新聚里,22
南京東路五段,250,36,1,新聚里,22
南京東路五段,250,36,2,新聚里,23
南京東路五段,250,36,3,新聚里,22
南京東路五段,250,36,3之1,新聚里,22
南京東路五段,250,36,4,新聚里,23
南京東路五段,250,36,5,新聚里,22
南京東路五段,250,36,5之1,新聚里,22
南京東路五段,250,36,6,新聚里,23
南京東路五段,250,36,7之1,新聚里,22
南京東路五段,250,36,7,新聚里,22
南京東路五段,250,36,8,新聚里,23
南京東路五段,250,36,9之1,新聚里,22
南京東路五段,250,36,9,新聚里,22
南京東路五段,250,36,10,新聚里,23
南京東路五段,250,36,11之1,新聚里,22
南京東路五段,250,36,11,新聚里,22
南京東路五段,250,36,12,新聚里,23
南京東路五段,250,36,13之1,新聚里,22
南京東路五段,250,36,13,新聚里,22
南京東路五段,250,36,14,新聚里,23
南京東路五段,250,36,15之1,新聚里,22
南京東路五段,250,36,15,新聚里,22
南京東路五段,250,36,16,新聚里,23
南京東路五段,250,36,17之1,新聚里,22
南京東路五段,250,36,17,新聚里,22
南京東路五段,250,36,18,新聚里,23
南京東路五段,250,36,19,新聚里,22
南京東路五段,250,36,19之1,新聚里,22
南京東路五段,250,36,25,新聚里,14
南京東路五段,250,36,25之1,新聚里,14
南京東路五段,250,36,27之1,新聚里,14
南京東路五段,250,36,27,新聚里,14
南京東路五段,250,36,29之1,新聚里,14
南京東路五段,250,36,29,新聚里,14
南京東路五段,250,36,31之1,新聚里,14
南京東路五段,250,36,31,新聚里,14
南京東路五段,250,36,33,新聚里,14
南京東路五段,250,36,33之1,新聚里,14
南京東路五段,250,36,34,新聚里,15
南京東路五段,250,36,35之1,新聚里,14
南京東路五段,250,36,35,新聚里,14
南京東路五段,250,36,36,新聚里,15
南京東路五段,250,36,37之1,新聚里,14
南京東路五段,250,36,37,新聚里,14
南京東路五段,250,36,38,新聚里,15
南京東路五段,250,36,39之1,新聚里,14
南京東路五段,250,36,39,新聚里,14
南京東路五段,250,36,40,新聚里,15
南京東路五段,250,36,41之1,新聚里,14
南京東路五段,250,36,41,新聚里,14
南京東路五段,250,36,42,新聚里,15
南京東路五段,250,36,43,新聚里,14
南京東路五段,250,36,43之1,新聚里,14
南京東路五段,250,36,44,新聚里,15
南京東路五段,250,36,46,新聚里,15
南京東路五段,250,36,48,新聚里,15
南京東路五段,250,36,50,新聚里,15
南京東路五段,250,36,52,新聚里,15
南京東路五段,250,36,54,新聚里,16
南京東路五段,250,36,56,新聚里,16
南京東路五段,250,36,58,新聚里,16
南京東路五段,250,36,60,新聚里,16
南京東路五段,,,252,新聚里,10
南京東路五段,,,254,新聚里,10
南京東路五段,,,256,新聚里,10
南京東路五段,,,258,新聚里,10
南京東路五段,,,258之1,新聚里,10
南京東路五段,,,258之2,新聚里,10
南京東路五段,,,258之3,新聚里,10
南京東路五段,,,260之1,新聚里,10
南京東路五段,,,260之2,新聚里,10
南京東路五段,,,260,新聚里,10
南京東路五段,,,260之3,新聚里,10
南京東路五段,,,262,新聚里,10
南京東路五段,,,264,新聚里,10
南京東路五段,,,266,新聚里,10
南京東路五段,,,268,新聚里,10
南京東路五段,,,270之1,新聚里,10
南京東路五段,,,270,新聚里,10
南京東路五段,,,270之2,新聚里,10
南京東路五段,,,270之3,新聚里,10
南京東路五段,,,272,新聚里,10
南京東路五段,,,272之2,新聚里,10
南京東路五段,,,272之3,新聚里,10
南京東路五段,,,272之1,新聚里,10
南京東路五段,,,274,新聚里,10
南京東路五段,,,276,新聚里,10
南京東路五段,,,278之1,新聚里,10
南京東路五段,,,278,新聚里,10
南京東路五段,,,278之3,新聚里,10
南京東路五段,,,278之2,新聚里,10
南京東路五段,,,280之2,新聚里,10
南京東路五段,,,280,新聚里,10
南京東路五段,,,280之1,新聚里,10
南京東路五段,,,280之3,新聚里,10
南京東路五段,,,282,新聚里,10
南京東路五段,,,282之2,新聚里,10
南京東路五段,,,282之1,新聚里,10
南京東路五段,,,282之3,新聚里,10
南京東路五段,,,284,新聚里,10
南京東路五段,286,,1之2,新聚里,13
南京東路五段,286,,1,新聚里,13
南京東路五段,286,,1之1,新聚里,13
南京東路五段,286,,2,新聚里,19
南京東路五段,286,,3之2,新聚里,13
南京東路五段,286,,3之1,新聚里,13
南京東路五段,286,,3,新聚里,13
南京東路五段,286,,4,新聚里,19
南京東路五段,286,,5之2,新聚里,14
南京東路五段,286,,5之1,新聚里,14
南京東路五段,286,,5,新聚里,14
南京東路五段,286,,6之1,新聚里,19
南京東路五段,286,,6,新聚里,19
南京東路五段,286,,7,新聚里,14
南京東路五段,286,,7之2,新聚里,14
南京東路五段,286,,7之1,新聚里,14
南京東路五段,286,,8,新聚里,19
南京東路五段,,,286,新聚里,10
南京東路五段,,,286之1,新聚里,10
南京東路五段,,,296,新聚里,10
南京東路五段,,,298,新聚里,10
南京東路五段,,,300,新聚里,10
南京東路五段,,,308,新聚里,10
南京東路五段,,,312,新聚里,10
南京東路五段,,,314,新聚里,10
南京東路五段,,,316,新聚里,10
南京東路五段,,,318,新聚里,10
南京東路五段,,,322,新聚里,10
南京東路五段,,,322之1,新聚里,10
南京東路五段,,,322之2,新聚里,10
南京東路五段,,,322之3,新聚里,10
南京東路五段,,,324,新聚里,10
南京東路五段,,,324之1,新聚里,10
南京東路五段,,,324之2,新聚里,10
南京東路五段,,,324之3,新聚里,10
南京東路五段,,,326,新聚里,10
南京東路五段,,,328,新聚里,8
南京東路五段,,,330,新聚里,8
南京東路五段,,,332,新聚里,8
南京東路五段,,,336,新聚里,8
南京東路五段,,,346之1,新聚里,7
南京東路五段,,,346,新聚里,7
南京東路五段,,,346之2,新聚里,7
南京東路五段,,,348,新聚里,7
南京東路五段,,,352,新聚里,3
南京東路五段,,,354,新聚里,3
南京東路五段,,,356,新聚里,3
南京東路五段,,,358,新聚里,3
南京東路五段,,,360,新聚里,3
南京東路五段,,,362,新聚里,3
南京東路五段,,,366,新聚里,3
南京東路五段,,,368,新聚里,3
南京東路五段,,,370,新聚里,3
南京東路五段,,,372,新聚里,3
南京東路五段,,,374,新聚里,3
基隆路一段,,,2,新聚里,3
基隆路一段,,,6,新聚里,3
基隆路一段,,,8,新聚里,3
基隆路一段,,,10,新聚里,3
基隆路一段,,,12,新聚里,3
基隆路一段,,,14,新聚里,3
基隆路一段,,,16,新聚里,3
基隆路一段,,,18,新聚里,3
基隆路一段,,,20,新聚里,3
基隆路一段,,,22,新聚里,3
基隆路一段,,,24,新聚里,3
基隆路一段,,,26,新聚里,3
基隆路一段,,,28之4,新聚里,4
基隆路一段,,,28之1,新聚里,4
基隆路一段,,,28,新聚里,4
基隆路一段,,,28之2,新聚里,4
基隆路一段,,,28之5,新聚里,4
基隆路一段,,,28之3,新聚里,4
基隆路一段,,,28之6,新聚里,4
基隆路一段,,,30,新聚里,4
基隆路一段,,,32,新聚里,3
基隆路一段,,,34,新聚里,3
基隆路一段,,,36,新聚里,3
基隆路一段,,,38,新聚里,3
基隆路一段,,,40,新聚里,3
基隆路一段,,,42,新聚里,3
基隆路一段,,,46,新聚里,3
基隆路一段,,,48,新聚里,3
基隆路一段,,,50,新聚里,3
寶清街,,,1,新聚里,5
寶清街,,,2,新聚里,6
寶清街,,,3,新聚里,5
寶清街,,,4,新聚里,6
寶清街,,,5,新聚里,5
寶清街,,,6,新聚里,6
寶清街,,,7,新聚里,5
寶清街,,,8,新聚里,6
寶清街,,,10,新聚里,6
寶清街,,,10之5,新聚里,6
寶清街,,,10之3,新聚里,6
寶清街,,,10之4,新聚里,6
寶清街,,,10之1,新聚里,6
寶清街,,,10之2,新聚里,6
寶清街,,,10之6,新聚里,6
寶清街,,,11,新聚里,5
寶清街,,,13,新聚里,5
寶清街,,,17,新聚里,5
寶清街,,,18之1,新聚里,6
寶清街,,,18之2,新聚里,6
寶清街,,,18之3,新聚里,6
寶清街,,,18,新聚里,6
寶清街,,,18之4,新聚里,6
寶清街,,,18之5,新聚里,6
寶清街,,,18之7,新聚里,6
寶清街,,,18之8,新聚里,6
寶清街,,,18之6,新聚里,6
寶清街,,,19,新聚里,5
寶清街,,,20,新聚里,12
寶清街,,,21之3,新聚里,5
寶清街,,,21之1,新聚里,5
寶清街,,,21,新聚里,5
寶清街,,,21之2,新聚里,5
寶清街,,,21之5,新聚里,5
寶清街,,,21之6,新聚里,5
寶清街,,,22之1,新聚里,12
寶清街,,,22,新聚里,12
寶清街,,,29,新聚里,5
寶清街,,,31,新聚里,5
寶清街,,,43,新聚里,5
寶清街,,,45,新聚里,5
寶清街,,,47,新聚里,5
寶清街,,,49,新聚里,5
八德路二段,410,5,1,福成里,1
八德路二段,410,5,2,福成里,1
八德路二段,410,5,4,福成里,1
八德路二段,410,5,6,福成里,1
八德路二段,410,5,8,福成里,1
八德路二段,410,5,10,福成里,1
八德路二段,410,5,12,福成里,1
八德路二段,,,412,福成里,1
八德路二段,,,414,福成里,1
八德路二段,,,424,福成里,1
八德路二段,,,426,福成里,1
八德路二段,,,428,福成里,1
八德路二段,,,430,福成里,1
市民大道四段,,,71,福成里,8
市民大道四段,,,73,福成里,8
市民大道四段,,,73之1,福成里,8
市民大道四段,,,75,福成里,8
市民大道四段,,,77,福成里,8
市民大道四段,,,83,福成里,9
市民大道四段,,,85,福成里,9
市民大道四段,,,87,福成里,9
市民大道四段,,,89,福成里,9
市民大道四段,,,91,福成里,9
市民大道四段,,,93,福成里,9
市民大道四段,,,95,福成里,9
市民大道四段,,,97,福成里,9
市民大道四段,,,99,福成里,9
市民大道四段,,,101,福成里,9
市民大道四段,,,103,福成里,9
市民大道四段,,,105,福成里,9
敦化南路一段,,,2之1,福成里,1
敦化南路一段,,,2,福成里,1
敦化南路一段,,,66,福成里,1
敦化南路一段,,,68,福成里,1
敦化南路一段,,,78,福成里,1
敦化南路一段,80,,11,福成里,2
敦化南路一段,80,,13,福成里,2
敦化南路一段,80,,15,福成里,2
敦化南路一段,80,,16,福成里,3
敦化南路一段,80,,17,福成里,2
敦化南路一段,80,,18,福成里,3
敦化南路一段,80,,19,福成里,2
敦化南路一段,80,,20,福成里,3
敦化南路一段,80,,21,福成里,2
敦化南路一段,80,,22,福成里,3
敦化南路一段,80,,23,福成里,2
敦化南路一段,80,,24,福成里,3
敦化南路一段,80,,25,福成里,2
敦化南路一段,80,,26,福成里,3
敦化南路一段,80,,27,福成里,2
敦化南路一段,80,,28,福成里,3
敦化南路一段,80,,29,福成里,2
敦化南路一段,80,,30,福成里,3
敦化南路一段,80,,31,福成里,2
敦化南路一段,80,,32,福成里,3
敦化南路一段,80,,33,福成里,2
敦化南路一段,80,,34,福成里,3
敦化南路一段,80,,35,福成里,2
敦化南路一段,80,,36,福成里,3
敦化南路一段,80,,37,福成里,2
敦化南路一段,80,,38,福成里,3
敦化南路一段,80,,39,福成里,2
敦化南路一段,80,,40,福成里,2
敦化南路一段,80,,41,福成里,2
敦化南路一段,80,,42,福成里,2
敦化南路一段,80,,44,福成里,2
敦化南路一段,,,86,福成里,1
敦化南路一段,,,88,福成里,1
敦化南路一段,,,90,福成里,1
敦化南路一段,,,92,福成里,1
敦化南路一段,,,94,福成里,1
敦化南路一段,100,3,32,福成里,8
敦化南路一段,100,3,34,福成里,8
敦化南路一段,100,3,36,福成里,8
敦化南路一段,100,5,1,福成里,9
敦化南路一段,100,5,2,福成里,8
敦化南路一段,100,5,3,福成里,9
敦化南路一段,100,5,4,福成里,8
敦化南路一段,100,5,5,福成里,9
敦化南路一段,100,5,6,福成里,8
敦化南路一段,100,5,7,福成里,9
敦化南路一段,100,5,8,福成里,8
敦化南路一段,100,5,9,福成里,9
敦化南路一段,100,5,10,福成里,8
敦化南路一段,100,5,11,福成里,9
敦化南路一段,100,5,12,福成里,8
敦化南路一段,100,5,14,福成里,8
敦化南路一段,100,5,15,福成里,9
敦化南路一段,100,5,16,福成里,8
敦化南路一段,100,5,17,福成里,9
敦化南路一段,100,5,19,福成里,9
敦化南路一段,100,5,21,福成里,9
敦化南路一段,100,5,23,福成里,9
敦化南路一段,100,5,25,福成里,9
敦化南路一段,100,5,31,福成里,8
敦化南路一段,100,5,33,福成里,8
敦化南路一段,100,5,35,福成里,8
敦化南路一段,100,7,1,福成里,7
敦化南路一段,100,7,2,福成里,6
敦化南路一段,100,7,3,福成里,7
敦化南路一段,100,7,5之1,福成里,7
敦化南路一段,100,7,5,福成里,7
敦化南路一段,100,7,6,福成里,6
敦化南路一段,100,7,7,福成里,7
敦化南路一段,100,7,8,福成里,6
敦化南路一段,100,7,9,福成里,7
敦化南路一段,100,7,10,福成里,6
敦化南路一段,100,7,11,福成里,7
敦化南路一段,100,7,12,福成里,6
敦化南路一段,100,7,16,福成里,6
敦化南路一段,100,7,18,福成里,6
敦化南路一段,100,7,20,福成里,6
敦化南路一段,100,7,22,福成里,6
敦化南路一段,100,7,26,福成里,6
敦化南路一段,100,7,28,福成里,6
敦化南路一段,100,7,30,福成里,6
敦化南路一段,100,7,31,福成里,7
敦化南路一段,100,7,32,福成里,6
敦化南路一段,100,7,33,福成里,7
敦化南路一段,100,7,34,福成里,6
敦化南路一段,100,7,35,福成里,7
敦化南路一段,100,7,36,福成里,6
敦化南路一段,100,7,37,福成里,7
敦化南路一段,100,7,38,福成里,6
敦化南路一段,100,7,41,福成里,7
敦化南路一段,100,7,43,福成里,7
敦化南路一段,100,7,45,福成里,7
敦化南路一段,100,7,47,福成里,7
敦化南路一段,100,7,49,福成里,7
敦化南路一段,100,7,54,福成里,6
敦化南路一段,100,,11,福成里,5
敦化南路一段,100,,12,福成里,4
敦化南路一段,100,,14,福成里,4
敦化南路一段,100,,16,福成里,4
敦化南路一段,100,,17,福成里,5
敦化南路一段,100,,18,福成里,4
敦化南路一段,100,,20,福成里,4
敦化南路一段,100,,21,福成里,5
敦化南路一段,100,,22,福成里,4
敦化南路一段,100,,23,福成里,5
敦化南路一段,100,,24,福成里,4
敦化南路一段,100,,25,福成里,5
敦化南路一段,100,,26,福成里,4
敦化南路一段,100,,27,福成里,5
敦化南路一段,100,,28,福成里,4
敦化南路一段,100,,30,福成里,4
敦化南路一段,100,,32,福成里,4
敦化南路一段,100,,34,福成里,4
敦化南路一段,100,,35,福成里,5
敦化南路一段,100,,36,福成里,4
敦化南路一段,100,,38,福成里,4
敦化南路一段,100,,39,福成里,5
敦化南路一段,100,,40,福成里,4
敦化南路一段,100,,41,福成里,5
敦化南路一段,100,,47,福成里,5
敦化南路一段,100,,49,福成里,5
敦化南路一段,100,,51,福成里,5
敦化南路一段,100,,53,福成里,5
敦化南路一段,100,,55,福成里,5
敦化南路一段,,,102之5,福成里,10
敦化南路一段,,,102,福成里,10
敦化南路一段,,,102之4,福成里,10
敦化南路一段,,,102之2,福成里,10
敦化南路一段,,,102之3,福成里,10
敦化南路一段,,,102之1,福成里,10
敦化南路一段,,,102之6,福成里,10
敦化南路一段,,,108,福成里,10
民生東路,,,54之4,精忠里,4
民生東路四段,,,45之1,精忠里,4
民生東路四段,,,45,精忠里,4
民生東路四段,,,47,精忠里,4
民生東路四段,,,49,精忠里,4
民生東路四段,,,51,精忠里,4
民生東路四段,,,52,精忠里,4
民生東路四段,,,52之1,精忠里,4
民生東路四段,,,53,精忠里,4
民生東路四段,,,54之2,精忠里,4
民生東路四段,,,54,精忠里,4
民生東路四段,,,54之3,精忠里,4
民生東路四段,,,54之1,精忠里,4
民生東路四段,55,,1,精忠里,4
民生東路四段,55,,2,精忠里,4
民生東路四段,55,3,2,精忠里,4
民生東路四段,55,3,4,精忠里,4
民生東路四段,55,3,6,精忠里,4
民生東路四段,55,3,7,精忠里,4
民生東路四段,55,3,8,精忠里,4
民生東路四段,55,3,9,精忠里,4
民生東路四段,55,3,10,精忠里,4
民生東路四段,55,3,12,精忠里,4
民生東路四段,55,3,14,精忠里,4
民生東路四段,55,3,14之1,精忠里,4
民生東路四段,55,,4,精忠里,4
民生東路四段,55,,6,精忠里,14
民生東路四段,55,,8,精忠里,14
民生東路四段,55,,10,精忠里,14
民生東路四段,55,,12,精忠里,14
民生東路四段,55,,14,精忠里,14
民生東路四段,55,,16,精忠里,14
民生東路四段,55,,18,精忠里,14
民生東路四段,55,,20,精忠里,14
民生東路四段,55,,30,精忠里,14
民生東路四段,55,,32,精忠里,14
民生東路四段,56,1,1,精忠里,3
民生東路四段,56,1,2,精忠里,2
民生東路四段,56,1,3,精忠里,3
民生東路四段,56,1,4,精忠里,2
民生東路四段,56,1,5,精忠里,3
民生東路四段,56,1,6,精忠里,2
民生東路四段,56,1,7,精忠里,3
民生東路四段,56,1,8,精忠里,2
民生東路四段,56,1,9,精忠里,3
民生東路四段,56,1,10,精忠里,2
民生東路四段,56,1,11,精忠里,3
民生東路四段,56,1,12,精忠里,2
民生東路四段,56,1,13,精忠里,3
民生東路四段,56,1,14,精忠里,2
民生東路四段,56,1,15,精忠里,3
民生東路四段,56,1,16,精忠里,2
民生東路四段,56,1,17,精忠里,3
民生東路四段,56,1,19,精忠里,3
民生東路四段,56,1,21,精忠里,3
民生東路四段,56,3,1,精忠里,2
民生東路四段,56,3,3,精忠里,2
民生東路四段,56,3,5,精忠里,2
民生東路四段,56,3,7,精忠里,2
民生東路四段,56,3,8,精忠里,1
民生東路四段,56,3,9,精忠里,2
民生東路四段,56,3,10,精忠里,1
民生東路四段,56,3,11,精忠里,2
民生東路四段,56,3,12,精忠里,1
民生東路四段,56,3,14,精忠里,1
民生東路四段,56,3,15,精忠里,2
民生東路四段,56,3,16,精忠里,1
民生東路四段,56,3,17,精忠里,2
民生東路四段,56,3,18,精忠里,1
民生東路四段,56,3,20,精忠里,1
民生東路四段,56,3,22,精忠里,1
民生東路四段,,,57,精忠里,4
民生東路四段,,,58,精忠里,3
民生東路四段,,,59,精忠里,4
民生東路四段,,,60,精忠里,3
民生東路四段,,,61,精忠里,4
民生東路四段,,,62,精忠里,3
民生東路四段,,,63,精忠里,4
民生東路四段,,,64,精忠里,3
民生東路四段,,,65,精忠里,4
民生東路四段,,,66,精忠里,3
民生東路四段,,,67,精忠里,4
民生東路四段,,,68,精忠里,3
民生東路四段,,,69,精忠里,4
民生東路四段,,,71,精忠里,4
民生東路四段,,,71之1,精忠里,4
民生東路四段,,,72,精忠里,3
民生東路四段,,,74,精忠里,3
民生東路四段,75,,2,精忠里,5
民生東路四段,75,,2之1,精忠里,5
民生東路四段,75,,3,精忠里,16
民生東路四段,75,,4,精忠里,16
民生東路四段,75,5,1,精忠里,16
民生東路四段,75,5,1之1,精忠里,16
民生東路四段,75,5,3之1,精忠里,16
民生東路四段,75,5,3,精忠里,16
民生東路四段,75,,5,精忠里,16
民生東路四段,75,,5之1,精忠里,16
民生東路四段,75,5,5,精忠里,16
民生東路四段,75,,6,精忠里,16
民生東路四段,75,,8,精忠里,16
民生東路四段,75,,10,精忠里,16
民生東路四段,,,76,精忠里,3
民生東路四段,,,77,精忠里,5
民生東路四段,,,78,精忠里,3
民生東路四段,,,79,精忠里,5
民生東路四段,,,79之1,精忠里,5
民生東路四段,,,79之2,精忠里,5
民生東路四段,80,,2,精忠里,3
民生東路四段,80,,4,精忠里,1
民生東路四段,80,6,1,精忠里,1
民生東路四段,80,6,2,精忠里,1
民生東路四段,80,6,3,精忠里,1
民生東路四段,80,6,4,精忠里,1
民生東路四段,80,6,5,精忠里,1
民生東路四段,80,6,6,精忠里,1
民生東路四段,80,6,7,精忠里,1
民生東路四段,80,6,8,精忠里,1
民生東路四段,80,6,9,精忠里,1
民生東路四段,80,6,11,精忠里,1
民生東路四段,,,81,精忠里,5
民生東路四段,,,83之2,精忠里,5
民生東路四段,,,83之1,精忠里,5
民生東路四段,,,83,精忠里,5
民生東路四段,,,85,精忠里,5
民生東路四段,,,87,精忠里,5
民生東路四段,,,89,精忠里,5
民生東路四段,,,91,精忠里,5
民生東路四段,,,93,精忠里,5
民生東路四段,,,95,精忠里,5
民生東路四段,97,,1,精忠里,5
民生東路四段,97,,1之2,精忠里,5
民生東路四段,97,1,1,精忠里,5
民生東路四段,97,,1之1,精忠里,5
民生東路四段,97,1,2,精忠里,16
民生東路四段,97,1,3,精忠里,5
民生東路四段,97,1,4,精忠里,16
民生東路四段,97,1,5,精忠里,5
民生東路四段,97,1,6,精忠里,16
民生東路四段,97,1,7,精忠里,5
民生東路四段,97,1,8,精忠里,16
民生東路四段,97,1,9,精忠里,5
民生東路四段,97,1,10,精忠里,16
民生東路四段,97,1,11,精忠里,5
民生東路四段,97,1,12,精忠里,16
民生東路四段,97,1,13,精忠里,5
民生東路四段,97,1,15,精忠里,5
民生東路四段,97,1,17,精忠里,5
民生東路四段,97,1,19,精忠里,5
民生東路四段,97,1,21,精忠里,5
民生東路四段,97,1,23,精忠里,5
民生東路四段,97,1,25,精忠里,5
民生東路四段,97,2,1,精忠里,7
民生東路四段,97,2,2,精忠里,6
民生東路四段,97,2,3,精忠里,7
民生東路四段,97,2,4,精忠里,6
民生東路四段,97,2,5,精忠里,7
民生東路四段,97,2,6,精忠里,6
民生東路四段,97,2,7,精忠里,7
民生東路四段,97,2,8之5,精忠里,6
民生東路四段,97,2,8,精忠里,6
民生東路四段,97,2,9,精忠里,7
民生東路四段,97,2,10,精忠里,6
民生東路四段,97,2,11之2,精忠里,7
民生東路四段,97,2,11,精忠里,7
民生東路四段,97,2,11之1,精忠里,7
民生東路四段,97,2,12,精忠里,6
民生東路四段,97,2,13,精忠里,7
民生東路四段,97,2,14,精忠里,6
民生東路四段,97,2,15,精忠里,7
民生東路四段,97,2,16,精忠里,6
民生東路四段,97,2,17,精忠里,7
民生東路四段,97,2,18,精忠里,6
民生東路四段,97,2,19,精忠里,7
民生東路四段,97,2,20,精忠里,6
民生東路四段,97,2,21,精忠里,7
民生東路四段,97,2,22,精忠里,6
民生東路四段,97,2,23,精忠里,7
民生東路四段,97,2,24,精忠里,6
民生東路四段,97,2,25,精忠里,7
民生東路四段,97,2,26,精忠里,6
民生東路四段,97,2,27,精忠里,7
民生東路四段,97,2,28,精忠里,6
民生東路四段,97,2,29,精忠里,7
民生東路四段,97,,3,精忠里,5
民生東路四段,97,4,1,精忠里,8
民生東路四段,97,4,2之1,精忠里,7
民生東路四段,97,4,2,精忠里,7
民生東路四段,97,4,3,精忠里,8
民生東路四段,97,4,4,精忠里,7
民生東路四段,97,,4,精忠里,7
民生東路四段,97,4,5,精忠里,8
民生東路四段,97,4,6,精忠里,7
民生東路四段,97,4,7,精忠里,8
民生東路四段,97,4,8,精忠里,7
民生東路四段,97,4,9,精忠里,8
民生東路四段,97,4,10,精忠里,7
民生東路四段,97,4,11,精忠里,8
民生東路四段,97,4,12之1,精忠里,7
民生東路四段,97,4,12,精忠里,7
民生東路四段,97,4,12之2,精忠里,7
民生東路四段,97,4,14,精忠里,7
民生東路四段,97,4,15,精忠里,8
民生東路四段,97,4,16,精忠里,7
民生東路四段,97,4,17,精忠里,8
民生東路四段,97,4,18,精忠里,7
民生東路四段,97,4,19,精忠里,8
民生東路四段,97,4,20,精忠里,7
民生東路四段,97,4,21,精忠里,8
民生東路四段,97,4,23,精忠里,8
民生東路四段,97,4,25,精忠里,8
民生東路四段,97,,5,精忠里,5
民生東路四段,97,6,2,精忠里,8
民生東路四段,97,6,4,精忠里,8
民生東路四段,97,6,5,精忠里,9
民生東路四段,97,6,6,精忠里,8
民生東路四段,97,6,7,精忠里,9
民生東路四段,97,6,8,精忠里,8
民生東路四段,97,6,8之1,精忠里,8
民生東路四段,97,6,9,精忠里,9
民生東路四段,97,6,10,精忠里,8
民生東路四段,97,6,11,精忠里,9
民生東路四段,97,6,12,精忠里,8
民生東路四段,97,6,14,精忠里,8
民生東路四段,97,6,15,精忠里,9
民生東路四段,97,6,16,精忠里,8
民生東路四段,97,6,17,精忠里,9
民生東路四段,97,6,18,精忠里,8
民生東路四段,97,6,19,精忠里,9
民生東路四段,97,6,20,精忠里,8
民生東路四段,97,6,21,精忠里,9
民生東路四段,97,6,22,精忠里,8
民生東路四段,97,6,24,精忠里,8
民生東路四段,97,7,1,精忠里,5
民生東路四段,97,7,3,精忠里,5
民生東路四段,97,7,5,精忠里,5
民生東路四段,97,7,7,精忠里,5
民生東路四段,97,,7,精忠里,5
民生東路四段,97,8,1,精忠里,9
民生東路四段,97,8,3,精忠里,9
民生東路四段,,,99,精忠里,6
民生東路四段,,,101,精忠里,6
民生東路四段,,,103,精忠里,6
民生東路四段,,,105,精忠里,6
民生東路四段,,,117,精忠里,6
民生東路四段,,,117之1,精忠里,6
民生東路四段,,,119,精忠里,6
民生東路四段,,,121,精忠里,6
民生東路四段,,,123,精忠里,6
民生東路四段,,,125,精忠里,6
民生東路四段,,,127,精忠里,6
民生東路四段,,,129,精忠里,6
民生東路四段,131,,1,精忠里,6
民生東路四段,131,,3,精忠里,6
民生東路四段,131,,15,精忠里,7
民生東路四段,131,,21,精忠里,8
民生東路四段,131,23,1,精忠里,15
民生東路四段,131,23,2,精忠里,15
民生東路四段,131,23,3,精忠里,15
民生東路四段,131,23,4,精忠里,15
民生東路四段,131,23,5,精忠里,15
民生東路四段,131,23,6,精忠里,15
民生東路四段,131,23,7,精忠里,15
民生東路四段,131,23,8,精忠里,15
民生東路四段,131,23,9,精忠里,15
民生東路四段,131,23,10,精忠里,15
民生東路四段,131,23,11,精忠里,15
民生東路四段,131,23,12,精忠里,15
民生東路四段,131,23,13,精忠里,15
民生東路四段,131,23,14,精忠里,15
民生東路四段,131,23,15,精忠里,15
民生東路四段,131,23,16,精忠里,15
民生東路四段,131,,27,精忠里,9
民生東路四段,,,133,精忠里,6
民生東路四段,,,54之4,精忠里,4
民權東路四段,,,36,精忠里,11
民權東路四段,,,81,精忠里,11
民權東路四段,,,121,精忠里,11
光復北路,,,266,精忠里,7
光復北路,,,266之1,精忠里,7
富錦街,,,2,精忠里,12
富錦街,,,4,精忠里,12
富錦街,,,6,精忠里,12
富錦街,,,8,精忠里,12
富錦街,,,10,精忠里,12
富錦街,,,10之1,精忠里,12
富錦街,12,,4,精忠里,13
富錦街,12,,6,精忠里,13
富錦街,77,2,2,精忠里,10
富錦街,77,2,4,精忠里,10
富錦街,77,2,6,精忠里,10
富錦街,77,2,8,精忠里,10
富錦街,77,2,10,精忠里,10
富錦街,77,2,12,精忠里,10
富錦街,77,2,14,精忠里,10
富錦街,77,2,16,精忠里,10
富錦街,77,2,18,精忠里,11
富錦街,77,2,20,精忠里,11
富錦街,77,2,22,精忠里,11
富錦街,77,2,24,精忠里,11
富錦街,77,2,26,精忠里,11
富錦街,77,,6,精忠里,11
富錦街,77,,8,精忠里,11
富錦街,,,79,精忠里,10
富錦街,,,87,精忠里,10
富錦街,,,89,精忠里,10
富錦街,,,91,精忠里,10
富錦街,,,93,精忠里,10
富錦街,,,95,精忠里,10
富錦街,,,97,精忠里,10
富錦街,,,99,精忠里,10
富錦街,,,101,精忠里,10
富錦街,,,102,精忠里,9
富錦街,,,103,精忠里,10
富錦街,,,104,精忠里,9
富錦街,,,105,精忠里,10
富錦街,,,106,精忠里,9
富錦街,107,1,1,精忠里,11
富錦街,107,1,2,精忠里,10
富錦街,107,1,3,精忠里,11
富錦街,107,1,4,精忠里,10
富錦街,107,1,5,精忠里,11
富錦街,107,1,6,精忠里,10
富錦街,107,1,7,精忠里,11
富錦街,107,1,8,精忠里,10
富錦街,107,1,9,精忠里,11
富錦街,107,1,10,精忠里,10
富錦街,107,1,12,精忠里,10
富錦街,,,108,精忠里,9
富錦街,,,110,精忠里,9
富錦街,,,112,精忠里,9
富錦街,,,114,精忠里,9
富錦街,,,116,精忠里,9
富錦街,,,118,精忠里,9
富錦街,,,120,精忠里,9
敦化北路,,,307,精忠里,13
敦化北路,,,307之1,精忠里,13
敦化北路,,,307之2,精忠里,13
敦化北路,199,,5,精忠里,1
敦化北路,199,,5之1,精忠里,1
敦化北路,199,,9,精忠里,1
敦化北路,199,,15,精忠里,1
敦化北路,199,,17,精忠里,1
敦化北路,,,205,精忠里,4
敦化北路,,,207,精忠里,4
敦化北路,,,207之3,精忠里,4
敦化北路,,,207之2,精忠里,4
敦化北路,,,207之1,精忠里,4
敦化北路,,,209,精忠里,4
敦化北路,,,301,精忠里,14
敦化北路,,,303,精忠里,14
敦化北路,305,,5,精忠里,16
敦化北路,305,,7,精忠里,16
敦化北路,305,,9之2,精忠里,16
敦化北路,305,,9,精忠里,16
敦化北路,305,,11,精忠里,16
敦化北路,305,,11之3,精忠里,16
敦化北路,305,,11之2,精忠里,16
敦化北路,305,,11之1,精忠里,16
敦化北路,305,,13,精忠里,16
敦化北路,,,305,精忠里,14
敦化北路,,,309之1,精忠里,13
敦化北路,,,309之2,精忠里,13
敦化北路,,,309,精忠里,13
敦化北路,,,311,精忠里,13
敦化北路,313,,2,精忠里,13
敦化北路,,,315,精忠里,13
敦化北路,,,315之1,精忠里,13
敦化北路,,,317,精忠里,13
敦化北路,,,338,精忠里,11
敦化北路,,,340,精忠里,11
敦化北路,,,340之17,精忠里,11
敦化北路,,,341,精忠里,12
敦化北路,,,342之1,精忠里,11
敦化北路,,,343,精忠里,12
敦化北路,,,345,精忠里,12
敦化北路,,,347,精忠里,12
敦化北路,,,349,精忠里,12
敦化北路,359,,6,精忠里,11
敦化北路,359,,8,精忠里,11
敦化北路,359,,10,精忠里,11
敦化北路,405,,1,精忠里,11
敦化北路,405,123,6,精忠里,11
敦化北路,405,123,7,精忠里,11
敦化北路,405,123,8,精忠里,11
敦化北路,405,123,9,精忠里,11
敦化北路,405,123,10,精忠里,11
敦化北路,405,123,11,精忠里,11
敦化北路,405,123,12,精忠里,11
敦化北路,,,407,精忠里,11
敦化北路,,,409,精忠里,11
光復北路,155,,1,龍田里,13
光復北路,155,,2,龍田里,14
光復北路,155,,3,龍田里,13
光復北路,155,,4,龍田里,14
光復北路,155,,5,龍田里,13
光復北路,155,,6,龍田里,14
光復北路,155,,7,龍田里,13
光復北路,155,,8,龍田里,14
光復北路,155,,9,龍田里,13
光復北路,155,,10,龍田里,14
光復北路,155,,11,龍田里,13
光復北路,155,,12,龍田里,14
光復北路,155,,13,龍田里,13
光復北路,155,,14,龍田里,14
光復北路,155,,15,龍田里,13
光復北路,155,,16,龍田里,14
光復北路,155,,18,龍田里,14
光復北路,155,,20,龍田里,14
光復北路,155,,22,龍田里,14
光復北路,155,,24,龍田里,14
光復北路,155,,26,龍田里,14
光復北路,155,,28,龍田里,14
光復北路,155,,30,龍田里,14
光復北路,155,,32,龍田里,14
光復北路,155,,34,龍田里,14
光復北路,155,,36,龍田里,14
光復北路,155,,38,龍田里,14
光復北路,155,,40,龍田里,14
光復北路,155,,42,龍田里,14
光復北路,155,,44,龍田里,14
光復北路,155,,46,龍田里,14
光復北路,155,,48,龍田里,14
光復北路,,,157,龍田里,13
光復北路,,,159,龍田里,12
光復北路,161,,1,龍田里,12
光復北路,161,,2,龍田里,12
光復北路,161,,3,龍田里,12
光復北路,161,,5,龍田里,12
光復北路,161,,6,龍田里,12
光復北路,161,,7,龍田里,12
光復北路,161,,8,龍田里,12
光復北路,161,,9,龍田里,12
光復北路,161,,10,龍田里,12
光復北路,161,,11,龍田里,12
光復北路,161,,12,龍田里,12
光復北路,161,,13,龍田里,12
光復北路,161,,15,龍田里,12
光復北路,161,,16,龍田里,12
光復北路,161,,18,龍田里,12
光復北路,161,,20,龍田里,12
光復北路,,,163,龍田里,12
光復北路,,,163之1,龍田里,10
光復北路,,,178,龍田里,19
光復北路,,,180,龍田里,19
光復北路,,,182,龍田里,19
光復北路,,,184,龍田里,19
光復北路,190,,2,龍田里,20
光復北路,190,,3,龍田里,35
光復北路,190,,4,龍田里,20
光復北路,190,,5,龍田里,35
光復北路,190,,6,龍田里,20
光復北路,190,,7,龍田里,35
光復北路,190,,8,龍田里,20
光復北路,190,,9,龍田里,35
光復北路,190,,10,龍田里,20
光復北路,190,,12,龍田里,20
光復北路,190,,14,龍田里,20
光復北路,190,,15,龍田里,36
光復北路,190,,16,龍田里,20
光復北路,190,,17,龍田里,36
光復北路,190,,19,龍田里,36
光復北路,190,,20,龍田里,21
光復北路,190,,21,龍田里,36
光復北路,190,,22,龍田里,21
光復北路,190,,23,龍田里,36
光復北路,190,,24,龍田里,21
光復北路,190,,25,龍田里,36
光復北路,190,,26,龍田里,21
光復北路,190,,27,龍田里,36
光復北路,190,,29,龍田里,36
光復北路,190,,30,龍田里,22
光復北路,190,,32,龍田里,22
光復北路,190,,34,龍田里,22
光復北路,190,,35,龍田里,36
光復北路,190,,36,龍田里,22
光復北路,190,,39,龍田里,36
光復北路,190,,40,龍田里,23
光復北路,190,,41,龍田里,24
光復北路,190,,42,龍田里,23
光復北路,190,,43,龍田里,24
光復北路,190,,44,龍田里,23
光復北路,190,,45,龍田里,24
光復北路,190,,46,龍田里,23
光復北路,190,,47,龍田里,24
光復北路,,,192,龍田里,35
光復北路,,,196,龍田里,35
光復北路,,,198,龍田里,35
光復北路,,,202,龍田里,34
光復北路,,,204,龍田里,34
光復北路,,,206,龍田里,34
光復北路,,,208,龍田里,34
光復北路,210,,2,龍田里,34
光復北路,210,,6,龍田里,34
光復北路,210,,8,龍田里,34
光復北路,210,,10,龍田里,34
光復北路,210,,15,龍田里,31
光復北路,210,,17,龍田里,31
光復北路,210,,19,龍田里,31
光復北路,210,,21,龍田里,31
光復北路,210,,31,龍田里,27
光復北路,210,,33,龍田里,27
光復北路,210,,35,龍田里,27
光復北路,210,,37,龍田里,27
光復北路,210,,41,龍田里,25
光復北路,210,,43,龍田里,25
光復北路,210,,45,龍田里,25
光復北路,210,,47,龍田里,25
光復北路,,,214,龍田里,33
光復北路,,,216,龍田里,33
光復北路,,,218,龍田里,33
光復北路,,,220,龍田里,33
光復北路,,,222,龍田里,33
光復北路,,,224,龍田里,33
光復北路,,,226,龍田里,32
光復北路,,,228,龍田里,32
光復北路,230,,1,龍田里,32
光復北路,230,,3,龍田里,32
光復北路,230,,5,龍田里,32
光復北路,230,,7,龍田里,32
光復北路,230,,15,龍田里,30
光復北路,230,,17,龍田里,30
光復北路,230,,19,龍田里,30
光復北路,230,,21,龍田里,30
光復北路,230,,23,龍田里,30
光復北路,230,,25,龍田里,30
光復北路,230,,27,龍田里,29
光復北路,230,,29,龍田里,29
光復北路,230,,31,龍田里,29
光復北路,230,,33,龍田里,29
光復北路,230,,35,龍田里,29
光復北路,230,,37,龍田里,29
光復北路,230,,41,龍田里,28
光復北路,230,,43,龍田里,28
光復北路,230,,45,龍田里,28
光復北路,230,,47,龍田里,28
光復北路,230,,51,龍田里,26
光復北路,230,,53,龍田里,26
光復北路,230,,55,龍田里,26
光復北路,230,,57,龍田里,26
延壽街,330,,2,龍田里,37
延壽街,330,,2之1,龍田里,37
延壽街,330,,6,龍田里,37
延壽街,330,,6之1,龍田里,37
延壽街,330,,6之2,龍田里,37
延壽街,330,8,1,龍田里,38
延壽街,330,8,2,龍田里,37
延壽街,330,8,3,龍田里,38
延壽街,330,8,5,龍田里,38
延壽街,330,8,6,龍田里,37
延壽街,330,8,7,龍田里,38
延壽街,330,8,8,龍田里,37
延壽街,330,,12,龍田里,38
延壽街,330,,12之1,龍田里,38
延壽街,330,,12之2,龍田里,38
延壽街,330,16,1,龍田里,39
延壽街,330,16,2,龍田里,38
延壽街,330,16,3,龍田里,39
延壽街,330,16,5,龍田里,39
延壽街,330,16,6,龍田里,38
延壽街,330,16,8,龍田里,38
延壽街,330,,18,龍田里,39
延壽街,330,,18之1,龍田里,39
延壽街,330,,18之2,龍田里,39
延壽街,330,20,1,龍田里,2
延壽街,330,20,3,龍田里,2
延壽街,330,20,5,龍田里,2
延壽街,330,20,7,龍田里,2
延壽街,330,20,9,龍田里,2
延壽街,330,20,11,龍田里,2
延壽街,330,20,13,龍田里,2
延壽街,330,20,15,龍田里,2
延壽街,330,20,17,龍田里,2
延壽街,330,20,19,龍田里,2
延壽街,330,20,21,龍田里,2
延壽街,330,20,23,龍田里,2
延壽街,330,20,25,龍田里,2
延壽街,330,20,27,龍田里,2
延壽街,330,20,29,龍田里,2
延壽街,330,20,31,龍田里,2
延壽街,330,20,33,龍田里,2
延壽街,,,332,龍田里,37
延壽街,,,336,龍田里,37
延壽街,,,338,龍田里,37
延壽街,,,348,龍田里,37
延壽街,,,350,龍田里,37
延壽街,,,352,龍田里,37
延壽街,356,2,1,龍田里,4
延壽街,356,2,2,龍田里,3
延壽街,356,2,3,龍田里,4
延壽街,356,2,4,龍田里,3
延壽街,356,2,5,龍田里,4
延壽街,356,2,6,龍田里,3
延壽街,356,2,7,龍田里,4
延壽街,356,2,8,龍田里,3
延壽街,356,2,9,龍田里,4
延壽街,356,4,2,龍田里,4
延壽街,356,4,4,龍田里,4
延壽街,356,4,6,龍田里,4
延壽街,356,4,8,龍田里,4
延壽街,356,4,10,龍田里,4
延壽街,356,4,12,龍田里,6
延壽街,356,4,14,龍田里,6
延壽街,356,4,16,龍田里,6
延壽街,356,4,18,龍田里,6
延壽街,356,4,20,龍田里,6
延壽街,,,358,龍田里,3
延壽街,,,360,龍田里,3
延壽街,,,362,龍田里,3
延壽街,,,364,龍田里,3
延壽街,,,366,龍田里,3
延壽街,,,368,龍田里,5
延壽街,,,370,龍田里,5
延壽街,,,372,龍田里,5
延壽街,,,374,龍田里,5
延壽街,,,376之1,龍田里,5
延壽街,,,376,龍田里,5
延壽街,,,378,龍田里,5
延壽街,,,378之1,龍田里,5
延壽街,,,380之1,龍田里,5
延壽街,,,380,龍田里,5
延壽街,,,386,龍田里,7
延壽街,,,388,龍田里,7
延壽街,,,390,龍田里,7
延壽街,,,392,龍田里,7
延壽街,,,394,龍田里,7
延壽街,,,396,龍田里,7
延壽街,,,398,龍田里,7
延壽街,,,400,龍田里,7
延壽街,402,1,1,龍田里,8
延壽街,402,1,2,龍田里,8
延壽街,402,1,3,龍田里,8
延壽街,402,1,4,龍田里,8
延壽街,402,1,5,龍田里,8
延壽街,402,1,6,龍田里,8
延壽街,402,1,7,龍田里,8
延壽街,402,1,8,龍田里,8
延壽街,402,1,9,龍田里,8
延壽街,402,1,10,龍田里,8
延壽街,402,1,11,龍田里,8
延壽街,402,1,12,龍田里,8
延壽街,402,1,13,龍田里,8
延壽街,402,1,14,龍田里,8
延壽街,402,1,15,龍田里,8
延壽街,402,1,16,龍田里,8
延壽街,402,2,1,龍田里,11
延壽街,402,2,2,龍田里,11
延壽街,402,2,3,龍田里,11
延壽街,402,2,4,龍田里,11
延壽街,402,2,5,龍田里,11
延壽街,402,2,6,龍田里,11
延壽街,402,2,7,龍田里,11
延壽街,402,2,8,龍田里,11
延壽街,402,2,9,龍田里,11
延壽街,402,2,10,龍田里,11
延壽街,402,2,11,龍田里,11
延壽街,402,2,12,龍田里,11
延壽街,402,2,13,龍田里,11
延壽街,402,2,14,龍田里,11
延壽街,402,2,15,龍田里,11
延壽街,402,2,16,龍田里,11
延壽街,402,2,17,龍田里,11
延壽街,402,2,18,龍田里,11
延壽街,402,2,19,龍田里,11
延壽街,402,2,20,龍田里,11
延壽街,402,3,1,龍田里,9
延壽街,402,3,3,龍田里,9
延壽街,402,3,5,龍田里,9
延壽街,402,3,7,龍田里,9
延壽街,402,3,9,龍田里,9
延壽街,402,3,11,龍田里,9
延壽街,402,3,13,龍田里,9
延壽街,402,3,15,龍田里,9
延壽街,402,3,17之1,龍田里,9
延壽街,402,3,17,龍田里,9
延壽街,402,3,19,龍田里,9
延壽街,402,3,19之1,龍田里,9
延壽街,402,3,21,龍田里,9
延壽街,402,3,21之1,龍田里,9
延壽街,402,4,2,龍田里,13
延壽街,402,4,4,龍田里,13
延壽街,402,4,6,龍田里,13
延壽街,402,4,8,龍田里,13
延壽街,402,4,10,龍田里,13
延壽街,402,4,12,龍田里,13
延壽街,402,4,14,龍田里,13
延壽街,402,4,16,龍田里,13
延壽街,402,4,18,龍田里,13
延壽街,402,4,20,龍田里,13
延壽街,,,404,龍田里,10
延壽街,,,406,龍田里,10
延壽街,,,408,龍田里,10
延壽街,,,410,龍田里,10
延壽街,,,412,龍田里,10
延壽街,,,414,龍田里,10
延壽街,,,416,龍田里,10
延壽街,,,418,龍田里,10
延壽街,,,420,龍田里,10
延壽街,,,422,龍田里,10
延壽街,,,426,龍田里,10
延壽街,,,428,龍田里,10
延壽街,,,430,龍田里,10
延壽街,,,432,龍田里,10
延壽街,,,434,龍田里,10
延壽街,,,436,龍田里,10
延壽街,,,438,龍田里,10
延壽街,,,440,龍田里,10
健康路,15,,2,龍田里,15
健康路,15,,6,龍田里,15
健康路,15,,8,龍田里,15
健康路,15,,10,龍田里,15
健康路,15,,16,龍田里,23
健康路,15,,18,龍田里,23
健康路,15,,20,龍田里,23
健康路,15,,22,龍田里,23
健康路,15,,26,龍田里,24
健康路,15,,28,龍田里,24
健康路,15,,30,龍田里,24
健康路,15,,32,龍田里,24
健康路,15,,34,龍田里,24
健康路,15,,36,龍田里,24
健康路,15,,46,龍田里,25
健康路,15,,48,龍田里,25
健康路,15,,50,龍田里,25
健康路,15,,52,龍田里,25
健康路,15,,56,龍田里,26
健康路,15,,58,龍田里,26
健康路,15,,60,龍田里,26
健康路,15,,62,龍田里,26
健康路,,,17,龍田里,15
健康路,,,19,龍田里,15
健康路,,,21,龍田里,15
健康路,,,23,龍田里,15
健康路,,,27,龍田里,16
健康路,,,29,龍田里,16
健康路,,,31,龍田里,16
健康路,,,33,龍田里,16
健康路,35,,1,龍田里,17
健康路,35,,2,龍田里,16
健康路,35,,3,龍田里,17
健康路,35,,4,龍田里,16
健康路,35,,5,龍田里,17
健康路,35,,6,龍田里,16
健康路,35,,7,龍田里,17
健康路,35,,8,龍田里,16
健康路,35,,11,龍田里,21
健康路,35,,12,龍田里,22
健康路,35,,13,龍田里,21
健康路,35,,14,龍田里,22
健康路,35,,15,龍田里,21
健康路,35,,16,龍田里,22
健康路,35,,17,龍田里,21
健康路,35,,18,龍田里,22
健康路,35,,25,龍田里,31
健康路,35,,26,龍田里,27
健康路,35,,27,龍田里,31
健康路,35,,28,龍田里,27
健康路,35,,29,龍田里,31
健康路,35,,30,龍田里,27
健康路,35,,31,龍田里,31
健康路,35,,32,龍田里,27
健康路,35,,34,龍田里,28
健康路,35,,36,龍田里,28
健康路,35,,38,龍田里,28
健康路,35,,40,龍田里,28
健康路,,,37,龍田里,17
健康路,,,39,龍田里,17
健康路,,,41,龍田里,17
健康路,,,43,龍田里,17
健康路,,,47,龍田里,18
健康路,,,49,龍田里,18
健康路,,,51,龍田里,18
健康路,,,53,龍田里,18
健康路,,,55,龍田里,18
健康路,,,57,龍田里,18
健康路,,,59,龍田里,19
健康路,,,61,龍田里,19
健康路,,,131,龍田里,14
健康路,,,133,龍田里,1
健康路,,,135,龍田里,1
健康路,,,137,龍田里,1
健康路,,,139,龍田里,1
健康路,,,141,龍田里,1
健康路,,,143,龍田里,1
健康路,,,145,龍田里,1
健康路,,,147,龍田里,1
健康路,,,149,龍田里,1
健康路,,,151,龍田里,1
健康路,,,153,龍田里,1
健康路,,,155,龍田里,1
健康路,,,157,龍田里,1
延壽街,,,2,鵬程里,13
延壽街,,,6,鵬程里,13
延壽街,,,8,鵬程里,13
延壽街,,,10,鵬程里,13
延壽街,,,12,鵬程里,13
延壽街,,,14,鵬程里,13
延壽街,,,16,鵬程里,13
延壽街,18,,1,鵬程里,12
延壽街,18,,2,鵬程里,13
延壽街,18,,2之2,鵬程里,13
延壽街,18,,2之1,鵬程里,13
延壽街,18,,3,鵬程里,12
延壽街,18,,5,鵬程里,12
延壽街,18,,6,鵬程里,13
延壽街,18,,7,鵬程里,12
延壽街,18,,8,鵬程里,13
延壽街,18,,9,鵬程里,12
延壽街,18,,10,鵬程里,13
延壽街,18,,11,鵬程里,12
延壽街,18,,17,鵬程里,12
延壽街,18,,19,鵬程里,12
延壽街,18,,21,鵬程里,12
延壽街,,,26,鵬程里,12
延壽街,,,26之2,鵬程里,12
延壽街,,,26之1,鵬程里,12
延壽街,,,28,鵬程里,12
延壽街,,,30,鵬程里,12
延壽街,,,32,鵬程里,12
延壽街,,,34,鵬程里,12
延壽街,,,36,鵬程里,12
延壽街,40,,1,鵬程里,12
延壽街,40,,2,鵬程里,14
延壽街,40,,3,鵬程里,12
延壽街,40,,4,鵬程里,14
延壽街,,,42,鵬程里,14
延壽街,,,44,鵬程里,14
延壽街,,,46,鵬程里,14
延壽街,,,48,鵬程里,14
延壽街,,,66之1,鵬程里,1
延壽街,,,66,鵬程里,1
健康路,,,309,鵬程里,20
健康路,,,313,鵬程里,20
健康路,,,317,鵬程里,19
健康路,,,323,鵬程里,19
健康路,325,,2,鵬程里,6
健康路,325,,4,鵬程里,6
健康路,325,5,1,鵬程里,11
健康路,325,5,3,鵬程里,11
健康路,325,5,5,鵬程里,11
健康路,325,5,7,鵬程里,11
健康路,325,5,9,鵬程里,11
健康路,325,5,11,鵬程里,11
健康路,325,6,1,鵬程里,7
健康路,325,6,2,鵬程里,6
健康路,325,6,3,鵬程里,7
健康路,325,6,4,鵬程里,6
健康路,325,6,5,鵬程里,7
健康路,325,6,6,鵬程里,6
健康路,325,6,7,鵬程里,7
健康路,325,6,8,鵬程里,6
健康路,325,6,9,鵬程里,7
健康路,325,6,10,鵬程里,6
健康路,325,6,11,鵬程里,7
健康路,325,6,12,鵬程里,6
健康路,325,6,13,鵬程里,7
健康路,325,6,14,鵬程里,6
健康路,325,6,15,鵬程里,7
健康路,325,6,16,鵬程里,6
健康路,325,6,17,鵬程里,7
健康路,325,6,18,鵬程里,6
健康路,325,6,19,鵬程里,7
健康路,325,6,20,鵬程里,6
健康路,325,6,21,鵬程里,7
健康路,325,6,22,鵬程里,6
健康路,325,6,23,鵬程里,7
健康路,325,6,24,鵬程里,6
健康路,325,6,25,鵬程里,7
健康路,325,6,26,鵬程里,6
健康路,325,6,27之1,鵬程里,7
健康路,325,6,27,鵬程里,7
健康路,325,6,28,鵬程里,6
健康路,325,6,29,鵬程里,7
健康路,325,6,30,鵬程里,6
健康路,325,6,31,鵬程里,8
健康路,325,6,32,鵬程里,6
健康路,325,,7,鵬程里,11
健康路,325,,8,鵬程里,7
健康路,325,,10,鵬程里,8
健康路,325,12,1,鵬程里,9
健康路,325,12,2,鵬程里,8
健康路,325,12,3,鵬程里,9
健康路,325,12,4,鵬程里,8
健康路,325,12,5,鵬程里,9
健康路,325,12,6,鵬程里,8
健康路,325,12,7,鵬程里,9
健康路,325,12,8,鵬程里,8
健康路,325,12,9,鵬程里,9
健康路,325,12,10,鵬程里,8
健康路,325,12,11,鵬程里,9
健康路,325,12,12,鵬程里,8
健康路,325,12,13,鵬程里,9
健康路,325,12,14,鵬程里,8
健康路,325,12,15,鵬程里,9
健康路,325,12,16,鵬程里,8
健康路,325,12,17,鵬程里,9
健康路,325,12,18,鵬程里,8
健康路,325,12,19,鵬程里,9
健康路,325,12,20,鵬程里,8
健康路,325,12,21,鵬程里,9
健康路,325,12,22,鵬程里,8
健康路,325,12,24,鵬程里,8
健康路,325,12,26,鵬程里,8
健康路,325,12,28,鵬程里,8
健康路,325,,14,鵬程里,9
健康路,325,,16,鵬程里,9
健康路,325,18,1,鵬程里,10
健康路,325,18,2,鵬程里,9
健康路,325,18,3,鵬程里,10
健康路,325,18,4,鵬程里,9
健康路,325,18,5,鵬程里,10
健康路,325,18,6,鵬程里,9
健康路,325,18,7,鵬程里,10
健康路,325,18,8,鵬程里,9
健康路,325,18,9,鵬程里,10
健康路,325,18,10,鵬程里,9
健康路,325,18,11,鵬程里,10
健康路,325,18,12,鵬程里,9
健康路,325,18,13,鵬程里,10
健康路,325,18,14,鵬程里,9
健康路,325,18,15,鵬程里,10
健康路,325,18,16,鵬程里,9
健康路,325,18,17,鵬程里,10
健康路,325,18,18,鵬程里,9
健康路,325,18,19,鵬程里,10
健康路,325,18,20,鵬程里,9
健康路,325,18,21,鵬程里,10
健康路,325,18,22,鵬程里,9
健康路,325,18,23,鵬程里,10
健康路,325,18,25,鵬程里,10
健康路,325,18,27,鵬程里,10
健康路,325,18,29,鵬程里,10
健康路,325,18,31,鵬程里,10
健康路,325,18,33,鵬程里,10
健康路,325,18,35,鵬程里,10
健康路,325,18,37,鵬程里,10
健康路,325,18,39,鵬程里,10
健康路,325,19,1,鵬程里,11
健康路,325,19,2,鵬程里,11
健康路,325,19,4,鵬程里,11
健康路,325,19,6,鵬程里,11
健康路,325,19,8,鵬程里,11
健康路,325,19,10,鵬程里,11
健康路,325,19,12,鵬程里,11
健康路,325,19,14,鵬程里,11
健康路,325,19,16,鵬程里,11
健康路,325,19,18,鵬程里,11
健康路,325,19,20,鵬程里,11
健康路,325,19,22,鵬程里,11
健康路,325,19,24,鵬程里,11
健康路,325,19,26,鵬程里,11
健康路,325,19,28,鵬程里,11
健康路,325,19,30,鵬程里,11
健康路,325,19,32,鵬程里,11
健康路,325,19,34,鵬程里,11
健康路,325,19,36,鵬程里,11
健康路,325,19,38,鵬程里,11
健康路,325,19,40,鵬程里,11
健康路,325,19,42,鵬程里,11
健康路,325,19,44,鵬程里,11
健康路,325,,20,鵬程里,10
健康路,325,,21,鵬程里,11
健康路,325,,22,鵬程里,10
健康路,325,,23,鵬程里,11
健康路,325,24,1,鵬程里,14
健康路,325,24,2,鵬程里,12
健康路,325,24,3,鵬程里,14
健康路,325,24,4,鵬程里,12
健康路,325,24,5,鵬程里,14
健康路,325,24,6,鵬程里,12
健康路,325,24,7,鵬程里,14
健康路,325,24,8,鵬程里,12
健康路,325,24,9,鵬程里,12
健康路,325,24,11,鵬程里,12
健康路,325,24,13,鵬程里,12
健康路,325,24,15,鵬程里,12
健康路,325,25,2,鵬程里,15
健康路,325,25,6,鵬程里,15
健康路,325,25,8,鵬程里,15
健康路,325,25,10,鵬程里,15
健康路,325,25,12,鵬程里,15
健康路,325,25,16,鵬程里,15
健康路,325,25,18,鵬程里,15
健康路,325,25,20,鵬程里,15
健康路,325,25,22,鵬程里,15
健康路,325,25,26,鵬程里,15
健康路,325,,26,鵬程里,14
健康路,325,,28,鵬程里,14
健康路,325,,30,鵬程里,14
健康路,325,,32,鵬程里,14
健康路,325,,34,鵬程里,14
健康路,325,,36,鵬程里,14
健康路,,,327,鵬程里,5
健康路,,,329,鵬程里,5
健康路,,,333,鵬程里,5
健康路,,,335,鵬程里,5
健康路,,,339,鵬程里,5
健康路,,,341,鵬程里,5
健康路,,,345,鵬程里,5
健康路,,,347,鵬程里,5
健康路,,,399,鵬程里,2
健康路,,,401,鵬程里,2
健康路,,,403,鵬程里,2
健康路,,,405,鵬程里,2
健康路,,,407,鵬程里,2
健康路,,,409,鵬程里,2
健康路,,,411之1,鵬程里,2
健康路,,,411,鵬程里,2
健康路,,,413,鵬程里,2
塔悠路,,,86,鵬程里,2
塔悠路,88,,1之2,鵬程里,2
塔悠路,88,,2,鵬程里,2
塔悠路,88,,8,鵬程里,2
塔悠路,88,,10,鵬程里,2
塔悠路,88,,12,鵬程里,2
塔悠路,88,,16,鵬程里,2
塔悠路,88,,18,鵬程里,2
塔悠路,88,,20,鵬程里,2
塔悠路,88,,22,鵬程里,2
塔悠路,88,,24,鵬程里,2
塔悠路,88,,26,鵬程里,2
塔悠路,,,98,鵬程里,2
塔悠路,100,,1,鵬程里,2
塔悠路,100,,2,鵬程里,2
塔悠路,100,,3,鵬程里,2
塔悠路,100,,5,鵬程里,2
塔悠路,100,,6,鵬程里,2
塔悠路,100,,7,鵬程里,2
塔悠路,100,,8,鵬程里,2
塔悠路,100,,9,鵬程里,2
塔悠路,100,,10,鵬程里,2
塔悠路,100,,11,鵬程里,2
塔悠路,100,,12,鵬程里,2
塔悠路,100,,13,鵬程里,2
塔悠路,100,,15,鵬程里,2
塔悠路,100,,16,鵬程里,2
塔悠路,100,,17,鵬程里,2
塔悠路,100,,18,鵬程里,2
塔悠路,100,,19,鵬程里,2
塔悠路,100,,20,鵬程里,2
塔悠路,100,,21,鵬程里,2
塔悠路,100,,22,鵬程里,2
塔悠路,100,,24,鵬程里,2
塔悠路,100,,26,鵬程里,2
塔悠路,100,,30,鵬程里,2
塔悠路,100,,32,鵬程里,2
塔悠路,,,102,鵬程里,2
塔悠路,,,108,鵬程里,2
塔悠路,110,,1,鵬程里,2
塔悠路,110,,2,鵬程里,2
塔悠路,110,,3,鵬程里,2
塔悠路,110,,5,鵬程里,2
塔悠路,110,,6,鵬程里,2
塔悠路,110,,7,鵬程里,2
塔悠路,110,,8,鵬程里,2
塔悠路,110,,9,鵬程里,2
塔悠路,110,,10,鵬程里,2
塔悠路,110,,11,鵬程里,2
塔悠路,110,,12,鵬程里,2
塔悠路,110,,13,鵬程里,2
塔悠路,110,,14,鵬程里,2
塔悠路,110,,15,鵬程里,2
塔悠路,110,,16,鵬程里,2
塔悠路,110,,17,鵬程里,2
塔悠路,110,,18,鵬程里,2
塔悠路,110,,19,鵬程里,2
塔悠路,110,,20,鵬程里,2
塔悠路,110,,22,鵬程里,2
塔悠路,110,,24,鵬程里,2
塔悠路,110,,26,鵬程里,2
塔悠路,,,112,鵬程里,2
塔悠路,,,118,鵬程里,3
塔悠路,120,,1,鵬程里,3
塔悠路,120,,2,鵬程里,3
塔悠路,120,,3,鵬程里,3
塔悠路,120,,5,鵬程里,3
塔悠路,120,,6,鵬程里,3
塔悠路,120,,7,鵬程里,3
塔悠路,120,,8,鵬程里,3
塔悠路,120,,9,鵬程里,3
塔悠路,120,,10,鵬程里,3
塔悠路,120,,11,鵬程里,3
塔悠路,120,,12,鵬程里,3
塔悠路,120,,13,鵬程里,3
塔悠路,120,,14,鵬程里,3
塔悠路,120,,15,鵬程里,3
塔悠路,120,,16,鵬程里,3
塔悠路,120,,17,鵬程里,3
塔悠路,120,,18,鵬程里,3
塔悠路,120,,19,鵬程里,3
塔悠路,120,,20,鵬程里,3
塔悠路,120,,21,鵬程里,3
塔悠路,120,,22,鵬程里,3
塔悠路,120,,23,鵬程里,3
塔悠路,120,,24,鵬程里,3
塔悠路,120,,28,鵬程里,3
塔悠路,120,,34,鵬程里,4
塔悠路,120,,36,鵬程里,4
塔悠路,,,134,鵬程里,3
塔悠路,136,,2,鵬程里,3
塔悠路,136,,3,鵬程里,3
塔悠路,136,,5,鵬程里,3
塔悠路,136,,7,鵬程里,3
塔悠路,136,,9,鵬程里,3
塔悠路,136,,11,鵬程里,3
塔悠路,136,,12之1,鵬程里,3
塔悠路,136,,13,鵬程里,3
塔悠路,136,,15,鵬程里,3
塔悠路,136,,16,鵬程里,3
塔悠路,136,,17,鵬程里,3
塔悠路,136,,18,鵬程里,3
塔悠路,136,,19,鵬程里,3
塔悠路,136,,20,鵬程里,3
塔悠路,136,,21,鵬程里,3
塔悠路,136,,22,鵬程里,3
塔悠路,136,,23,鵬程里,3
塔悠路,136,,24,鵬程里,3
塔悠路,136,,26,鵬程里,3
塔悠路,136,,28,鵬程里,3
塔悠路,136,,30,鵬程里,3
塔悠路,136,,32,鵬程里,3
塔悠路,,,138,鵬程里,4
塔悠路,,,140,鵬程里,4
塔悠路,,,146,鵬程里,4
塔悠路,160,2,1,鵬程里,4
塔悠路,160,2,2,鵬程里,4
塔悠路,160,2,3,鵬程里,4
塔悠路,160,2,5,鵬程里,4
塔悠路,160,2,6,鵬程里,4
塔悠路,160,2,7,鵬程里,4
塔悠路,160,,6,鵬程里,4
塔悠路,160,,7,鵬程里,4
塔悠路,160,,8,鵬程里,4
塔悠路,160,,10,鵬程里,4
塔悠路,160,,12,鵬程里,4
塔悠路,160,,16,鵬程里,4
塔悠路,160,,18,鵬程里,4
塔悠路,,,164,鵬程里,4
塔悠路,,,170,鵬程里,4
塔悠路,,,172,鵬程里,4
塔悠路,174,,1,鵬程里,4
塔悠路,174,,2,鵬程里,4
塔悠路,174,,5,鵬程里,4
塔悠路,174,,7,鵬程里,4
塔悠路,174,,11,鵬程里,4
塔悠路,174,,13,鵬程里,4
塔悠路,174,,15,鵬程里,4
塔悠路,174,,17,鵬程里,4
塔悠路,174,,24,鵬程里,4
塔悠路,174,,27,鵬程里,4
塔悠路,174,,29,鵬程里,4
塔悠路,174,,31,鵬程里,4
塔悠路,174,,33,鵬程里,4
塔悠路,174,,35,鵬程里,4
塔悠路,174,,39,鵬程里,4
塔悠路,174,,41,鵬程里,4
塔悠路,174,,43,鵬程里,4
塔悠路,,,176,鵬程里,4
塔悠路,,,178,鵬程里,4
塔悠路,,,180,鵬程里,4
塔悠路,,,182,鵬程里,4
塔悠路,,,184,鵬程里,4
塔悠路,,,186,鵬程里,4
塔悠路,188,,2,鵬程里,13
塔悠路,188,,4,鵬程里,13
塔悠路,188,,6,鵬程里,13
塔悠路,188,,8,鵬程里,13
塔悠路,,,190,鵬程里,13
塔悠路,,,192,鵬程里,13
塔悠路,,,194,鵬程里,13
塔悠路,,,196,鵬程里,13
塔悠路,,,198,鵬程里,13
塔悠路,,,200,鵬程里,13
塔悠路,,,202,鵬程里,13
